timestamp,GHI,temperature,cloud_cover,generation_fraction
2022-01-01 01:00:00+00:00,17.4,19.19,0.5212,0.0132774615
2022-01-01 02:00:00+00:00,140.25,20.18,0.5526,0.10670851125000001
2022-01-01 03:00:00+00:00,289.67,21.81,0.5785,0.21933160642500002
2022-01-01 04:00:00+00:00,439.0,23.84,0.6015999999999999,0.33039578999999997
2022-01-01 05:00:00+00:00,508.8,25.67,0.7140000000000001,0.38083298400000004
2022-01-01 06:00:00+00:00,533.8,27.16,0.8231999999999999,0.397755732
2022-01-01 07:00:00+00:00,475.8,28.11,0.929,0.35352058950000004
2022-01-01 08:00:00+00:00,360.4,28.55,0.8908,0.267421305
2022-01-01 09:00:00+00:00,294.17,28.31,0.934,0.21843666892500002
2022-01-01 10:00:00+00:00,180.02,27.66,0.9239,0.1339375803
2022-01-01 11:00:00+00:00,72.03,26.19,0.9209,0.053829639675000006
2022-01-02 01:00:00+00:00,20.15,18.05,0.3292,0.015427595624999998
2022-01-02 02:00:00+00:00,171.62,20.37,0.38270000000000004,0.13050285135
2022-01-02 03:00:00+00:00,356.2,22.5,0.4307,0.269153625
2022-01-02 04:00:00+00:00,526.62,24.54,0.4678,0.3955100517
2022-01-02 05:00:00+00:00,644.38,26.35,0.6396000000000001,0.48132769574999995
2022-01-02 06:00:00+00:00,788.12,27.74,0.22870000000000001,0.5862312402
2022-01-02 07:00:00+00:00,728.8,28.59,0.5856,0.540713118
2022-01-02 08:00:00+00:00,693.95,28.91,0.2125,0.514357474875
2022-01-02 09:00:00+00:00,545.12,28.71,0.09380000000000001,0.40428961080000003
2022-01-02 10:00:00+00:00,339.75,27.89,0.0731,0.252603275625
2022-01-02 11:00:00+00:00,134.35,26.26,0.024900000000000002,0.10038161775
2022-01-02 12:00:00+00:00,8.88,23.58,0.0304,0.0066883716000000005
2022-01-03 01:00:00+00:00,18.02,17.31,0.5291,0.01382679105
2022-01-03 02:00:00+00:00,149.48,19.5,0.39799999999999996,0.11395981499999999
2022-01-03 03:00:00+00:00,356.7,22.2,0.2908,0.26977220999999996
2022-01-03 04:00:00+00:00,550.95,24.61,0.1827,0.41369595862499997
2022-01-03 05:00:00+00:00,688.17,26.51,0.1445,0.5137894424249999
2022-01-03 06:00:00+00:00,807.47,27.89,0.037200000000000004,0.6003519263250001
2022-01-03 07:00:00+00:00,798.95,28.81,0.009300000000000001,0.592363501125
2022-01-03 08:00:00+00:00,694.42,29.23,0.07780000000000001,0.5142058576499999
2022-01-03 09:00:00+00:00,555.7,29.14,0.04190000000000001,0.41159865450000005
2022-01-03 10:00:00+00:00,354.73,28.49,0.0384,0.26326198267500006
2022-01-03 11:00:00+00:00,149.43,26.79,0.0349,0.11147067067500001
2022-01-03 12:00:00+00:00,9.48,23.54,0.031400000000000004,0.0071411418
2022-01-04 01:00:00+00:00,17.48,17.6,0.0974,0.013401042
2022-01-04 02:00:00+00:00,156.6,19.62,0.0859,0.119345643
2022-01-04 03:00:00+00:00,349.0,22.01,0.1364,0.26409789749999996
2022-01-04 04:00:00+00:00,537.6,24.36,0.1458,0.40397414400000003
2022-01-04 05:00:00+00:00,685.92,26.17,0.005,0.5126343156000001
2022-01-04 06:00:00+00:00,800.9,27.44,0.004699999999999999,0.596278059
2022-01-04 07:00:00+00:00,786.9,28.25,0.0279,0.5844207937499999
2022-01-04 08:00:00+00:00,691.4,28.64,0.1074,0.512887434
2022-01-04 09:00:00+00:00,541.78,28.46,0.0421,0.40211724269999993
2022-01-04 10:00:00+00:00,338.55,27.63,0.037599999999999995,0.251909130375
2022-01-04 11:00:00+00:00,131.23,25.76,0.067,0.09819809669999999
2022-01-04 12:00:00+00:00,9.07,22.04,0.1003,0.006862906199999999
2022-01-05 01:00:00+00:00,17.4,15.19,0.015,0.0134340615
2022-01-05 02:00:00+00:00,163.5,17.5,0.020099999999999996,0.1253840625
2022-01-05 03:00:00+00:00,351.9,20.85,0.0253,0.26721086624999996
2022-01-05 04:00:00+00:00,535.72,23.35,0.0304,0.4037788605
2022-01-05 05:00:00+00:00,685.72,25.51,0.004699999999999999,0.5135031363
2022-01-05 06:00:00+00:00,800.7,26.94,0.004699999999999999,0.5970299445
2022-01-05 07:00:00+00:00,793.22,27.86,0.0144,0.5898106293
2022-01-05 08:00:00+00:00,709.97,28.32,0.0175,0.5271740240999999
2022-01-05 09:00:00+00:00,551.25,28.36,0.20329999999999998,0.40927005
2022-01-05 10:00:00+00:00,352.2,27.81,0.16390000000000002,0.2619232155
2022-01-05 11:00:00+00:00,145.15,26.16,0.10890000000000001,0.1084836585
2022-01-05 12:00:00+00:00,10.15,22.02,0.1315,0.007680555750000001
2022-01-06 01:00:00+00:00,17.92,16.2,0.0337,0.013794816
2022-01-06 02:00:00+00:00,179.27,18.63,0.0256,0.137021887275
2022-01-06 03:00:00+00:00,371.8,21.63,0.0174,0.28166917350000004
2022-01-06 04:00:00+00:00,561.17,24.25,0.009300000000000001,0.421824474375
2022-01-06 05:00:00+00:00,669.65,26.5,0.1471,0.49997743125000005
2022-01-06 06:00:00+00:00,814.4,28.1,0.1094,0.60511956
2022-01-06 07:00:00+00:00,806.75,29.07,0.0898,0.5976746868749999
2022-01-06 08:00:00+00:00,730.1,29.53,0.0137,0.5401334557499999
2022-01-06 09:00:00+00:00,579.7,29.47,0.0327,0.42894466725
2022-01-06 10:00:00+00:00,376.33,28.92,0.025699999999999997,0.2789282694
2022-01-06 11:00:00+00:00,161.07,27.05,0.0187,0.12005956462499999
2022-01-06 12:00:00+00:00,11.5,23.05,0.011699999999999999,0.00867545625
2022-01-07 01:00:00+00:00,15.57,17.71,0.23600000000000002,0.011932886925
2022-01-07 02:00:00+00:00,154.93,19.87,0.1736,0.11798577952500001
2022-01-07 03:00:00+00:00,347.25,22.34,0.18739999999999998,0.26251579125
2022-01-07 04:00:00+00:00,532.17,24.74,0.18100000000000002,0.39943881945
2022-01-07 05:00:00+00:00,647.78,26.77,0.3129,0.48325521615
2022-01-07 06:00:00+00:00,698.2,28.18,0.3531,0.5186543790000001
2022-01-07 07:00:00+00:00,688.2,29.15,0.5458,0.5097239325
2022-01-07 08:00:00+00:00,637.78,29.68,0.2256,0.47161917659999997
2022-01-07 09:00:00+00:00,492.85,29.95,0.2854,0.364148383125
2022-01-07 10:00:00+00:00,299.15,29.46,0.2749,0.22136052974999998
2022-01-07 11:00:00+00:00,117.78,27.84,0.2688,0.0875823858
2022-01-07 12:00:00+00:00,9.18,24.53,0.2741,0.006894707849999998
2022-01-08 01:00:00+00:00,13.35,18.81,0.3456,0.010198432124999999
2022-01-08 02:00:00+00:00,132.82,20.7,0.2273,0.10090003349999999
2022-01-08 03:00:00+00:00,324.12,23.07,0.141,0.24449749110000002
2022-01-08 04:00:00+00:00,495.98,25.32,0.0575,0.37162789440000005
2022-01-08 05:00:00+00:00,619.67,27.4,0.2,0.46140628199999995
2022-01-08 06:00:00+00:00,642.0,28.73,0.5415,0.476112015
2022-01-08 07:00:00+00:00,599.62,29.52,0.7957,0.44361686460000005
2022-01-08 08:00:00+00:00,546.35,29.94,0.614,0.40368981975
2022-01-08 09:00:00+00:00,432.35,29.66,0.6305,0.31972931025
2022-01-08 10:00:00+00:00,287.0,29.44,0.49939999999999996,0.21238287
2022-01-08 11:00:00+00:00,133.2,28.15,0.37020000000000003,0.09895594499999999
2022-01-08 12:00:00+00:00,11.77,24.93,0.2064,0.008829353774999998
2022-01-09 01:00:00+00:00,17.2,18.17,0.21719999999999998,0.013164320999999998
2022-01-09 02:00:00+00:00,155.98,20.33,0.31370000000000003,0.11862395984999999
2022-01-09 03:00:00+00:00,318.67,23.33,0.42310000000000003,0.240199902525
2022-01-09 04:00:00+00:00,497.85,25.88,0.5069,0.372401757
2022-01-09 05:00:00+00:00,602.22,27.69,0.5212,0.44802006344999995
2022-01-09 06:00:00+00:00,647.15,28.89,0.7483,0.47969831962500004
2022-01-09 07:00:00+00:00,676.4,29.68,0.747,0.5001775079999999
2022-01-09 08:00:00+00:00,596.2,30.17,0.39990000000000003,0.4402147035
2022-01-09 09:00:00+00:00,472.3,30.2,0.37,0.34869909000000004
2022-01-09 10:00:00+00:00,300.12,29.53,0.2933,0.2220310269
2022-01-09 11:00:00+00:00,135.25,28.18,0.1802,0.10046978625000001
2022-01-09 12:00:00+00:00,11.5,25.36,0.1252,0.008615685000000001
2022-01-10 01:00:00+00:00,15.62,18.44,0.087,0.0119455512
2022-01-10 02:00:00+00:00,154.57,20.48,0.10529999999999999,0.1174994769
2022-01-10 03:00:00+00:00,356.0,23.92,0.142,0.26786508
2022-01-10 04:00:00+00:00,549.3,26.79,0.1643,0.40976269424999995
2022-01-10 05:00:00+00:00,697.03,28.26,0.24960000000000002,0.51765978495
2022-01-10 06:00:00+00:00,750.1,29.47,0.2871,0.55503086925
2022-01-10 07:00:00+00:00,741.62,30.28,0.3215,0.5474045544
2022-01-10 08:00:00+00:00,591.45,30.75,0.3569,0.43593561562500005
2022-01-10 09:00:00+00:00,487.65,30.81,0.3357,0.35936269537500004
2022-01-10 10:00:00+00:00,296.12,30.21,0.317,0.2186187333
2022-01-10 11:00:00+00:00,128.88,29.0,0.2645,0.09550008
2022-01-10 12:00:00+00:00,11.12,26.0,0.2827,0.00831498
2022-01-11 01:00:00+00:00,16.3,17.55,0.06559999999999999,0.012498228750000003
2022-01-11 02:00:00+00:00,161.25,19.7,0.048499999999999995,0.12286040625000001
2022-01-11 03:00:00+00:00,353.62,23.14,0.13369999999999999,0.26669489969999993
2022-01-11 04:00:00+00:00,535.67,26.46,0.147,0.3999928240499999
2022-01-11 05:00:00+00:00,665.45,28.74,0.22870000000000001,0.4934877382500001
2022-01-11 06:00:00+00:00,799.42,30.35,0.16670000000000001,0.5899419817499999
2022-01-11 07:00:00+00:00,769.92,31.46,0.2581,0.5662492128
2022-01-11 08:00:00+00:00,690.83,32.04,0.2786,0.5071797528
2022-01-11 09:00:00+00:00,545.05,32.15,0.29309999999999997,0.40001900812499996
2022-01-11 10:00:00+00:00,342.55,31.58,0.2446,0.25184104725
2022-01-11 11:00:00+00:00,148.93,30.1,0.153,0.10998852825000001
2022-01-11 12:00:00+00:00,13.23,27.35,0.1075,0.009852546375
2022-01-12 01:00:00+00:00,18.38,18.41,0.1381,0.014057529450000002
2022-01-12 02:00:00+00:00,181.95,20.67,0.0944,0.138235147875
2022-01-12 03:00:00+00:00,389.4,23.38,0.1283,0.293469363
2022-01-12 04:00:00+00:00,573.28,25.6,0.1456,0.429186072
2022-01-12 05:00:00+00:00,717.38,27.52,0.1605,0.5339674554
2022-01-12 06:00:00+00:00,802.03,28.91,0.1469,0.5944666410749999
2022-01-12 07:00:00+00:00,773.65,29.85,0.2206,0.571795044375
2022-01-12 08:00:00+00:00,667.62,30.31,0.1478,0.49273861005
2022-01-12 09:00:00+00:00,517.35,30.42,0.24420000000000003,0.38170341674999997
2022-01-12 10:00:00+00:00,348.2,29.95,0.2155,0.25727192249999997
2022-01-12 11:00:00+00:00,160.77,28.85,0.1547,0.11918482987500002
2022-01-12 12:00:00+00:00,14.07,27.43,0.1284,0.010475572275000001
2022-01-13 01:00:00+00:00,16.58,19.0,0.1631,0.012658829999999998
2022-01-13 02:00:00+00:00,161.75,20.59,0.2161,0.12291746437500001
2022-01-13 03:00:00+00:00,330.58,23.05,0.2763,0.24938541974999998
2022-01-13 04:00:00+00:00,514.15,25.58,0.3467,0.38494153425000005
2022-01-13 05:00:00+00:00,693.95,27.7,0.133,0.5162467537500001
2022-01-13 06:00:00+00:00,841.1,29.26,0.0919,0.6227630565000001
2022-01-13 07:00:00+00:00,833.83,30.26,0.10949999999999999,0.6155041219500001
2022-01-13 08:00:00+00:00,744.75,30.86,0.2091,0.54874297125
2022-01-13 09:00:00+00:00,600.8,31.11,0.08349999999999999,0.442340502
2022-01-13 10:00:00+00:00,402.4,30.83,0.0697,0.296521518
2022-01-13 11:00:00+00:00,181.68,29.38,0.016200000000000003,0.1344695436
2022-01-13 12:00:00+00:00,16.15,27.05,0.0467,0.012038008124999998
2022-01-14 01:00:00+00:00,21.75,16.95,0.1106,0.016706446875
2022-01-14 02:00:00+00:00,210.15,19.3,0.0662,0.16030767374999996
2022-01-14 03:00:00+00:00,431.65,22.99,0.06570000000000001,0.325689637125
2022-01-14 04:00:00+00:00,633.45,25.6,0.0681,0.4742323425
2022-01-14 05:00:00+00:00,773.7,27.56,0.0858,0.5758184880000001
2022-01-14 06:00:00+00:00,830.33,29.14,0.0966,0.61501297605
2022-01-14 07:00:00+00:00,807.78,30.3,0.2609,0.5962022234999999
2022-01-14 08:00:00+00:00,695.7,31.04,0.4447,0.5123204370000001
2022-01-14 09:00:00+00:00,585.12,31.3,0.24789999999999998,0.43054592399999997
2022-01-14 10:00:00+00:00,402.1,30.99,0.1991,0.29615569725
2022-01-14 11:00:00+00:00,192.65,29.36,0.1401,0.14259760350000003
2022-01-14 12:00:00+00:00,19.02,25.9,0.066,0.014226484499999999
2022-01-15 01:00:00+00:00,20.1,17.51,0.0809,0.01541373525
2022-01-15 02:00:00+00:00,201.88,19.53,0.051699999999999996,0.15389463809999998
2022-01-15 03:00:00+00:00,414.27,23.3,0.0904,0.31228708275
2022-01-15 04:00:00+00:00,596.9,26.06,0.1027,0.4462513935
2022-01-15 05:00:00+00:00,729.72,27.73,0.10210000000000001,0.5428076949
2022-01-15 06:00:00+00:00,791.88,29.05,0.32299999999999995,0.5866939935000001
2022-01-15 07:00:00+00:00,726.92,29.89,0.6058,0.5371920627000001
2022-01-15 08:00:00+00:00,649.12,30.49,0.5799,0.47882174520000004
2022-01-15 09:00:00+00:00,531.0,30.49,0.40590000000000004,0.3916908225
2022-01-15 10:00:00+00:00,343.88,30.02,0.3766,0.25402587540000005
2022-01-15 11:00:00+00:00,166.2,28.93,0.3336,0.1231803765
2022-01-15 12:00:00+00:00,16.65,26.37,0.289,0.012436176374999998
2022-01-16 01:00:00+00:00,16.77,19.76,0.3347,0.0127752183
2022-01-16 02:00:00+00:00,155.25,21.71,0.41159999999999997,0.117586738125
2022-01-16 03:00:00+00:00,321.88,24.04,0.4965,0.2421052608
2022-01-16 04:00:00+00:00,498.7,26.21,0.5542,0.37266728925
2022-01-16 05:00:00+00:00,663.35,27.97,0.3519,0.49307966362500005
2022-01-16 06:00:00+00:00,668.88,29.26,0.7012,0.4952487852
2022-01-16 07:00:00+00:00,733.1,29.91,0.8353,0.54172607775
2022-01-16 08:00:00+00:00,627.08,30.02,0.5478000000000001,0.4632271314000001
2022-01-16 09:00:00+00:00,525.05,29.88,0.3703,0.388022451
2022-01-16 10:00:00+00:00,322.33,28.92,0.3599,0.2389045494
2022-01-16 11:00:00+00:00,153.75,27.5,0.32409999999999994,0.11444765625
2022-01-16 12:00:00+00:00,15.73,25.3,0.3235,0.01178688225
2022-01-17 01:00:00+00:00,14.8,19.96,0.0911,0.011267832
2022-01-17 02:00:00+00:00,140.93,21.76,0.1072,0.1067248797
2022-01-17 03:00:00+00:00,317.73,23.87,0.2021,0.239105328525
2022-01-17 04:00:00+00:00,526.83,25.84,0.2581,0.39412679130000006
2022-01-17 05:00:00+00:00,641.55,27.47,0.3617,0.47759708587499994
2022-01-17 06:00:00+00:00,794.42,28.51,0.2751,0.58954106805
2022-01-17 07:00:00+00:00,781.42,29.21,0.31370000000000003,0.5786629990500001
2022-01-17 08:00:00+00:00,649.05,29.32,0.3957,0.48047873399999996
2022-01-17 09:00:00+00:00,538.62,28.98,0.2655,0.39914165790000006
2022-01-17 10:00:00+00:00,349.3,28.2,0.21420000000000003,0.25946004
2022-01-17 11:00:00+00:00,162.12,26.79,0.11689999999999999,0.1209370617
2022-01-17 12:00:00+00:00,16.67,24.33,0.073,0.012527630025
2022-01-18 01:00:00+00:00,16.6,18.56,0.22469999999999998,0.012690534
2022-01-18 02:00:00+00:00,171.07,20.51,0.15689999999999998,0.130030734675
2022-01-18 03:00:00+00:00,380.1,22.87,0.16140000000000002,0.28689662925
2022-01-18 04:00:00+00:00,581.25,25.13,0.1291,0.435767484375
2022-01-18 05:00:00+00:00,728.35,26.79,0.1895,0.5433290703750001
2022-01-18 06:00:00+00:00,778.08,27.97,0.06849999999999999,0.5783604804
2022-01-18 07:00:00+00:00,693.08,28.64,0.4858,0.5141336747999999
2022-01-18 08:00:00+00:00,659.45,29.02,0.2384,0.4886227747500001
2022-01-18 09:00:00+00:00,485.55,28.85,0.2622,0.3599564231250001
2022-01-18 10:00:00+00:00,281.1,28.26,0.2054,0.2087631315
2022-01-18 11:00:00+00:00,120.72,26.98,0.18350000000000002,0.09000219239999999
2022-01-18 12:00:00+00:00,13.2,24.17,0.1534,0.009924651
2022-01-19 01:00:00+00:00,16.17,17.48,0.037200000000000004,0.012401096399999999
2022-01-19 02:00:00+00:00,175.85,19.7,0.037200000000000004,0.13398451125
2022-01-19 03:00:00+00:00,373.73,23.28,0.037200000000000004,0.2817438351
2022-01-19 04:00:00+00:00,569.78,25.83,0.037200000000000004,0.42627093585
2022-01-19 05:00:00+00:00,720.0,27.6,0.0868,0.535788
2022-01-19 06:00:00+00:00,819.33,28.76,0.1353,0.6075659682000001
2022-01-19 07:00:00+00:00,760.72,29.5,0.2565,0.56283771
2022-01-19 08:00:00+00:00,636.58,29.88,0.39189999999999997,0.47044535160000006
2022-01-19 09:00:00+00:00,590.62,29.92,0.1654,0.43642683660000003
2022-01-19 10:00:00+00:00,396.65,29.3,0.1286,0.29364991125
2022-01-19 11:00:00+00:00,181.5,27.66,0.0834,0.13503872249999999
2022-01-19 12:00:00+00:00,18.75,23.67,0.054299999999999994,0.014118609374999997
2022-01-20 01:00:00+00:00,17.85,16.29,0.0074,0.013737315375
2022-01-20 02:00:00+00:00,188.52,19.61,0.005600000000000001,0.14367627630000002
2022-01-20 03:00:00+00:00,408.92,23.74,0.0037,0.30784928819999996
2022-01-20 04:00:00+00:00,611.7,27.14,0.0019,0.45582966450000006
2022-01-20 05:00:00+00:00,761.35,28.82,0.0,0.5644686967499999
2022-01-20 06:00:00+00:00,872.05,30.0,0.0,0.6442269375
2022-01-20 07:00:00+00:00,873.4,30.82,0.0,0.6436128269999999
2022-01-20 08:00:00+00:00,799.7,31.2,0.0,0.5886191850000001
2022-01-20 09:00:00+00:00,651.83,31.17,0.0019,0.47982347002500003
2022-01-20 10:00:00+00:00,449.23,30.65,0.0037,0.331211663625
2022-01-20 11:00:00+00:00,215.85,28.98,0.005600000000000001,0.15995456325
2022-01-20 12:00:00+00:00,23.27,25.16,0.0074,0.0174441228
2022-01-21 01:00:00+00:00,19.52,16.42,0.031400000000000004,0.015016833600000001
2022-01-21 02:00:00+00:00,201.3,18.89,0.0209,0.15374237175
2022-01-21 03:00:00+00:00,430.65,22.96,0.0105,0.32496418349999995
2022-01-21 04:00:00+00:00,635.1,27.33,0.0,0.47299548825000004
2022-01-21 05:00:00+00:00,782.15,30.1,0.0016,0.57763732875
2022-01-21 06:00:00+00:00,867.15,31.82,0.0031,0.63705608325
2022-01-21 07:00:00+00:00,869.58,32.89,0.004699999999999999,0.6367477810500001
2022-01-21 08:00:00+00:00,795.78,33.32,0.0,0.5819379984
2022-01-21 09:00:00+00:00,646.33,33.23,0.0298,0.47277908422500003
2022-01-21 10:00:00+00:00,443.02,32.52,0.0567,0.32476910159999994
2022-01-21 11:00:00+00:00,212.57,30.39,0.0782,0.156849557325
2022-01-21 12:00:00+00:00,23.52,27.2,0.1164,0.017523576
2022-01-22 01:00:00+00:00,20.45,16.08,0.009300000000000001,0.0157479315
2022-01-22 02:00:00+00:00,208.77,18.79,0.009300000000000001,0.159494538825
2022-01-22 03:00:00+00:00,440.27,22.84,0.009300000000000001,0.33234221220000004
2022-01-22 04:00:00+00:00,644.25,26.9,0.009300000000000001,0.48043333125
2022-01-22 05:00:00+00:00,793.72,29.5,0.0,0.587253585
2022-01-22 06:00:00+00:00,879.65,31.29,0.0,0.6472882533750001
2022-01-22 07:00:00+00:00,883.33,32.32,0.0,0.6479490549000001
2022-01-22 08:00:00+00:00,812.2,32.75,0.0,0.5949872625000001
2022-01-22 09:00:00+00:00,663.2,32.66,0.027000000000000003,0.48596974800000003
2022-01-22 10:00:00+00:00,460.25,32.08,0.0518,0.3378557175
2022-01-22 11:00:00+00:00,226.52,30.28,0.073,0.1671989424
2022-01-22 12:00:00+00:00,26.67,27.54,0.1052,0.019850080950000005
2022-01-23 01:00:00+00:00,20.15,17.53,0.2922,0.015451171124999998
2022-01-23 02:00:00+00:00,203.27,19.61,0.1999,0.15491765692499998
2022-01-23 03:00:00+00:00,430.9,22.07,0.17980000000000002,0.32601570825000004
2022-01-23 04:00:00+00:00,631.78,24.67,0.1674,0.47430409665
2022-01-23 05:00:00+00:00,795.6,27.03,0.08220000000000001,0.593066097
2022-01-23 06:00:00+00:00,883.12,28.97,0.0401,0.6544515306
2022-01-23 07:00:00+00:00,894.45,30.33,0.0012,0.6601108083750001
2022-01-23 08:00:00+00:00,820.22,31.04,0.0023,0.6040182102
2022-01-23 09:00:00+00:00,676.85,31.14,0.0034999999999999996,0.49828681725000007
2022-01-23 10:00:00+00:00,475.3,30.63,0.004699999999999999,0.35045413725
2022-01-23 11:00:00+00:00,238.57,28.81,0.0058,0.17688235867500002
2022-01-23 12:00:00+00:00,29.38,24.84,0.006999999999999999,0.0220455768
2022-01-24 01:00:00+00:00,20.52,16.87,0.17980000000000002,0.0157653621
2022-01-24 02:00:00+00:00,192.5,19.01,0.3151,0.14696941875
2022-01-24 03:00:00+00:00,404.12,21.6,0.4379,0.306181518
2022-01-24 04:00:00+00:00,599.47,23.94,0.5709000000000001,0.45103223594999997
2022-01-24 05:00:00+00:00,694.78,26.19,0.38549999999999995,0.5192247265500001
2022-01-24 06:00:00+00:00,868.03,28.04,0.23190000000000002,0.6450851747999999
2022-01-24 07:00:00+00:00,888.38,29.29,0.03,0.65770991205
2022-01-24 08:00:00+00:00,815.47,29.99,0.0064,0.602446810575
2022-01-24 09:00:00+00:00,668.45,30.19,0.006999999999999999,0.4935316751250001
2022-01-24 10:00:00+00:00,464.62,29.83,0.0075,0.34341574215
2022-01-24 11:00:00+00:00,228.52,28.58,0.008100000000000001,0.16954927139999998
2022-01-24 12:00:00+00:00,27.17,26.51,0.0087,0.020285189925000002
2022-01-25 01:00:00+00:00,20.08,15.02,0.0105,0.015510896399999998
2022-01-25 02:00:00+00:00,205.85,17.59,0.016399999999999998,0.157819534125
2022-01-25 03:00:00+00:00,441.17,21.49,0.0223,0.33436164007499997
2022-01-25 04:00:00+00:00,646.35,24.42,0.0282,0.48560598675
2022-01-25 05:00:00+00:00,796.55,26.5,0.0452,0.59472414375
2022-01-25 06:00:00+00:00,848.2,28.14,0.08130000000000001,0.630157467
2022-01-25 07:00:00+00:00,853.92,29.24,0.0321,0.6322936032
2022-01-25 08:00:00+00:00,777.45,29.77,0.034,0.5747435178750001
2022-01-25 09:00:00+00:00,628.15,29.84,0.061200000000000004,0.4642719465
2022-01-25 10:00:00+00:00,426.85,29.44,0.0361,0.3158732685
2022-01-25 11:00:00+00:00,205.57,28.37,0.0426,0.152618765475
2022-01-25 12:00:00+00:00,23.52,25.35,0.0236,0.017621478
2022-01-26 01:00:00+00:00,15.88,18.21,0.2016,0.0121526067
2022-01-26 02:00:00+00:00,147.25,20.07,0.3175,0.112070870625
2022-01-26 03:00:00+00:00,317.83,23.14,0.4451,0.23970261854999997
2022-01-26 04:00:00+00:00,480.9,25.65,0.5478999999999999,0.35997168374999994
2022-01-26 05:00:00+00:00,572.95,27.44,0.6706,0.42656700450000007
2022-01-26 06:00:00+00:00,606.65,28.29,0.8271,0.450496773375
2022-01-26 07:00:00+00:00,647.6,28.66,0.6559999999999999,0.48036701400000004
2022-01-26 08:00:00+00:00,584.12,28.72,0.5415,0.4332009156
2022-01-26 09:00:00+00:00,463.33,28.5,0.4921,0.34384877625
2022-01-26 10:00:00+00:00,304.62,27.83,0.4547,0.22652533215
2022-01-26 11:00:00+00:00,146.48,26.68,0.40090000000000003,0.1093063056
2022-01-26 12:00:00+00:00,18.42,24.55,0.3655,0.013833650250000001
2022-01-27 01:00:00+00:00,11.9,18.9,0.6716,0.0090883275
2022-01-27 02:00:00+00:00,100.57,20.42,0.7923,0.07646387385
2022-01-27 03:00:00+00:00,217.62,22.5,0.8883,0.1644391125
2022-01-27 04:00:00+00:00,351.98,24.72,0.981,0.2642067474
2022-01-27 05:00:00+00:00,489.25,26.67,0.9909,0.365099143125
2022-01-27 06:00:00+00:00,578.12,27.88,0.866,0.4298437824
2022-01-27 07:00:00+00:00,614.22,28.74,0.8972,0.4554963387
2022-01-27 08:00:00+00:00,597.62,29.18,0.6960999999999999,0.44259438390000005
2022-01-27 09:00:00+00:00,468.12,29.14,0.9395,0.3467294622
2022-01-27 10:00:00+00:00,290.62,28.52,0.7670999999999999,0.2156632896
2022-01-27 11:00:00+00:00,141.12,27.32,0.5814,0.10510335359999999
2022-01-27 12:00:00+00:00,20.0,24.48,0.3936,0.0150234
2022-01-28 01:00:00+00:00,16.35,17.65,0.5234000000000001,0.012532888124999997
2022-01-28 02:00:00+00:00,162.55,19.12,0.39770000000000005,0.12406303650000002
2022-01-28 03:00:00+00:00,364.25,21.7,0.3368,0.27589205625
2022-01-28 04:00:00+00:00,562.33,24.23,0.266,0.422721736725
2022-01-28 05:00:00+00:00,764.0,26.43,0.19440000000000002,0.5705418299999999
2022-01-28 06:00:00+00:00,837.97,28.03,0.0891,0.6227646395249999
2022-01-28 07:00:00+00:00,840.83,29.16,0.1253,0.6227523312000001
2022-01-28 08:00:00+00:00,737.88,29.72,0.1471,0.5455737144
2022-01-28 09:00:00+00:00,596.7,29.76,0.2257,0.44113434300000004
2022-01-28 10:00:00+00:00,404.58,29.07,0.1865,0.29973005865
2022-01-28 11:00:00+00:00,193.73,27.49,0.1177,0.144212127675
2022-01-28 12:00:00+00:00,24.23,23.28,0.106,0.018266270100000002
2022-01-29 01:00:00+00:00,18.3,16.13,0.011699999999999999,0.014090222250000001
2022-01-29 02:00:00+00:00,191.7,18.64,0.018799999999999997,0.14651822699999997
2022-01-29 03:00:00+00:00,417.62,21.79,0.0258,0.31623126045000005
2022-01-29 04:00:00+00:00,627.28,24.61,0.0329,0.47101043819999994
2022-01-29 05:00:00+00:00,782.92,26.93,0.0191,0.5837901699
2022-01-29 06:00:00+00:00,883.6,28.7,0.0315,0.6553440300000001
2022-01-29 07:00:00+00:00,884.95,29.88,0.043899999999999995,0.653995749
2022-01-29 08:00:00+00:00,801.9,30.52,0.061200000000000004,0.591465402
2022-01-29 09:00:00+00:00,640.5,30.55,0.1304,0.47237675625
2022-01-29 10:00:00+00:00,447.0,29.93,0.0788,0.3302916525
2022-01-29 11:00:00+00:00,217.82,28.53,0.0674,0.16163496465
2022-01-29 12:00:00+00:00,28.48,24.57,0.036699999999999997,0.0213875544
2022-01-30 01:00:00+00:00,17.9,17.27,0.18239999999999998,0.01373632575
2022-01-30 02:00:00+00:00,186.3,19.8,0.09910000000000001,0.14190471000000002
2022-01-30 03:00:00+00:00,410.67,23.92,0.1003,0.3090004281
2022-01-30 04:00:00+00:00,627.33,26.81,0.019299999999999998,0.467942698575
2022-01-30 05:00:00+00:00,774.42,28.96,0.0467,0.5739149177999999
2022-01-30 06:00:00+00:00,855.17,30.55,0.0774,0.6306985646249998
2022-01-30 07:00:00+00:00,851.85,31.57,0.13699999999999998,0.6262950273750001
2022-01-30 08:00:00+00:00,781.88,32.09,0.15960000000000002,0.5739370592999999
2022-01-30 09:00:00+00:00,641.03,32.09,0.14400000000000002,0.47054646892499996
2022-01-30 10:00:00+00:00,439.33,31.59,0.10490000000000001,0.322983334425
2022-01-30 11:00:00+00:00,220.93,30.37,0.030299999999999997,0.163028113275
2022-01-30 12:00:00+00:00,28.33,26.97,0.0565,0.021121927275
2022-01-31 01:00:00+00:00,19.15,18.51,0.2551,0.014642137874999997
2022-01-31 02:00:00+00:00,195.38,21.3,0.13390000000000002,0.1481615385
2022-01-31 03:00:00+00:00,428.17,25.24,0.0883,0.32089628820000005
2022-01-31 04:00:00+00:00,642.53,28.46,0.004699999999999999,0.47689540394999996
2022-01-31 05:00:00+00:00,793.92,30.76,0.0231,0.5851507968
2022-01-31 06:00:00+00:00,862.78,32.27,0.0676,0.6329720761500001
2022-01-31 07:00:00+00:00,871.28,33.23,0.062,0.6373260726
2022-01-31 08:00:00+00:00,799.85,33.65,0.0254,0.584320419375
2022-01-31 09:00:00+00:00,653.1,33.58,0.0144,0.47721690450000004
2022-01-31 10:00:00+00:00,450.75,32.94,0.0131,0.33000985125
2022-01-31 11:00:00+00:00,223.88,31.47,0.011899999999999999,0.1646508669
2022-01-31 12:00:00+00:00,28.9,27.21,0.0106,0.02153129475
2022-02-01 01:00:00+00:00,18.0,18.67,0.38170000000000004,0.013756365
2022-02-01 02:00:00+00:00,180.43,21.44,0.249,0.13676774430000002
2022-02-01 03:00:00+00:00,409.6,24.98,0.1374,0.307218432
2022-02-01 04:00:00+00:00,626.22,28.07,0.013999999999999999,0.46533938534999997
2022-02-01 05:00:00+00:00,780.15,30.55,0.0379,0.575370376875
2022-02-01 06:00:00+00:00,863.3,32.08,0.04,0.633722631
2022-02-01 07:00:00+00:00,867.95,33.1,0.0333,0.63514411125
2022-02-01 08:00:00+00:00,793.62,33.59,0.034300000000000004,0.5798763094500001
2022-02-01 09:00:00+00:00,647.38,33.49,0.0338,0.47316842354999994
2022-02-01 10:00:00+00:00,445.85,32.8,0.0335,0.3265628325
2022-02-01 11:00:00+00:00,223.62,31.17,0.0332,0.16461059535
2022-02-01 12:00:00+00:00,29.4,26.7,0.0329,0.021937545
2022-02-02 01:00:00+00:00,18.33,17.52,0.08839999999999999,0.0140559939
2022-02-02 02:00:00+00:00,182.12,20.64,0.0518,0.13837659719999998
2022-02-02 03:00:00+00:00,405.52,25.5,0.0447,0.30368379
2022-02-02 04:00:00+00:00,613.0,29.07,0.0223,0.45413645249999995
2022-02-02 05:00:00+00:00,769.4,31.45,0.0,0.5658840825
2022-02-02 06:00:00+00:00,882.15,33.08,0.0,0.6455750129999999
2022-02-02 07:00:00+00:00,884.95,34.13,0.0,0.645533414625
2022-02-02 08:00:00+00:00,809.92,34.67,0.0,0.5898181656
2022-02-02 09:00:00+00:00,657.88,34.62,0.0335,0.4791701874
2022-02-02 10:00:00+00:00,450.67,33.97,0.0667,0.328906852725
2022-02-02 11:00:00+00:00,220.5,32.22,0.0894,0.1617929775
2022-02-02 12:00:00+00:00,29.8,27.38,0.1297,0.022190421000000002
2022-02-03 01:00:00+00:00,18.73,17.16,0.0613,0.014377897200000002
2022-02-03 02:00:00+00:00,186.3,19.96,0.0478,0.141837642
2022-02-03 03:00:00+00:00,413.2,24.41,0.0345,0.31044852300000003
2022-02-03 04:00:00+00:00,622.45,28.06,0.0212,0.46255193175000003
2022-02-03 05:00:00+00:00,779.08,30.47,0.0078000000000000005,0.5747214729
2022-02-03 06:00:00+00:00,825.4,32.06,0.018799999999999997,0.605938521
2022-02-03 07:00:00+00:00,828.12,33.25,0.09720000000000001,0.6057180224999998
2022-02-03 08:00:00+00:00,741.83,33.88,0.2148,0.5415507366
2022-02-03 09:00:00+00:00,601.5,33.95,0.1724,0.43901229375
2022-02-03 10:00:00+00:00,415.12,33.45,0.078,0.303447531
2022-02-03 11:00:00+00:00,198.73,32.14,0.0347,0.14585490255
2022-02-03 12:00:00+00:00,28.35,29.03,0.0496,0.021005436375
2022-02-04 01:00:00+00:00,20.1,18.44,0.0412,0.015371675999999999
2022-02-04 02:00:00+00:00,198.95,20.78,0.031200000000000002,0.15110153024999998
2022-02-04 03:00:00+00:00,428.77,23.88,0.021099999999999997,0.3226580004
2022-02-04 04:00:00+00:00,643.17,27.25,0.0111,0.4791214518749999
2022-02-04 05:00:00+00:00,807.15,29.69,0.0011,0.5968450496249998
2022-02-04 06:00:00+00:00,927.08,31.51,0.0008,0.6817305956999999
2022-02-04 07:00:00+00:00,935.72,32.83,0.0004,0.6853049529
2022-02-04 08:00:00+00:00,864.95,33.61,0.0,0.6319562561250001
2022-02-04 09:00:00+00:00,720.0,33.76,0.0024,0.5258088000000001
2022-02-04 10:00:00+00:00,516.05,33.25,0.0048,0.377458321875
2022-02-04 11:00:00+00:00,272.23,31.72,0.0079,0.20005638240000004
2022-02-04 12:00:00+00:00,43.42,28.18,0.0109,0.032254329899999996
2022-02-05 01:00:00+00:00,23.35,16.33,0.0538,0.017968000125
2022-02-05 02:00:00+00:00,217.65,19.8,0.04190000000000001,0.165784005
2022-02-05 03:00:00+00:00,454.77,23.9,0.0279,0.34220305575000004
2022-02-05 04:00:00+00:00,665.4,27.8,0.013999999999999999,0.49485798000000003
2022-02-05 05:00:00+00:00,820.42,30.27,0.0,0.60558686985
2022-02-05 06:00:00+00:00,910.72,31.81,0.0009,0.6690854928000001
2022-02-05 07:00:00+00:00,913.42,32.86,0.0017000000000000001,0.6689111673
2022-02-05 08:00:00+00:00,842.12,33.48,0.0026,0.6155223504
2022-02-05 09:00:00+00:00,696.45,33.55,0.0151,0.508939543125
2022-02-05 10:00:00+00:00,491.0,33.12,0.0276,0.35927943
2022-02-05 11:00:00+00:00,249.9,31.97,0.0401,0.18350594325
2022-02-05 12:00:00+00:00,37.15,28.3,0.046799999999999994,0.02758666125
2022-02-06 01:00:00+00:00,17.85,20.4,0.42479999999999996,0.0135722475
2022-02-06 02:00:00+00:00,158.6,22.56,0.35229999999999995,0.119820714
2022-02-06 03:00:00+00:00,336.23,25.2,0.3231,0.2520211965
2022-02-06 04:00:00+00:00,508.73,27.77,0.2852,0.378376840275
2022-02-06 05:00:00+00:00,601.75,29.92,0.49579999999999996,0.4446511275
2022-02-06 06:00:00+00:00,717.85,31.38,0.5664,0.52808276325
2022-02-06 07:00:00+00:00,765.3,32.43,0.3503,0.56118109725
2022-02-06 08:00:00+00:00,649.22,33.01,0.5607,0.47521443255
2022-02-06 09:00:00+00:00,564.42,33.07,0.24960000000000002,0.41306654384999997
2022-02-06 10:00:00+00:00,396.73,32.49,0.3233,0.290861607675
2022-02-06 11:00:00+00:00,194.95,31.17,0.244,0.143506106625
2022-02-06 12:00:00+00:00,30.98,27.84,0.13720000000000002,0.0230370378
2022-02-07 01:00:00+00:00,17.73,18.63,0.1155,0.013551615224999999
2022-02-07 02:00:00+00:00,167.4,21.67,0.1278,0.1268042445
2022-02-07 03:00:00+00:00,380.9,24.98,0.1873,0.28569214049999997
2022-02-07 04:00:00+00:00,556.62,27.66,0.2086,0.4141336293
2022-02-07 05:00:00+00:00,671.4,29.87,0.3131,0.4961931344999999
2022-02-07 06:00:00+00:00,837.85,31.58,0.2751,0.61598313075
2022-02-07 07:00:00+00:00,847.08,32.77,0.25329999999999997,0.6205009239
2022-02-07 08:00:00+00:00,750.25,33.41,0.5417000000000001,0.548490894375
2022-02-07 09:00:00+00:00,658.3,33.48,0.1751,0.481164636
2022-02-07 10:00:00+00:00,463.85,32.91,0.1628,0.339632129625
2022-02-07 11:00:00+00:00,229.32,31.65,0.1273,0.1685587995
2022-02-07 12:00:00+00:00,34.7,28.14,0.071,0.0257798445
2022-02-08 01:00:00+00:00,20.83,18.37,0.6978,0.015933231524999997
2022-02-08 02:00:00+00:00,184.93,21.26,0.6916,0.14025368595
2022-02-08 03:00:00+00:00,401.95,25.11,0.6976,0.30136301737499993
2022-02-08 04:00:00+00:00,610.83,27.75,0.691,0.4543429893750001
2022-02-08 05:00:00+00:00,777.67,30.0,0.1818,0.5745037125
2022-02-08 06:00:00+00:00,844.75,31.63,0.0731,0.6209609418750001
2022-02-08 07:00:00+00:00,834.7,32.71,0.3531,0.61154504175
2022-02-08 08:00:00+00:00,784.72,33.22,0.0673,0.5740266035999999
2022-02-08 09:00:00+00:00,644.45,33.33,0.0096,0.4712588958750001
2022-02-08 10:00:00+00:00,447.7,32.86,0.0187,0.32785742549999997
2022-02-08 11:00:00+00:00,222.23,31.7,0.0388,0.16332238275
2022-02-08 12:00:00+00:00,32.83,28.48,0.051,0.0243654411
2022-02-09 01:00:00+00:00,19.85,18.09,0.8773000000000001,0.015196117875
2022-02-09 02:00:00+00:00,165.85,20.71,0.8267,0.125988367125
2022-02-09 03:00:00+00:00,356.9,24.38,0.7994,0.26817287549999996
2022-02-09 04:00:00+00:00,549.42,27.2,0.7615999999999999,0.4093453709999999
2022-02-09 05:00:00+00:00,689.22,29.51,0.8027,0.50992114005
2022-02-09 06:00:00+00:00,786.6,31.36,0.8084,0.5786937540000001
2022-02-09 07:00:00+00:00,808.0,32.52,0.7491,0.5923286400000001
2022-02-09 08:00:00+00:00,786.22,33.1,0.5035000000000001,0.5753361405
2022-02-09 09:00:00+00:00,635.5,32.96,0.3812,0.46524319499999994
2022-02-09 10:00:00+00:00,446.08,32.29,0.2581,0.3272431728
2022-02-09 11:00:00+00:00,221.98,30.96,0.20550000000000002,0.16350824819999998
2022-02-09 12:00:00+00:00,34.28,28.05,0.1463,0.025474753499999996
2022-02-10 01:00:00+00:00,20.75,17.47,0.0359,0.015914056875000002
2022-02-10 02:00:00+00:00,194.27,20.35,0.029900000000000003,0.147735049875
2022-02-10 03:00:00+00:00,413.27,23.81,0.0239,0.311059030425
2022-02-10 04:00:00+00:00,625.9,26.46,0.0179,0.46736891849999995
2022-02-10 05:00:00+00:00,786.33,28.84,0.011899999999999999,0.5829536088000001
2022-02-10 06:00:00+00:00,895.67,31.04,0.0059,0.6595803446999999
2022-02-10 07:00:00+00:00,904.53,32.47,0.0,0.663194612025
2022-02-10 08:00:00+00:00,830.53,33.06,0.0016,0.60783583845
2022-02-10 09:00:00+00:00,685.6,33.02,0.0031,0.501828348
2022-02-10 10:00:00+00:00,481.67,32.36,0.004699999999999999,0.3532760448
2022-02-10 11:00:00+00:00,243.23,31.0,0.10039999999999999,0.179138895
2022-02-10 12:00:00+00:00,38.08,27.05,0.1895,0.028384355999999996
2022-02-11 01:00:00+00:00,23.4,17.67,0.0967,0.017935924499999995
2022-02-11 02:00:00+00:00,207.98,20.74,0.0825,0.1579784883
2022-02-11 03:00:00+00:00,438.58,24.79,0.11720000000000001,0.32914222904999996
2022-02-11 04:00:00+00:00,658.67,27.87,0.1119,0.489749138475
2022-02-11 05:00:00+00:00,823.6,29.98,0.0733,0.6084715620000001
2022-02-11 06:00:00+00:00,934.5,31.59,0.0461,0.6870187012500001
2022-02-11 07:00:00+00:00,938.03,32.66,0.023700000000000002,0.68735555295
2022-02-11 08:00:00+00:00,861.97,33.18,0.0013,0.6306129421500001
2022-02-11 09:00:00+00:00,712.72,33.04,0.003,0.5216468952
2022-02-11 10:00:00+00:00,502.73,32.24,0.004699999999999999,0.3688580283
2022-02-11 11:00:00+00:00,256.98,30.7,0.004699999999999999,0.18943923150000005
2022-02-11 12:00:00+00:00,41.65,27.75,0.004699999999999999,0.030979790625000003
2022-02-12 01:00:00+00:00,24.02,17.49,0.0483,0.018420877949999998
2022-02-12 02:00:00+00:00,213.7,20.43,0.04190000000000001,0.16247237025000003
2022-02-12 03:00:00+00:00,450.6,24.46,0.0326,0.33849747899999993
2022-02-12 04:00:00+00:00,664.92,27.38,0.0233,0.49512935339999997
2022-02-12 05:00:00+00:00,825.5,29.52,0.0027,0.610729665
2022-02-12 06:00:00+00:00,927.25,31.21,0.0098,0.682481499375
2022-02-12 07:00:00+00:00,931.08,32.36,0.009300000000000001,0.6828913152
2022-02-12 08:00:00+00:00,852.83,32.98,0.0296,0.6243099373500001
2022-02-12 09:00:00+00:00,655.72,32.96,0.066,0.48004605480000007
2022-02-12 10:00:00+00:00,481.92,32.36,0.1024,0.3534594048
2022-02-12 11:00:00+00:00,239.62,31.06,0.0741,0.17644778130000002
2022-02-12 12:00:00+00:00,37.33,27.23,0.0583,0.027810196724999996
2022-02-13 01:00:00+00:00,22.15,17.9,0.136,0.01696634625
2022-02-13 02:00:00+00:00,194.6,20.92,0.0579,0.147736428
2022-02-13 03:00:00+00:00,419.35,25.07,0.009300000000000001,0.31444645237499996
2022-02-13 04:00:00+00:00,640.05,27.98,0.1026,0.47574596475
2022-02-13 05:00:00+00:00,798.6,29.79,0.1009,0.5903430885
2022-02-13 06:00:00+00:00,896.15,31.08,0.0103,0.6598531679999999
2022-02-13 07:00:00+00:00,902.47,32.01,0.015700000000000002,0.662618291925
2022-02-13 08:00:00+00:00,812.67,32.54,0.0892,0.59571555345
2022-02-13 09:00:00+00:00,667.62,32.43,0.049800000000000004,0.48955406265
2022-02-13 10:00:00+00:00,457.98,31.69,0.049,0.33659125604999995
2022-02-13 11:00:00+00:00,224.27,30.28,0.0482,0.16553817240000002
2022-02-13 12:00:00+00:00,37.67,26.83,0.0473,0.028097393775
2022-02-14 01:00:00+00:00,21.95,17.45,0.0873,0.016835375625000003
2022-02-14 02:00:00+00:00,186.52,20.74,0.041299999999999996,0.1416777942
2022-02-14 03:00:00+00:00,406.17,25.34,0.0487,0.30431677995000006
2022-02-14 04:00:00+00:00,615.38,28.11,0.029300000000000003,0.45722887845000004
2022-02-14 05:00:00+00:00,774.05,30.03,0.1413,0.5717771891249999
2022-02-14 06:00:00+00:00,899.62,31.45,0.0415,0.6616592647499999
2022-02-14 07:00:00+00:00,902.12,32.44,0.0048,0.6614885112000001
2022-02-14 08:00:00+00:00,808.72,32.96,0.27699999999999997,0.5920558248
2022-02-14 09:00:00+00:00,668.2,32.93,0.0836,0.4892276415
2022-02-14 10:00:00+00:00,460.45,32.26,0.058499999999999996,0.33781604925
2022-02-14 11:00:00+00:00,222.55,30.94,0.2391,0.16393811925000001
2022-02-14 12:00:00+00:00,35.17,27.35,0.4164,0.026191538624999997
2022-02-15 01:00:00+00:00,19.77,18.0,0.5453,0.015138877499999998
2022-02-15 02:00:00+00:00,153.15,20.89,0.6006,0.116278754625
2022-02-15 03:00:00+00:00,339.92,24.41,0.6812999999999999,0.2553912438
2022-02-15 04:00:00+00:00,572.08,27.38,0.2904,0.42599651159999996
2022-02-15 05:00:00+00:00,740.25,29.8,0.060899999999999996,0.5471927999999999
2022-02-15 06:00:00+00:00,840.4,31.37,0.1133,0.618254967
2022-02-15 07:00:00+00:00,822.47,32.37,0.2025,0.603213891225
2022-02-15 08:00:00+00:00,711.92,32.86,0.2872,0.5213496947999999
2022-02-15 09:00:00+00:00,530.47,32.82,0.34759999999999996,0.38851888035
2022-02-15 10:00:00+00:00,353.4,32.22,0.3994,0.25930901700000003
2022-02-15 11:00:00+00:00,172.95,31.06,0.2966,0.12735432675000002
2022-02-15 12:00:00+00:00,28.2,28.0,0.2602,0.02095965
2022-02-16 01:00:00+00:00,20.02,18.21,0.6889,0.01532085555
2022-02-16 02:00:00+00:00,152.85,21.44,0.7319,0.11586182849999999
2022-02-16 03:00:00+00:00,322.02,25.44,0.7987000000000001,0.2411962002
2022-02-16 04:00:00+00:00,476.25,28.25,0.3122,0.35370492187499997
2022-02-16 05:00:00+00:00,627.88,30.53,0.5875,0.4630976031
2022-02-16 06:00:00+00:00,848.2,32.13,0.1929,0.6225427514999999
2022-02-16 07:00:00+00:00,855.65,33.15,0.2086,0.6260470181250001
2022-02-16 08:00:00+00:00,777.12,33.66,0.7519,0.5676978168
2022-02-16 09:00:00+00:00,579.92,33.64,0.6951,0.42366635519999996
2022-02-16 10:00:00+00:00,320.52,33.1,0.8027,0.234548523
2022-02-16 11:00:00+00:00,169.35,31.95,0.8531,0.12436428937499999
2022-02-16 12:00:00+00:00,30.55,29.64,0.9279999999999999,0.022593558
2022-02-17 01:00:00+00:00,20.3,20.84,0.3404,0.015415008000000003
2022-02-17 02:00:00+00:00,172.45,23.87,0.1938,0.12977595412499998
2022-02-17 03:00:00+00:00,384.95,27.07,0.1143,0.286919595375
2022-02-17 04:00:00+00:00,566.47,29.56,0.2016,0.4190405178
2022-02-17 05:00:00+00:00,713.25,31.48,0.10279999999999999,0.524538315
2022-02-17 06:00:00+00:00,850.28,32.81,0.1895,0.6227684547
2022-02-17 07:00:00+00:00,781.15,33.57,0.8671,0.5707999751249999
2022-02-17 08:00:00+00:00,745.38,33.61,0.4868,0.54459512595
2022-02-17 09:00:00+00:00,593.08,33.14,0.3679,0.43394773980000007
2022-02-17 10:00:00+00:00,413.55,32.21,0.1827,0.303453685125
2022-02-17 11:00:00+00:00,202.52,31.25,0.1905,0.1490420625
2022-02-17 12:00:00+00:00,32.6,29.29,0.1972,0.0241353285
2022-02-18 01:00:00+00:00,22.85,19.88,0.46340000000000003,0.017400732000000002
2022-02-18 02:00:00+00:00,181.35,22.13,0.33490000000000003,0.13718356762499997
2022-02-18 03:00:00+00:00,392.55,25.4,0.2698,0.29405920500000005
2022-02-18 04:00:00+00:00,624.85,28.39,0.0785,0.463871456625
2022-02-18 05:00:00+00:00,790.05,30.61,0.027000000000000003,0.5825650938749999
2022-02-18 06:00:00+00:00,912.38,32.25,0.0184,0.66940180125
2022-02-18 07:00:00+00:00,917.35,33.32,0.0098,0.670839708
2022-02-18 08:00:00+00:00,840.12,33.81,0.0012,0.6134367213
2022-02-18 09:00:00+00:00,690.12,33.7,0.018600000000000002,0.504080901
2022-02-18 10:00:00+00:00,481.8,32.97,0.037200000000000004,0.35271012150000003
2022-02-18 11:00:00+00:00,241.2,31.56,0.0608,0.177339888
2022-02-18 12:00:00+00:00,40.47,29.0,0.10890000000000001,0.029988269999999997
2022-02-19 01:00:00+00:00,26.95,18.2,0.029500000000000002,0.020624834999999998
2022-02-19 02:00:00+00:00,217.5,21.31,0.0171,0.16493079374999997
2022-02-19 03:00:00+00:00,451.08,26.61,0.004699999999999999,0.3366759627
2022-02-19 04:00:00+00:00,673.47,29.84,0.0034000000000000002,0.4977684117
2022-02-19 05:00:00+00:00,838.62,32.01,0.0021,0.61573786605
2022-02-19 06:00:00+00:00,932.6,33.47,0.0034000000000000002,0.6816769755
2022-02-19 07:00:00+00:00,939.95,34.33,0.004699999999999999,0.6852305996250001
2022-02-19 08:00:00+00:00,865.12,34.68,0.009300000000000001,0.6299976864
2022-02-19 09:00:00+00:00,714.67,34.49,0.009300000000000001,0.520742508825
2022-02-19 10:00:00+00:00,502.2,33.8,0.009300000000000001,0.36670643999999997
2022-02-19 11:00:00+00:00,256.33,32.46,0.009300000000000001,0.18794500095000002
2022-02-19 12:00:00+00:00,45.4,29.01,0.009300000000000001,0.0336403785
2022-02-20 01:00:00+00:00,26.75,18.77,0.0335,0.020437468125000004
2022-02-20 02:00:00+00:00,201.85,21.84,0.025099999999999997,0.1528226535
2022-02-20 03:00:00+00:00,435.58,27.21,0.0167,0.32451907845
2022-02-20 04:00:00+00:00,651.72,30.88,0.0084,0.48016774440000004
2022-02-20 05:00:00+00:00,815.38,33.18,0.0,0.5965279310999999
2022-02-20 06:00:00+00:00,950.25,34.63,0.0003,0.6920979581250001
2022-02-20 07:00:00+00:00,956.12,35.61,0.0005,0.6942650253
2022-02-20 08:00:00+00:00,881.03,36.15,0.0008,0.638669659875
2022-02-20 09:00:00+00:00,730.7,36.14,0.0060999999999999995,0.5297100044999999
2022-02-20 10:00:00+00:00,519.17,35.53,0.011399999999999999,0.3770770647749999
2022-02-20 11:00:00+00:00,272.25,34.37,0.0167,0.198447789375
2022-02-20 12:00:00+00:00,49.85,31.02,0.022000000000000002,0.03671228175
2022-02-21 01:00:00+00:00,31.27,20.75,0.24350000000000002,0.023751519375000002
2022-02-21 02:00:00+00:00,220.68,23.99,0.48219999999999996,0.16601149530000003
2022-02-21 03:00:00+00:00,438.23,28.14,0.7211,0.32557640505
2022-02-21 04:00:00+00:00,656.9,31.39,0.4706,0.48323042024999996
2022-02-21 05:00:00+00:00,847.83,33.65,0.23559999999999998,0.6193716086250001
2022-02-21 06:00:00+00:00,914.15,35.29,0.2503,0.664447642125
2022-02-21 07:00:00+00:00,923.38,36.36,0.2826,0.6689334072
2022-02-21 08:00:00+00:00,850.5,36.9,0.31079999999999997,0.6151028625
2022-02-21 09:00:00+00:00,703.1,36.86,0.1597,0.5085627765
2022-02-21 10:00:00+00:00,497.02,36.29,0.004699999999999999,0.36013944945
2022-02-21 11:00:00+00:00,256.02,35.18,0.004699999999999999,0.1861508619
2022-02-21 12:00:00+00:00,46.5,31.41,0.004699999999999999,0.034204353750000006
2022-02-22 01:00:00+00:00,28.4,21.18,0.1324,0.021544098
2022-02-22 02:00:00+00:00,209.68,24.53,0.08810000000000001,0.1574817366
2022-02-22 03:00:00+00:00,446.88,28.57,0.0454,0.3315704364
2022-02-22 04:00:00+00:00,662.75,31.55,0.0,0.48729522187499996
2022-02-22 05:00:00+00:00,819.65,33.6,0.004699999999999999,0.5988772724999999
2022-02-22 06:00:00+00:00,892.62,35.07,0.009300000000000001,0.64924046235
2022-02-22 07:00:00+00:00,891.0,36.12,0.084,0.64595718
2022-02-22 08:00:00+00:00,768.28,36.61,0.2498,0.5561406057
2022-02-22 09:00:00+00:00,654.05,36.54,0.1393,0.47355509175
2022-02-22 10:00:00+00:00,456.67,35.79,0.0737,0.33141569407500004
2022-02-22 11:00:00+00:00,227.48,34.37,0.048799999999999996,0.16581415289999998
2022-02-22 12:00:00+00:00,42.15,31.45,0.0311,0.031000798125000003
2022-02-23 01:00:00+00:00,28.88,20.09,0.0023,0.021979051799999996
2022-02-23 02:00:00+00:00,204.55,23.02,0.0017000000000000001,0.15432377025000002
2022-02-23 03:00:00+00:00,438.67,27.37,0.0012,0.326663292225
2022-02-23 04:00:00+00:00,654.3,30.49,0.0006,0.48264275925
2022-02-23 05:00:00+00:00,815.67,32.75,0.0,0.597529254375
2022-02-23 06:00:00+00:00,952.22,34.41,0.0046,0.6940041220500001
2022-02-23 07:00:00+00:00,956.88,35.43,0.009300000000000001,0.6952044185999999
2022-02-23 08:00:00+00:00,881.75,35.89,0.0139,0.639707420625
2022-02-23 09:00:00+00:00,730.78,35.67,0.0132,0.53054079915
2022-02-23 10:00:00+00:00,519.47,34.77,0.0124,0.3781832507249999
2022-02-23 11:00:00+00:00,273.67,33.16,0.0116,0.20022791880000002
2022-02-23 12:00:00+00:00,51.4,30.0,0.0109,0.03797175
2022-02-24 01:00:00+00:00,36.6,18.23,0.0279,0.028007509500000003
2022-02-24 02:00:00+00:00,250.27,21.62,0.018600000000000002,0.18960580335
2022-02-24 03:00:00+00:00,500.17,26.31,0.009300000000000001,0.373653248925
2022-02-24 04:00:00+00:00,720.62,29.45,0.0,0.53324979225
2022-02-24 05:00:00+00:00,836.39,31.77,0.0,0.614552189325
2022-02-24 06:00:00+00:00,988.55,33.45,0.0,0.7226176931249999
2022-02-24 07:00:00+00:00,996.17,34.6,0.0,0.7256102279999999
2022-02-24 08:00:00+00:00,919.42,35.17,0.0031,0.66852637185
2022-02-24 09:00:00+00:00,769.7,35.12,0.0062,0.559748931
2022-02-24 10:00:00+00:00,558.08,34.44,0.009300000000000001,0.40670638080000004
2022-02-24 11:00:00+00:00,305.77,33.01,0.0124,0.223816760175
2022-02-24 12:00:00+00:00,61.62,29.07,0.0155,0.04565071484999999
2022-02-25 01:00:00+00:00,38.5,17.75,0.0962,0.029503031249999995
2022-02-25 02:00:00+00:00,256.88,21.2,0.0735,0.19485632400000003
2022-02-25 03:00:00+00:00,508.98,26.61,0.050199999999999995,0.37989121994999997
2022-02-25 04:00:00+00:00,731.95,30.15,0.025099999999999997,0.5404810293750001
2022-02-25 05:00:00+00:00,900.38,32.53,0.0,0.6600303118499999
2022-02-25 06:00:00+00:00,994.33,34.14,0.0,0.72529910355
2022-02-25 07:00:00+00:00,1012.8,35.13,0.0,0.736515756
2022-02-25 08:00:00+00:00,937.75,35.54,0.0,0.68107375875
2022-02-25 09:00:00+00:00,785.53,35.25,0.0019,0.5710312143749999
2022-02-25 10:00:00+00:00,571.67,34.38,0.0037,0.41668740465
2022-02-25 11:00:00+00:00,316.15,32.76,0.005600000000000001,0.23159252100000002
2022-02-25 12:00:00+00:00,65.2,28.5,0.0074,0.04838655000000001
2022-02-26 01:00:00+00:00,41.65,15.76,0.2905,0.0321034035
2022-02-26 02:00:00+00:00,263.88,19.22,0.22510000000000002,0.2013417594
2022-02-26 03:00:00+00:00,520.78,24.45,0.16820000000000002,0.39122946524999996
2022-02-26 04:00:00+00:00,749.22,28.42,0.11320000000000001,0.5561497521
2022-02-26 05:00:00+00:00,920.38,31.39,0.0579,0.67705223655
2022-02-26 06:00:00+00:00,1027.22,33.06,0.0,0.7517863653000001
2022-02-26 07:00:00+00:00,1028.25,34.12,0.0,0.7500878100000001
2022-02-26 08:00:00+00:00,948.0,34.59,0.0007000000000000001,0.69054453
2022-02-26 09:00:00+00:00,792.83,34.48,0.0013,0.5777114361000001
2022-02-26 10:00:00+00:00,575.28,33.64,0.002,0.4202765568
2022-02-26 11:00:00+00:00,316.48,32.1,0.0027,0.23230423200000003
2022-02-26 12:00:00+00:00,64.88,28.07,0.0033,0.04821184139999999
2022-02-27 01:00:00+00:00,43.72,18.94,0.004699999999999999,0.0333861222
2022-02-27 02:00:00+00:00,271.08,21.59,0.004699999999999999,0.20538986129999998
2022-02-27 03:00:00+00:00,523.0,24.65,0.004699999999999999,0.39266186249999996
2022-02-27 04:00:00+00:00,741.1,27.81,0.004699999999999999,0.55113939525
2022-02-27 05:00:00+00:00,903.12,30.44,0.0,0.6662858112000001
2022-02-27 06:00:00+00:00,1004.17,32.35,0.0,0.736521038625
2022-02-27 07:00:00+00:00,1006.5,33.62,0.0,0.7353539324999999
2022-02-27 08:00:00+00:00,931.03,34.28,0.0,0.6788325936
2022-02-27 09:00:00+00:00,779.25,34.28,0.0019,0.56816676
2022-02-27 10:00:00+00:00,567.05,33.68,0.0037,0.41421301349999995
2022-02-27 11:00:00+00:00,314.2,32.38,0.005600000000000001,0.23043270899999996
2022-02-27 12:00:00+00:00,65.4,28.66,0.0074,0.048511430999999994
2022-02-28 01:00:00+00:00,45.95,18.01,0.2231,0.03518517862500001
2022-02-28 02:00:00+00:00,274.12,21.74,0.1668,0.2076006702
2022-02-28 03:00:00+00:00,527.8,26.09,0.11199999999999999,0.39455557049999995
2022-02-28 04:00:00+00:00,749.83,29.53,0.056900000000000006,0.5547298577249999
2022-02-28 05:00:00+00:00,915.4,31.8,0.0,0.67254438
2022-02-28 06:00:00+00:00,1008.74,33.36,0.0,0.7375806006
2022-02-28 07:00:00+00:00,1016.05,34.4,0.0,0.7405480425
2022-02-28 08:00:00+00:00,941.08,34.85,0.0,0.6849533145000001
2022-02-28 09:00:00+00:00,706.57,34.85,0.0040999999999999995,0.514268142375
2022-02-28 10:00:00+00:00,578.38,34.26,0.008100000000000001,0.4217344527
2022-02-28 11:00:00+00:00,322.77,33.02,0.0163,0.23625311535000001
2022-02-28 12:00:00+00:00,68.75,28.74,0.024399999999999998,0.050983968750000004
2022-03-01 01:00:00+00:00,50.4,19.58,0.0095,0.038414628
2022-03-01 02:00:00+00:00,288.45,23.5,0.0095,0.21731101874999997
2022-03-01 03:00:00+00:00,541.88,28.54,0.0095,0.4020939258000001
2022-03-01 04:00:00+00:00,758.05,31.42,0.0697,0.55758746775
2022-03-01 05:00:00+00:00,915.1,33.18,0.0049,0.6694825845000001
2022-03-01 06:00:00+00:00,1002.3,34.38,0.005600000000000001,0.7305714584999999
2022-03-01 07:00:00+00:00,1004.8,35.15,0.0216,0.73065288
2022-03-01 08:00:00+00:00,917.58,35.48,0.2792,0.6665484636
2022-03-01 09:00:00+00:00,776.08,35.24,0.005699999999999999,0.5641791168
2022-03-01 10:00:00+00:00,562.15,34.5,0.020499999999999997,0.40959654375
2022-03-01 11:00:00+00:00,307.88,33.13,0.1402,0.2252781051
2022-03-01 12:00:00+00:00,62.22,29.69,0.2675,0.046008423449999995
2022-03-02 01:00:00+00:00,51.3,19.38,0.09390000000000001,0.039123688499999996
2022-03-02 02:00:00+00:00,286.38,23.34,0.18289999999999998,0.21585462929999996
2022-03-02 03:00:00+00:00,540.12,28.55,0.2777,0.40077579150000003
2022-03-02 04:00:00+00:00,762.78,31.6,0.193,0.5607577169999999
2022-03-02 05:00:00+00:00,931.05,33.44,0.2646,0.6806068605
2022-03-02 06:00:00+00:00,1015.62,34.67,0.1186,0.73961764785
2022-03-02 07:00:00+00:00,998.15,35.36,0.2207,0.7253456235
2022-03-02 08:00:00+00:00,886.1,35.56,0.8402,0.643521264
2022-03-02 09:00:00+00:00,730.85,35.22,0.5878,0.5313316042499999
2022-03-02 10:00:00+00:00,523.38,34.32,0.6613,0.3815597214
2022-03-02 11:00:00+00:00,279.55,32.81,0.7502,0.204750107625
2022-03-02 12:00:00+00:00,52.8,29.1,0.8545999999999999,0.039112919999999995
2022-03-03 01:00:00+00:00,51.53,19.94,0.1063,0.03923416905
2022-03-03 02:00:00+00:00,286.05,24.11,0.1252,0.215110315125
2022-03-03 03:00:00+00:00,542.97,28.94,0.1358,0.40241407095000004
2022-03-03 04:00:00+00:00,715.1,31.32,0.6779000000000001,0.5261562780000001
2022-03-03 05:00:00+00:00,853.42,33.01,0.4775,0.62468423805
2022-03-03 06:00:00+00:00,947.5,34.23,0.409,0.69094779375
2022-03-03 07:00:00+00:00,978.47,34.98,0.3246,0.71188095615
2022-03-03 08:00:00+00:00,871.95,35.22,0.3159,0.63391200975
2022-03-03 09:00:00+00:00,738.7,34.83,0.19030000000000002,0.53768680275
2022-03-03 10:00:00+00:00,537.72,33.88,0.0196,0.39254635439999996
2022-03-03 11:00:00+00:00,282.73,32.35,0.0146,0.20737185262500002
2022-03-03 12:00:00+00:00,56.05,29.92,0.0096,0.041417026499999995
2022-03-04 01:00:00+00:00,45.1,19.99,0.0434,0.034333389750000005
2022-03-04 02:00:00+00:00,264.42,22.81,0.0326,0.19961792955
2022-03-04 03:00:00+00:00,516.6,26.83,0.0217,0.3853228995000001
2022-03-04 04:00:00+00:00,736.9,30.25,0.0109,0.54397036875
2022-03-04 05:00:00+00:00,898.1,32.53,0.0,0.65835894075
2022-03-04 06:00:00+00:00,1009.9,34.07,0.0003,0.73681546575
2022-03-04 07:00:00+00:00,1008.28,34.99,0.0006,0.7335463863
2022-03-04 08:00:00+00:00,927.42,35.32,0.001,0.6740303076
2022-03-04 09:00:00+00:00,768.92,35.12,0.0335,0.5591816916
2022-03-04 10:00:00+00:00,550.35,34.32,0.0665,0.4012216605
2022-03-04 11:00:00+00:00,294.88,32.9,0.10400000000000001,0.21591850799999998
2022-03-04 12:00:00+00:00,58.1,30.21,0.132,0.04289392275
2022-03-05 01:00:00+00:00,47.53,19.75,0.4629,0.036208948124999994
2022-03-05 02:00:00+00:00,269.12,22.58,0.2992,0.20330535840000002
2022-03-05 03:00:00+00:00,521.03,26.98,0.13269999999999998,0.38845131134999994
2022-03-05 04:00:00+00:00,748.5,30.72,0.0246,0.5517418050000001
2022-03-05 05:00:00+00:00,904.62,32.94,0.0256,0.6623039637
2022-03-05 06:00:00+00:00,967.72,34.27,0.061,0.7056057801000001
2022-03-05 07:00:00+00:00,968.28,35.09,0.1094,0.7042276232999999
2022-03-05 08:00:00+00:00,887.7,35.42,0.009399999999999999,0.6449628735
2022-03-05 09:00:00+00:00,730.1,35.23,0.011699999999999999,0.5307699232499999
2022-03-05 10:00:00+00:00,515.6,34.46,0.013999999999999999,0.37572545400000007
2022-03-05 11:00:00+00:00,270.0,33.19,0.0217,0.197524575
2022-03-05 12:00:00+00:00,52.78,30.82,0.029500000000000002,0.0388938459
2022-03-06 01:00:00+00:00,43.55,21.84,0.061200000000000004,0.0329721405
2022-03-06 02:00:00+00:00,250.88,25.83,0.07519999999999999,0.1876914816
2022-03-06 03:00:00+00:00,497.35,29.62,0.0762,0.36784254675000005
2022-03-06 04:00:00+00:00,717.12,31.93,0.031400000000000004,0.5266583064
2022-03-06 05:00:00+00:00,878.62,33.58,0.0015,0.6420032409
2022-03-06 06:00:00+00:00,973.8,34.75,0.013600000000000001,0.7089872625000001
2022-03-06 07:00:00+00:00,965.3,35.46,0.025699999999999997,0.7012566644999999
2022-03-06 08:00:00+00:00,883.7,35.69,0.0378,0.64151980575
2022-03-06 09:00:00+00:00,722.0,35.32,0.0329,0.52473516
2022-03-06 10:00:00+00:00,499.83,34.35,0.0482,0.364357326375
2022-03-06 11:00:00+00:00,252.32,32.77,0.0455,0.18482881559999997
2022-03-06 12:00:00+00:00,48.1,30.46,0.041299999999999996,0.0354840915
2022-03-07 01:00:00+00:00,51.03,20.99,0.0788,0.038732918175
2022-03-07 02:00:00+00:00,273.33,24.6,0.1331,0.205243497
2022-03-07 03:00:00+00:00,521.6,28.39,0.1604,0.38722149600000005
2022-03-07 04:00:00+00:00,725.7,30.88,0.2318,0.5346739890000001
2022-03-07 05:00:00+00:00,874.83,32.87,0.35600000000000004,0.6406314477749999
2022-03-07 06:00:00+00:00,920.25,34.14,0.4558,0.67126255875
2022-03-07 07:00:00+00:00,872.78,34.19,0.3333,0.63653809155
2022-03-07 08:00:00+00:00,855.92,33.34,0.1432,0.6258786611999999
2022-03-07 09:00:00+00:00,716.6,32.25,0.1041,0.5257604625
2022-03-07 10:00:00+00:00,461.92,31.05,0.3979,0.34015211399999995
2022-03-07 11:00:00+00:00,223.32,29.76,0.456,0.16509824280000002
2022-03-07 12:00:00+00:00,43.53,28.38,0.5028,0.032316454349999996
2022-03-08 01:00:00+00:00,42.05,21.88,0.0882,0.031832690999999996
2022-03-08 02:00:00+00:00,231.82,24.58,0.18109999999999998,0.1740840699
2022-03-08 03:00:00+00:00,445.7,28.95,0.24600000000000002,0.33031384124999996
2022-03-08 04:00:00+00:00,669.1,31.97,0.18710000000000002,0.49133183924999996
2022-03-08 05:00:00+00:00,855.83,34.15,0.0978,0.6242530998750001
2022-03-08 06:00:00+00:00,992.92,35.62,0.0359,0.7209641766
2022-03-08 07:00:00+00:00,985.28,36.55,0.0203,0.7133550359999999
2022-03-08 08:00:00+00:00,880.12,36.99,0.0046,0.6363465627
2022-03-08 09:00:00+00:00,724.88,36.9,0.019299999999999998,0.524251338
2022-03-08 10:00:00+00:00,512.17,36.25,0.034,0.37116319687500005
2022-03-08 11:00:00+00:00,271.25,34.97,0.0242,0.197352684375
2022-03-08 12:00:00+00:00,55.92,31.9,0.0144,0.041071842000000004
2022-03-09 01:00:00+00:00,48.55,21.9,0.1723,0.036751136250000004
2022-03-09 02:00:00+00:00,256.9,25.16,0.1408,0.19258251599999998
2022-03-09 03:00:00+00:00,499.2,30.38,0.0958,0.36835718399999995
2022-03-09 04:00:00+00:00,717.38,33.22,0.051100000000000007,0.5247670569
2022-03-09 05:00:00+00:00,882.42,35.14,0.0015,0.6416825877000001
2022-03-09 06:00:00+00:00,977.83,36.46,0.0053,0.7081591534500001
2022-03-09 07:00:00+00:00,978.3,37.31,0.0091,0.70662853575
2022-03-09 08:00:00+00:00,897.8,37.63,0.0129,0.6478367684999999
2022-03-09 09:00:00+00:00,736.42,37.45,0.0158,0.53168603475
2022-03-09 10:00:00+00:00,516.7,36.72,0.018600000000000002,0.373899621
2022-03-09 11:00:00+00:00,272.33,35.44,0.0279,0.19785046829999997
2022-03-09 12:00:00+00:00,54.0,32.12,0.037200000000000004,0.03963492
2022-03-10 01:00:00+00:00,43.25,22.31,0.0207,0.03269927062499999
2022-03-10 02:00:00+00:00,227.35,25.52,0.0138,0.1702465005
2022-03-10 03:00:00+00:00,463.67,29.96,0.0069,0.34257794280000003
2022-03-10 04:00:00+00:00,678.38,32.63,0.0,0.49713891135000005
2022-03-10 05:00:00+00:00,840.25,34.53,0.004699999999999999,0.612170439375
2022-03-10 06:00:00+00:00,946.7,35.85,0.009300000000000001,0.6869136862500002
2022-03-10 07:00:00+00:00,947.53,36.63,0.013999999999999999,0.685853008725
2022-03-10 08:00:00+00:00,855.6,36.89,0.12050000000000001,0.6188105610000001
2022-03-10 09:00:00+00:00,703.97,36.6,0.07690000000000001,0.5096038829999999
2022-03-10 10:00:00+00:00,491.23,35.78,0.0802,0.35650771634999995
2022-03-10 11:00:00+00:00,252.1,34.42,0.0892,0.1837317405
2022-03-10 12:00:00+00:00,49.35,31.65,0.0676,0.03627410062499999
2022-03-11 01:00:00+00:00,50.38,21.96,0.0034999999999999996,0.0381295992
2022-03-11 02:00:00+00:00,254.07,25.41,0.0026,0.19031812042500001
2022-03-11 03:00:00+00:00,499.12,30.48,0.0018,0.3681858504
2022-03-11 04:00:00+00:00,715.4,33.35,0.0009,0.5231094224999999
2022-03-11 05:00:00+00:00,874.38,35.15,0.0,0.6358163467500001
2022-03-11 06:00:00+00:00,897.38,36.37,0.0,0.65007777615
2022-03-11 07:00:00+00:00,967.12,37.04,0.0,0.6991407192
2022-03-11 08:00:00+00:00,881.65,37.16,0.0,0.6371155559999999
2022-03-11 09:00:00+00:00,718.15,36.65,0.0258,0.5197879931249999
2022-03-11 10:00:00+00:00,496.92,35.73,0.0545,0.36069310890000006
2022-03-11 11:00:00+00:00,251.7,34.44,0.07769999999999999,0.18342889199999998
2022-03-11 12:00:00+00:00,48.35,31.78,0.0913,0.03552492075
2022-03-12 01:00:00+00:00,49.33,22.56,0.0028000000000000004,0.0372683217
2022-03-12 02:00:00+00:00,239.32,24.81,0.0019,0.1795923093
2022-03-12 03:00:00+00:00,476.83,29.69,0.0009,0.35259075142499996
2022-03-12 04:00:00+00:00,687.88,33.05,0.0,0.5034507735000001
2022-03-12 05:00:00+00:00,849.05,35.02,0.0019,0.61764566775
2022-03-12 06:00:00+00:00,944.78,36.21,0.0037,0.68475528645
2022-03-12 07:00:00+00:00,944.97,36.93,0.005600000000000001,0.683362142775
2022-03-12 08:00:00+00:00,860.5,37.38,0.0054,0.6214057725000001
2022-03-12 09:00:00+00:00,700.3,37.2,0.0053,0.5060017649999999
2022-03-12 10:00:00+00:00,482.42,36.47,0.0051,0.34936494585
2022-03-12 11:00:00+00:00,239.0,35.25,0.005,0.17373806249999998
2022-03-12 12:00:00+00:00,48.15,32.01,0.0048,0.035353054125
2022-03-13 01:00:00+00:00,44.7,23.47,0.2234,0.03367887975
2022-03-13 02:00:00+00:00,218.73,25.9,0.2823,0.16360457174999998
2022-03-13 03:00:00+00:00,446.7,30.19,0.3173,0.32980866075000004
2022-03-13 04:00:00+00:00,668.22,32.55,0.2139,0.4898136127500001
2022-03-13 05:00:00+00:00,835.5,33.86,0.1923,0.6099693075
2022-03-13 06:00:00+00:00,939.53,34.3,0.024900000000000002,0.6849878347499999
2022-03-13 07:00:00+00:00,936.78,34.22,0.07730000000000001,0.6831514989
2022-03-13 08:00:00+00:00,853.65,34.11,0.028300000000000002,0.622739809125
2022-03-13 09:00:00+00:00,693.72,33.84,0.042699999999999995,0.5064919092000001
2022-03-13 10:00:00+00:00,465.62,33.21,0.1721,0.34061383455
2022-03-13 11:00:00+00:00,230.52,32.26,0.15410000000000001,0.1691244558
2022-03-13 12:00:00+00:00,44.47,29.93,0.1378,0.03285921652499999
2022-03-14 01:00:00+00:00,44.2,22.99,0.069,0.0333498945
2022-03-14 02:00:00+00:00,229.48,25.57,0.0705,0.17181569189999998
2022-03-14 03:00:00+00:00,446.92,30.56,0.1257,0.3295990308
2022-03-14 04:00:00+00:00,661.75,33.35,0.09939999999999999,0.4838798718749999
2022-03-14 05:00:00+00:00,819.95,35.15,0.0981,0.5962368918750001
2022-03-14 06:00:00+00:00,886.03,36.39,0.1804,0.641815766175
2022-03-14 07:00:00+00:00,892.88,37.22,0.0256,0.6451102644
2022-03-14 08:00:00+00:00,809.15,37.66,0.024,0.58381386225
2022-03-14 09:00:00+00:00,648.38,37.59,0.022400000000000003,0.46791801555
2022-03-14 10:00:00+00:00,432.0,37.03,0.0209,0.31230684000000003
2022-03-14 11:00:00+00:00,233.55,35.93,0.019299999999999998,0.169418921625
2022-03-14 12:00:00+00:00,43.03,32.51,0.0177,0.031545400575
2022-03-15 01:00:00+00:00,51.92,22.31,0.10279999999999999,0.039254245800000004
2022-03-15 02:00:00+00:00,252.12,25.67,0.1479,0.1887099291
2022-03-15 03:00:00+00:00,492.88,31.18,0.1609,0.3628065036
2022-03-15 04:00:00+00:00,708.92,34.09,0.1042,0.5171908137
2022-03-15 05:00:00+00:00,864.67,35.84,0.1412,0.6274131987
2022-03-15 06:00:00+00:00,979.78,37.07,0.0233,0.7082266246500001
2022-03-15 07:00:00+00:00,980.0,37.89,0.011899999999999999,0.70657755
2022-03-15 08:00:00+00:00,896.92,38.24,0.0006,0.6459707532
2022-03-15 09:00:00+00:00,735.2,38.06,0.012,0.5297961480000001
2022-03-15 10:00:00+00:00,515.9,37.34,0.023399999999999997,0.3726010365
2022-03-15 11:00:00+00:00,268.8,36.02,0.023,0.19493510400000003
2022-03-15 12:00:00+00:00,56.15,32.02,0.0226,0.041225610749999995
2022-03-16 01:00:00+00:00,55.35,21.14,0.6939,0.04199321475
2022-03-16 02:00:00+00:00,239.3,24.23,0.7726999999999999,0.17988958725
2022-03-16 03:00:00+00:00,480.17,28.93,0.8445,0.35588159677500003
2022-03-16 04:00:00+00:00,747.35,33.44,0.009300000000000001,0.5463203235
2022-03-16 05:00:00+00:00,905.85,35.92,0.0718,0.6571307655
2022-03-16 06:00:00+00:00,971.75,37.23,0.004699999999999999,0.702072369375
2022-03-16 07:00:00+00:00,970.42,38.06,0.0095,0.6992992083
2022-03-16 08:00:00+00:00,884.1,38.4,0.024,0.636419385
2022-03-16 09:00:00+00:00,724.35,38.18,0.0385,0.52178190075
2022-03-16 10:00:00+00:00,502.38,37.48,0.066,0.36267816960000004
2022-03-16 11:00:00+00:00,255.95,36.2,0.09369999999999999,0.18551256000000002
2022-03-16 12:00:00+00:00,49.95,32.79,0.1139,0.036587001375000004
2022-03-17 01:00:00+00:00,56.88,23.43,0.9616,0.0428609286
2022-03-17 02:00:00+00:00,251.52,27.19,0.9656,0.18740063520000003
2022-03-17 03:00:00+00:00,472.98,32.96,0.9603,0.3462639282
2022-03-17 04:00:00+00:00,678.8,36.13,0.8842,0.49210115099999996
2022-03-17 05:00:00+00:00,823.78,37.77,0.9118999999999999,0.5941657411499999
2022-03-17 06:00:00+00:00,859.6,38.87,0.9057,0.617874033
2022-03-17 07:00:00+00:00,852.62,39.57,0.8495999999999999,0.6115139848500001
2022-03-17 08:00:00+00:00,806.7,39.88,0.6054999999999999,0.5780166840000001
2022-03-17 09:00:00+00:00,668.28,39.66,0.3505,0.4791667841999999
2022-03-17 10:00:00+00:00,484.55,39.0,0.0993,0.34814917500000003
2022-03-17 11:00:00+00:00,240.02,37.82,0.2699,0.1730916231
2022-03-17 12:00:00+00:00,47.75,33.95,0.469,0.034850934374999996
2022-03-18 01:00:00+00:00,58.15,22.5,0.0313,0.04393959375
2022-03-18 02:00:00+00:00,264.65,25.52,0.0393,0.19817785949999997
2022-03-18 03:00:00+00:00,509.4,30.27,0.0264,0.3760097895
2022-03-18 04:00:00+00:00,729.92,33.97,0.0134,0.5327083896
2022-03-18 05:00:00+00:00,893.25,36.39,0.0005,0.6470457356249999
2022-03-18 06:00:00+00:00,976.95,38.02,0.0101,0.7040927497500001
2022-03-18 07:00:00+00:00,971.75,38.97,0.0196,0.698267968125
2022-03-18 08:00:00+00:00,882.25,39.34,0.0292,0.63322170375
2022-03-18 09:00:00+00:00,707.6,39.25,0.099,0.508012575
2022-03-18 10:00:00+00:00,461.33,38.69,0.2164,0.33178738267499996
2022-03-18 11:00:00+00:00,226.0,37.56,0.221,0.16311324
2022-03-18 12:00:00+00:00,43.55,34.75,0.21059999999999998,0.031707121874999994
2022-03-19 01:00:00+00:00,53.55,24.33,0.2923,0.040243226625
2022-03-19 02:00:00+00:00,224.98,27.51,0.3071,0.16746442544999998
2022-03-19 03:00:00+00:00,445.6,31.02,0.2963,0.328164348
2022-03-19 04:00:00+00:00,690.28,33.68,0.0054,0.5042288316
2022-03-19 05:00:00+00:00,847.47,35.74,0.01,0.6151233874500001
2022-03-19 06:00:00+00:00,918.3,37.25,0.0146,0.6634143562500001
2022-03-19 07:00:00+00:00,916.72,38.22,0.019299999999999998,0.6602721636000001
2022-03-19 08:00:00+00:00,830.3,38.63,0.004699999999999999,0.59726177475
2022-03-19 09:00:00+00:00,666.5,38.56,0.0279,0.47954008499999995
2022-03-19 10:00:00+00:00,423.5,37.9,0.11689999999999999,0.3053329125
2022-03-19 11:00:00+00:00,202.95,36.74,0.3172,0.14685157575
2022-03-19 12:00:00+00:00,37.85,34.66,0.6043,0.027564830250000002
2022-03-20 01:00:00+00:00,41.12,24.93,0.9224,0.0308464764
2022-03-20 02:00:00+00:00,157.43,25.76,0.9009999999999999,0.1178032947
2022-03-20 03:00:00+00:00,302.33,27.88,0.866,0.2247884016
2022-03-20 04:00:00+00:00,499.7,30.75,0.9327,0.36831013124999995
2022-03-20 05:00:00+00:00,670.35,33.15,0.7536,0.490469956875
2022-03-20 06:00:00+00:00,768.3,35.05,0.5589999999999999,0.55885181625
2022-03-20 07:00:00+00:00,783.6,36.34,0.4664,0.5677064460000001
2022-03-20 08:00:00+00:00,645.72,36.9,0.5001,0.46700084700000005
2022-03-20 09:00:00+00:00,615.67,36.66,0.2792,0.44560039754999997
2022-03-20 10:00:00+00:00,413.88,35.9,0.2365,0.300259593
2022-03-20 11:00:00+00:00,199.9,34.77,0.21989999999999998,0.14553069825
2022-03-20 12:00:00+00:00,40.1,33.53,0.23989999999999997,0.029305380750000005
2022-03-21 01:00:00+00:00,46.03,24.52,0.8498,0.0345722124
2022-03-21 02:00:00+00:00,179.65,26.62,0.7497,0.13408267575000002
2022-03-21 03:00:00+00:00,376.3,29.92,0.654,0.278059359
2022-03-21 04:00:00+00:00,658.83,33.05,0.1595,0.482189441625
2022-03-21 05:00:00+00:00,826.72,35.34,0.0421,0.6008063592
2022-03-21 06:00:00+00:00,861.62,37.08,0.1001,0.6227961684
2022-03-21 07:00:00+00:00,828.45,38.21,0.214,0.5967138948749999
2022-03-21 08:00:00+00:00,779.65,38.82,0.013999999999999999,0.5604942832499998
2022-03-21 09:00:00+00:00,626.78,38.75,0.027999999999999997,0.45069399374999997
2022-03-21 10:00:00+00:00,394.27,38.23,0.1646,0.283966067775
2022-03-21 11:00:00+00:00,194.0,37.22,0.2415,0.14016597
2022-03-21 12:00:00+00:00,36.2,35.28,0.3246,0.026312694
2022-03-22 01:00:00+00:00,32.0,25.76,0.9783,0.02394528
2022-03-22 02:00:00+00:00,115.07,27.95,0.9851000000000001,0.08553872287499999
2022-03-22 03:00:00+00:00,237.77,31.02,0.9809,0.17510690535
2022-03-22 04:00:00+00:00,352.62,33.69,0.9832,0.25757039745
2022-03-22 05:00:00+00:00,419.77,35.66,0.9806,0.30475931655
2022-03-22 06:00:00+00:00,626.53,37.06,0.7903,0.45289660844999996
2022-03-22 07:00:00+00:00,644.67,37.96,0.875,0.46470392279999995
2022-03-22 08:00:00+00:00,579.28,38.3,0.9187000000000001,0.417125046
2022-03-22 09:00:00+00:00,513.6,37.96,0.5929,0.370223424
2022-03-22 10:00:00+00:00,334.27,36.7,0.6491,0.24190284224999994
2022-03-22 11:00:00+00:00,171.38,35.91,0.6004,0.12432804945
2022-03-22 12:00:00+00:00,31.73,34.63,0.5926,0.023109990224999998
2022-03-23 01:00:00+00:00,47.5,26.73,0.6376,0.035440106250000006
2022-03-23 02:00:00+00:00,192.45,29.63,0.7864,0.142332652125
2022-03-23 03:00:00+00:00,381.38,33.39,0.9420999999999999,0.27883549905
2022-03-23 04:00:00+00:00,619.35,35.88,0.0978,0.44935081200000004
2022-03-23 05:00:00+00:00,752.83,37.66,0.20929999999999999,0.54317813745
2022-03-23 06:00:00+00:00,846.33,38.92,0.0452,0.6082404444
2022-03-23 07:00:00+00:00,830.53,39.63,0.018600000000000002,0.595558528725
2022-03-23 08:00:00+00:00,723.42,39.63,0.0677,0.5187518221499999
2022-03-23 09:00:00+00:00,535.12,39.05,0.1918,0.38442351900000005
2022-03-23 10:00:00+00:00,317.88,37.89,0.2661,0.2291906853
2022-03-23 11:00:00+00:00,156.45,36.84,0.32880000000000004,0.11316967199999999
2022-03-23 12:00:00+00:00,29.92,35.49,0.4072,0.0217338132
2022-03-24 01:00:00+00:00,47.83,26.9,0.5932999999999999,0.03566802675
2022-03-24 02:00:00+00:00,185.75,29.88,0.6587999999999999,0.137272965
2022-03-24 03:00:00+00:00,330.58,32.8,0.7398,0.24213332099999998
2022-03-24 04:00:00+00:00,536.62,34.99,0.6565000000000001,0.39040312394999993
2022-03-24 05:00:00+00:00,691.5,36.74,0.4316,0.5003590274999999
2022-03-24 06:00:00+00:00,812.58,37.69,0.21739999999999998,0.58623380955
2022-03-24 07:00:00+00:00,787.53,38.39,0.3321,0.566921189925
2022-03-24 08:00:00+00:00,656.17,38.59,0.5609000000000001,0.472063461825
2022-03-24 09:00:00+00:00,564.53,38.49,0.193,0.40626260317499996
2022-03-24 10:00:00+00:00,365.98,37.5,0.1351,0.2641918125
2022-03-24 11:00:00+00:00,181.52,36.64,0.1143,0.13138599120000002
2022-03-24 12:00:00+00:00,36.42,35.23,0.2163,0.02647670265
2022-03-25 01:00:00+00:00,55.67,25.53,0.5221,0.041686113525000006
2022-03-25 02:00:00+00:00,220.3,28.85,0.49439999999999995,0.16331665125000003
2022-03-25 03:00:00+00:00,399.3,32.2,0.5047,0.29300634
2022-03-25 04:00:00+00:00,654.9,34.85,0.09609999999999999,0.47666077874999996
2022-03-25 05:00:00+00:00,763.9,36.84,0.3109,0.552574704
2022-03-25 06:00:00+00:00,823.5,38.17,0.08839999999999999,0.5932226362499999
2022-03-25 07:00:00+00:00,788.33,38.91,0.3425,0.566574741825
2022-03-25 08:00:00+00:00,669.5,39.2,0.5922999999999999,0.48073447499999994
2022-03-25 09:00:00+00:00,564.17,39.07,0.3023,0.405267288225
2022-03-25 10:00:00+00:00,387.55,38.39,0.0684,0.278986587375
2022-03-25 11:00:00+00:00,193.73,37.16,0.1376,0.1399970472
2022-03-25 12:00:00+00:00,38.12,34.98,0.1451,0.0277340154
2022-03-26 01:00:00+00:00,58.42,24.32,0.3005,0.0439043826
2022-03-26 02:00:00+00:00,230.12,27.63,0.5606,0.1712282649
2022-03-26 03:00:00+00:00,396.67,32.4,0.8409,0.2908979445
2022-03-26 04:00:00+00:00,661.9,35.6,0.0,0.4806386849999999
2022-03-26 05:00:00+00:00,796.95,37.46,0.1631,0.57537000675
2022-03-26 06:00:00+00:00,859.1,38.72,0.3221,0.6178045830000001
2022-03-26 07:00:00+00:00,809.0,39.58,0.4926,0.580210755
2022-03-26 08:00:00+00:00,725.05,39.94,0.47240000000000004,0.51941494425
2022-03-26 09:00:00+00:00,618.75,39.75,0.1906,0.44352773437500004
2022-03-26 10:00:00+00:00,420.9,39.0,0.2028,0.30241664999999995
2022-03-26 11:00:00+00:00,211.2,37.74,0.22390000000000002,0.15234595199999998
2022-03-26 12:00:00+00:00,40.28,35.45,0.2563,0.0292629165
2022-03-27 01:00:00+00:00,55.15,24.77,0.4201,0.041391040125
2022-03-27 02:00:00+00:00,222.57,27.86,0.4999,0.16549526205
2022-03-27 03:00:00+00:00,414.33,31.83,0.5939,0.304380283725
2022-03-27 04:00:00+00:00,651.62,35.57,0.30670000000000003,0.47321784735
2022-03-27 05:00:00+00:00,813.28,37.77,0.0212,0.5865924324
2022-03-27 06:00:00+00:00,927.53,39.21,0.0242,0.665992047075
2022-03-27 07:00:00+00:00,918.1,40.05,0.0273,0.65748583875
2022-03-27 08:00:00+00:00,826.5,40.34,0.030299999999999997,0.5913483525
2022-03-27 09:00:00+00:00,660.2,40.05,0.0467,0.47279397749999996
2022-03-27 10:00:00+00:00,398.15,39.28,0.1674,0.2858199405
2022-03-27 11:00:00+00:00,200.93,38.03,0.1826,0.144806734725
2022-03-27 12:00:00+00:00,39.6,35.55,0.23,0.028759995000000007
2022-03-28 01:00:00+00:00,71.22,25.56,0.0202,0.0533252628
2022-03-28 02:00:00+00:00,276.75,28.5,0.0217,0.20538309375
2022-03-28 03:00:00+00:00,475.45,33.28,0.0233,0.3477298665
2022-03-28 04:00:00+00:00,699.05,36.16,0.0,0.5067343545
2022-03-28 05:00:00+00:00,848.15,38.27,0.0011,0.610788861375
2022-03-28 06:00:00+00:00,952.4,39.71,0.0023,0.682777941
2022-03-28 07:00:00+00:00,946.9,40.56,0.0034000000000000002,0.677024031
2022-03-28 08:00:00+00:00,849.35,40.85,0.04650000000000001,0.606722555625
2022-03-28 09:00:00+00:00,655.28,40.71,0.0876,0.4682974902
2022-03-28 10:00:00+00:00,427.9,40.06,0.050199999999999995,0.3064256085
2022-03-28 11:00:00+00:00,226.1,38.88,0.051699999999999996,0.162513897
2022-03-28 12:00:00+00:00,45.5,36.55,0.0538,0.032942568750000005
2022-03-29 01:00:00+00:00,72.2,27.62,0.1394,0.053724381
2022-03-29 02:00:00+00:00,259.98,30.21,0.1349,0.19193738445000003
2022-03-29 03:00:00+00:00,490.58,33.56,0.0892,0.35848642919999996
2022-03-29 04:00:00+00:00,694.0,36.23,0.0286,0.5029643549999999
2022-03-29 05:00:00+00:00,846.95,38.38,0.0013,0.60971507025
2022-03-29 06:00:00+00:00,966.3,39.84,0.004699999999999999,0.692460243
2022-03-29 07:00:00+00:00,935.28,40.73,0.1389,0.6683581026000001
2022-03-29 08:00:00+00:00,743.5,41.11,0.4953,0.53067498375
2022-03-29 09:00:00+00:00,653.45,40.9,0.26039999999999996,0.4667103262500001
2022-03-29 10:00:00+00:00,455.35,40.24,0.0658,0.3258985485
2022-03-29 11:00:00+00:00,219.15,39.03,0.0909,0.15744448237500003
2022-03-29 12:00:00+00:00,41.5,36.52,0.0603,0.030049319999999997
2022-03-30 01:00:00+00:00,76.68,27.37,0.2823,0.057101103900000005
2022-03-30 02:00:00+00:00,260.58,30.01,0.2815,0.19249761194999998
2022-03-30 03:00:00+00:00,493.73,33.03,0.2602,0.361377033225
2022-03-30 04:00:00+00:00,719.08,35.47,0.0326,0.5223702729
2022-03-30 05:00:00+00:00,866.65,37.35,0.0233,0.6259054631250001
2022-03-30 06:00:00+00:00,920.62,38.77,0.0965,0.66194189085
2022-03-30 07:00:00+00:00,893.55,39.73,0.1734,0.640548019125
2022-03-30 08:00:00+00:00,787.83,40.2,0.225,0.563928714
2022-03-30 09:00:00+00:00,607.38,40.22,0.41369999999999996,0.4347352719
2022-03-30 10:00:00+00:00,443.08,39.75,0.1176,0.3176052825
2022-03-30 11:00:00+00:00,195.52,38.77,0.1391,0.1405823016
2022-03-30 12:00:00+00:00,37.4,36.75,0.149,0.027061237499999998
2022-03-31 01:00:00+00:00,77.5,28.05,0.052000000000000005,0.05759315625
2022-03-31 02:00:00+00:00,258.98,30.81,0.037200000000000004,0.19084948395000007
2022-03-31 03:00:00+00:00,492.92,33.88,0.004699999999999999,0.35984145840000004
2022-03-31 04:00:00+00:00,709.22,36.28,0.0023,0.5139149964
2022-03-31 05:00:00+00:00,864.65,38.03,0.0,0.623138123625
2022-03-31 06:00:00+00:00,965.8,39.28,0.0165,0.693318846
2022-03-31 07:00:00+00:00,951.05,40.09,0.0331,0.680996974875
2022-03-31 08:00:00+00:00,863.53,40.4,0.0496,0.6177261855
2022-03-31 09:00:00+00:00,634.03,40.29,0.3589,0.453710282925
2022-03-31 10:00:00+00:00,456.33,39.73,0.2577,0.327123582975
2022-03-31 11:00:00+00:00,223.52,38.68,0.2871,0.16076005440000002
2022-03-31 12:00:00+00:00,45.92,36.83,0.3127,0.033217724399999995
2022-04-01 01:00:00+00:00,80.95,27.58,0.36200000000000004,0.06024258525
2022-04-01 02:00:00+00:00,257.05,30.74,0.3712,0.18946769925
2022-04-01 03:00:00+00:00,492.35,33.87,0.3553,0.359436424875
2022-04-01 04:00:00+00:00,727.6,36.37,0.004699999999999999,0.527086173
2022-04-01 05:00:00+00:00,866.08,38.38,0.0453,0.6234866616
2022-04-01 06:00:00+00:00,937.83,39.88,0.0904,0.6719739516000001
2022-04-01 07:00:00+00:00,912.92,40.79,0.1273,0.6522562347
2022-04-01 08:00:00+00:00,820.0,41.15,0.2004,0.58520325
2022-04-01 09:00:00+00:00,629.53,40.97,0.4194,0.44952691327499994
2022-04-01 10:00:00+00:00,437.33,40.3,0.4393,0.31294241475
2022-04-01 11:00:00+00:00,213.57,39.11,0.39490000000000003,0.15339718642499997
2022-04-01 12:00:00+00:00,47.62,36.5,0.3406,0.0344828325
2022-04-02 01:00:00+00:00,86.25,26.02,0.2364,0.06448955625
2022-04-02 02:00:00+00:00,266.23,28.79,0.44439999999999996,0.19740222367500004
2022-04-02 03:00:00+00:00,477.9,32.14,0.6301,0.3507475365
2022-04-02 04:00:00+00:00,701.05,35.03,0.4208,0.509966554125
2022-04-02 05:00:00+00:00,869.42,37.32,0.2144,0.6279646776
2022-04-02 06:00:00+00:00,921.8,39.01,0.0051,0.6622925594999999
2022-04-02 07:00:00+00:00,891.2,40.04,0.2568,0.638241792
2022-04-02 08:00:00+00:00,816.85,40.45,0.064,0.584241751875
2022-04-02 09:00:00+00:00,624.95,40.32,0.1482,0.4471704735
2022-04-02 10:00:00+00:00,385.7,39.68,0.1419,0.276535329
2022-04-02 11:00:00+00:00,207.95,38.47,0.1255,0.14966005537500002
2022-04-02 12:00:00+00:00,41.55,36.09,0.08800000000000001,0.030125723624999996
2022-04-03 01:00:00+00:00,80.85,24.34,0.6973999999999999,0.06075756225
2022-04-03 02:00:00+00:00,251.35,27.38,0.8362,0.18716652075
2022-04-03 03:00:00+00:00,484.77,33.55,0.9655,0.354251737125
2022-04-03 04:00:00+00:00,589.2,36.93,0.7397,0.42608439900000006
2022-04-03 05:00:00+00:00,786.83,38.6,0.5063,0.566045502
2022-04-03 06:00:00+00:00,918.67,39.7,0.2721,0.6586174897499999
2022-04-03 07:00:00+00:00,953.7,40.32,0.0364,0.682400961
2022-04-03 08:00:00+00:00,861.3,40.54,0.045599999999999995,0.6158596454999999
2022-04-03 09:00:00+00:00,704.17,40.25,0.009300000000000001,0.503965666875
2022-04-03 10:00:00+00:00,489.65,39.44,0.013999999999999999,0.35132877149999997
2022-04-03 11:00:00+00:00,250.68,38.14,0.0155,0.1805986458
2022-04-03 12:00:00+00:00,54.15,35.79,0.0171,0.03929787337499999
2022-04-04 01:00:00+00:00,92.18,25.34,0.5065,0.06906448230000001
2022-04-04 02:00:00+00:00,271.2,28.53,0.7238,0.201245994
2022-04-04 03:00:00+00:00,502.38,34.21,0.92,0.36637443045
2022-04-04 04:00:00+00:00,747.67,36.95,0.009300000000000001,0.540649522875
2022-04-04 05:00:00+00:00,895.97,38.76,0.0111,0.6442382688
2022-04-04 06:00:00+00:00,968.12,39.98,0.013000000000000001,0.6934595154000001
2022-04-04 07:00:00+00:00,956.33,40.66,0.0148,0.6835512124500001
2022-04-04 08:00:00+00:00,864.25,40.88,0.0166,0.6173078474999999
2022-04-04 09:00:00+00:00,700.88,40.65,0.0233,0.500980263
2022-04-04 10:00:00+00:00,469.9,39.97,0.1173,0.33659759325
2022-04-04 11:00:00+00:00,237.05,38.74,0.1143,0.17045909925
2022-04-04 12:00:00+00:00,49.8,36.56,0.07490000000000001,0.036054701999999994
2022-04-05 01:00:00+00:00,84.88,26.21,0.5849,0.06342891419999999
2022-04-05 02:00:00+00:00,246.0,28.87,0.4814,0.182357955
2022-04-05 03:00:00+00:00,480.23,33.46,0.37829999999999997,0.35103132195000003
2022-04-05 04:00:00+00:00,702.85,36.12,0.2763,0.5095521930000001
2022-04-05 05:00:00+00:00,858.12,38.06,0.1905,0.6183741438
2022-04-05 06:00:00+00:00,947.92,39.44,0.10550000000000001,0.6801420792
2022-04-05 07:00:00+00:00,954.1,40.18,0.013999999999999999,0.6829877145000001
2022-04-05 08:00:00+00:00,860.35,40.31,0.018500000000000003,0.615625593375
2022-04-05 09:00:00+00:00,697.33,39.89,0.0326,0.49963520167500003
2022-04-05 10:00:00+00:00,488.98,39.02,0.004699999999999999,0.35131012590000005
2022-04-05 11:00:00+00:00,250.98,37.69,0.0062,0.18106889354999997
2022-04-05 12:00:00+00:00,54.9,35.88,0.0078000000000000005,0.039831047999999994
2022-04-06 01:00:00+00:00,98.5,25.82,0.3224,0.07369326749999999
2022-04-06 02:00:00+00:00,276.98,29.22,0.5672,0.2051050749
2022-04-06 03:00:00+00:00,502.88,34.45,0.7986,0.366467514
2022-04-06 04:00:00+00:00,766.83,36.65,0.0736,0.555021968625
2022-04-06 05:00:00+00:00,911.5,38.19,0.0412,0.6565739587499999
2022-04-06 06:00:00+00:00,990.45,39.33,0.031,0.7109029158750001
2022-04-06 07:00:00+00:00,980.08,40.1,0.0207,0.7017617820000001
2022-04-06 08:00:00+00:00,887.4,40.38,0.015,0.634841523
2022-04-06 09:00:00+00:00,724.97,40.14,0.009300000000000001,0.51903139695
2022-04-06 10:00:00+00:00,505.8,39.35,0.04190000000000001,0.36301898250000003
2022-04-06 11:00:00+00:00,264.73,38.02,0.0434,0.19079223465000003
2022-04-06 12:00:00+00:00,59.42,35.93,0.045,0.04310371365
2022-04-07 01:00:00+00:00,98.95,24.23,0.3414,0.074383930875
2022-04-07 02:00:00+00:00,294.67,28.02,0.4343,0.21900021735000005
2022-04-07 03:00:00+00:00,510.85,34.08,0.5161,0.3727008345
2022-04-07 04:00:00+00:00,742.0,36.86,0.2601,0.53669973
2022-04-07 05:00:00+00:00,900.72,38.63,0.009300000000000001,0.6479171694
2022-04-07 06:00:00+00:00,938.95,39.6,0.0774,0.6733679925
2022-04-07 07:00:00+00:00,912.8,40.03,0.4305,0.653731386
2022-04-07 08:00:00+00:00,813.5,39.94,0.2386,0.5827791975000001
2022-04-07 09:00:00+00:00,654.95,39.25,0.2781,0.4702131656250001
2022-04-07 10:00:00+00:00,455.58,38.15,0.2125,0.32820552675000003
2022-04-07 11:00:00+00:00,230.1,36.99,0.1471,0.16636747725
2022-04-07 12:00:00+00:00,48.35,35.47,0.08789999999999999,0.035123494875
2022-04-08 01:00:00+00:00,104.97,25.16,0.0171,0.07868971079999999
2022-04-08 02:00:00+00:00,298.02,28.04,0.0155,0.22147654320000001
2022-04-08 03:00:00+00:00,537.95,32.3,0.013999999999999999,0.39462667125000006
2022-04-08 04:00:00+00:00,742.72,35.3,0.0747,0.5398274639999999
2022-04-08 05:00:00+00:00,878.78,37.47,0.1309,0.6344286301500001
2022-04-08 06:00:00+00:00,957.97,39.05,0.18719999999999998,0.6881936733749999
2022-04-08 07:00:00+00:00,946.17,39.94,0.24420000000000003,0.67782199545
2022-04-08 08:00:00+00:00,888.33,40.18,0.0374,0.6359065888500001
2022-04-08 09:00:00+00:00,721.47,39.88,0.1222,0.5169476844
2022-04-08 10:00:00+00:00,505.25,39.07,0.2071,0.362942548125
2022-04-08 11:00:00+00:00,265.7,37.74,0.2813,0.19165870949999997
2022-04-08 12:00:00+00:00,56.35,35.82,0.36479999999999996,0.04089065925
2022-04-09 01:00:00+00:00,87.47,24.18,0.8402,0.06576388215
2022-04-09 02:00:00+00:00,239.52,27.54,0.7198,0.17827114320000004
2022-04-09 03:00:00+00:00,447.15,31.44,0.6021,0.32888329650000003
2022-04-09 04:00:00+00:00,667.25,34.45,0.4253,0.486250096875
2022-04-09 05:00:00+00:00,796.97,36.67,0.4612,0.5768010602250001
2022-04-09 06:00:00+00:00,832.17,38.12,0.5394,0.5995618416
2022-04-09 07:00:00+00:00,816.67,38.92,0.5396,0.5869243956
2022-04-09 08:00:00+00:00,771.25,39.21,0.6656,0.553778709375
2022-04-09 09:00:00+00:00,636.33,38.77,0.42450000000000004,0.45753240577500004
2022-04-09 10:00:00+00:00,438.88,37.67,0.2846,0.3166486284
2022-04-09 11:00:00+00:00,221.98,36.19,0.2488,0.16089609855
2022-04-09 12:00:00+00:00,48.2,34.55,0.2114,0.0351143025
2022-04-10 01:00:00+00:00,97.32,25.77,0.9813,0.07282139309999999
2022-04-10 02:00:00+00:00,259.52,28.68,0.9875,0.19249117439999996
2022-04-10 03:00:00+00:00,444.15,32.01,0.9932,0.32610714412499997
2022-04-10 04:00:00+00:00,569.55,35.05,0.9959,0.414283550625
2022-04-10 05:00:00+00:00,643.72,37.08,0.9840000000000001,0.4652936904
2022-04-10 06:00:00+00:00,718.42,38.47,0.9906,0.51704148585
2022-04-10 07:00:00+00:00,663.4,39.45,0.9834999999999999,0.4759812075
2022-04-10 08:00:00+00:00,607.65,39.87,0.9734,0.435407050125
2022-04-10 09:00:00+00:00,515.15,39.72,0.978,0.369300732
2022-04-10 10:00:00+00:00,360.55,39.0,0.9398000000000001,0.259055175
2022-04-10 11:00:00+00:00,188.32,37.69,0.9265000000000001,0.13586299319999998
2022-04-10 12:00:00+00:00,43.58,35.81,0.9233,0.031625025450000004
2022-04-11 01:00:00+00:00,83.4,24.55,0.9813,0.0626344425
2022-04-11 02:00:00+00:00,258.52,27.84,0.9871,0.19223805719999998
2022-04-11 03:00:00+00:00,449.48,33.01,0.9917,0.32900924670000004
2022-04-11 04:00:00+00:00,622.88,35.82,0.9675,0.4519959864
2022-04-11 05:00:00+00:00,768.08,37.67,0.9201999999999999,0.5541639594000001
2022-04-11 06:00:00+00:00,851.62,39.0,0.8497,0.61188897
2022-04-11 07:00:00+00:00,827.33,39.77,0.7709,0.593003255775
2022-04-11 08:00:00+00:00,799.28,39.99,0.8316,0.5725022838
2022-04-11 09:00:00+00:00,578.03,39.39,0.9043000000000001,0.4148073336749999
2022-04-11 10:00:00+00:00,378.48,38.62,0.9501999999999999,0.2722614804
2022-04-11 11:00:00+00:00,193.8,37.42,0.8619,0.139934259
2022-04-11 12:00:00+00:00,49.1,35.86,0.7829,0.0356252415
2022-04-12 01:00:00+00:00,106.05,25.97,0.2275,0.079306045875
2022-04-12 02:00:00+00:00,312.48,29.04,0.34299999999999997,0.2315195568
2022-04-12 03:00:00+00:00,528.2,33.63,0.4382,0.3858936765
2022-04-12 04:00:00+00:00,683.05,35.86,0.6065999999999999,0.49559717324999997
2022-04-12 05:00:00+00:00,833.0,37.42,0.5494,0.6014718149999999
2022-04-12 06:00:00+00:00,945.67,38.62,0.39590000000000003,0.6802724428500001
2022-04-12 07:00:00+00:00,984.7,39.37,0.41450000000000004,0.70668718725
2022-04-12 08:00:00+00:00,900.0,39.57,0.145,0.64549575
2022-04-12 09:00:00+00:00,741.4,39.27,0.19899999999999998,0.5322454994999999
2022-04-12 10:00:00+00:00,530.0,38.65,0.1778,0.381222375
2022-04-12 11:00:00+00:00,284.55,37.6,0.2899,0.2053455075
2022-04-12 12:00:00+00:00,62.4,36.02,0.4322,0.04525279199999999
2022-04-13 01:00:00+00:00,114.43,25.71,0.6127,0.08563969807499999
2022-04-13 02:00:00+00:00,323.52,28.61,0.5532,0.24001220879999996
2022-04-13 03:00:00+00:00,557.1,31.37,0.4586,0.40984036425000003
2022-04-13 04:00:00+00:00,743.5,33.74,0.4625,0.5430040725
2022-04-13 05:00:00+00:00,865.85,35.49,0.5444,0.6289512753750001
2022-04-13 06:00:00+00:00,900.9,36.7,0.7311,0.6519588074999999
2022-04-13 07:00:00+00:00,903.62,37.52,0.8151999999999999,0.6522600245999999
2022-04-13 08:00:00+00:00,840.05,38.12,0.32420000000000004,0.6052392240000001
2022-04-13 09:00:00+00:00,708.9,38.31,0.1494,0.51044521725
2022-04-13 10:00:00+00:00,477.17,37.96,0.4193,0.3439632228
2022-04-13 11:00:00+00:00,238.45,37.01,0.5783,0.172393984875
2022-04-13 12:00:00+00:00,49.4,35.5,0.7683,0.035882925
2022-04-14 01:00:00+00:00,77.25,27.58,0.8271,0.057489063750000007
2022-04-14 02:00:00+00:00,221.9,29.18,0.77,0.1643380305
2022-04-14 03:00:00+00:00,385.83,30.99,0.7302,0.284172476175
2022-04-14 04:00:00+00:00,513.83,32.62,0.925,0.37656288465
2022-04-14 05:00:00+00:00,655.42,34.19,0.9466,0.47801255295000006
2022-04-14 06:00:00+00:00,755.17,35.72,0.9303,0.5481627996
2022-04-14 07:00:00+00:00,645.38,36.78,0.9902,0.46692920309999997
2022-04-14 08:00:00+00:00,686.65,37.16,0.7807999999999999,0.49620075599999997
2022-04-14 09:00:00+00:00,551.22,37.02,0.8051999999999999,0.3985072551
2022-04-14 10:00:00+00:00,369.65,36.51,0.9534,0.26766448912499996
2022-04-14 11:00:00+00:00,187.0,35.83,0.9656,0.1356932775
2022-04-14 12:00:00+00:00,42.88,34.4,0.9773999999999999,0.031253088
2022-04-15 01:00:00+00:00,97.97,25.35,0.8734999999999999,0.073400348625
2022-04-15 02:00:00+00:00,256.98,28.54,0.8473999999999999,0.19068815430000005
2022-04-15 03:00:00+00:00,445.55,31.71,0.7965000000000001,0.327435808875
2022-04-15 04:00:00+00:00,666.95,34.34,0.46149999999999997,0.48619654575000004
2022-04-15 05:00:00+00:00,811.3,36.34,0.47859999999999997,0.5877746804999998
2022-04-15 06:00:00+00:00,836.92,37.96,0.6631,0.6032854127999999
2022-04-15 07:00:00+00:00,835.05,39.06,0.6518,0.59987069325
2022-04-15 08:00:00+00:00,802.6,39.48,0.6772,0.575801292
2022-04-15 09:00:00+00:00,557.88,39.16,0.7951999999999999,0.40063594320000007
2022-04-15 10:00:00+00:00,414.62,38.4,0.5634,0.298464207
2022-04-15 11:00:00+00:00,205.2,36.96,0.6652,0.14837806799999997
2022-04-15 12:00:00+00:00,45.9,35.76,0.7731,0.033313761
2022-04-16 01:00:00+00:00,90.95,28.67,0.7917000000000001,0.06746148037500001
2022-04-16 02:00:00+00:00,220.73,31.43,0.9001,0.16235408872499998
2022-04-16 03:00:00+00:00,368.08,34.43,0.9908,0.26825026259999996
2022-04-16 04:00:00+00:00,527.83,36.68,0.9518000000000001,0.38200112760000005
2022-04-16 05:00:00+00:00,565.53,38.28,0.9691,0.40724946360000003
2022-04-16 06:00:00+00:00,651.6,39.38,0.9490000000000001,0.46761748200000003
2022-04-16 07:00:00+00:00,587.22,40.04,0.9695999999999999,0.4205434752
2022-04-16 08:00:00+00:00,557.97,40.1,0.8476,0.39952046925000007
2022-04-16 09:00:00+00:00,596.12,39.95,0.5635,0.4270380135
2022-04-16 10:00:00+00:00,419.92,38.98,0.5257999999999999,0.3017314164
2022-04-16 11:00:00+00:00,204.32,37.4,0.6509,0.14753947199999998
2022-04-16 12:00:00+00:00,44.28,36.0,0.8199,0.03211407
2022-04-17 01:00:00+00:00,63.72,28.02,0.9723999999999999,0.0473570226
2022-04-17 02:00:00+00:00,183.55,29.99,0.9678,0.13560169237500003
2022-04-17 03:00:00+00:00,329.05,32.41,0.9618000000000001,0.241301413875
2022-04-17 04:00:00+00:00,504.55,34.49,0.8004000000000001,0.36763909612500006
2022-04-17 05:00:00+00:00,670.6,36.09,0.7384999999999999,0.4862168535
2022-04-17 06:00:00+00:00,875.65,37.28,0.5816,0.6325432905
2022-04-17 07:00:00+00:00,843.17,37.58,0.3715,0.60851157315
2022-04-17 08:00:00+00:00,775.9,36.3,0.4249,0.5621977424999999
2022-04-17 09:00:00+00:00,649.12,35.77,0.36090000000000005,0.4711101996
2022-04-17 10:00:00+00:00,467.08,35.29,0.25489999999999996,0.3394959303
2022-04-17 11:00:00+00:00,229.25,34.58,0.423,0.16699601625000002
2022-04-17 12:00:00+00:00,50.03,33.69,0.6011,0.036544288425
2022-04-18 01:00:00+00:00,107.75,25.39,0.0455,0.080717949375
2022-04-18 02:00:00+00:00,311.67,27.97,0.0584,0.23166976522500002
2022-04-18 03:00:00+00:00,534.72,32.05,0.0594,0.39255800399999996
2022-04-18 04:00:00+00:00,726.35,35.02,0.0601,0.52838693925
2022-04-18 05:00:00+00:00,861.78,36.66,0.06,0.6237262017
2022-04-18 06:00:00+00:00,948.47,37.89,0.0592,0.6838444988250001
2022-04-18 07:00:00+00:00,934.08,38.67,0.0592,0.6718300344000001
2022-04-18 08:00:00+00:00,857.25,38.85,0.004699999999999999,0.616223446875
2022-04-18 09:00:00+00:00,692.95,38.44,0.0326,0.49875769200000003
2022-04-18 10:00:00+00:00,477.25,36.86,0.0264,0.34520208375000005
2022-04-18 11:00:00+00:00,240.3,35.53,0.0959,0.17453169225
2022-04-18 12:00:00+00:00,51.92,34.13,0.20120000000000002,0.0378734334
2022-04-19 01:00:00+00:00,103.82,24.73,0.6790999999999999,0.07792807064999999
2022-04-19 02:00:00+00:00,277.23,27.61,0.5992999999999999,0.20629446682500002
2022-04-19 03:00:00+00:00,494.52,30.69,0.4875,0.36455890769999993
2022-04-19 04:00:00+00:00,725.35,32.69,0.2192,0.531462131625
2022-04-19 05:00:00+00:00,880.42,34.28,0.055099999999999996,0.6419318304
2022-04-19 06:00:00+00:00,925.75,35.47,0.1076,0.672504144375
2022-04-19 07:00:00+00:00,899.75,36.11,0.3295,0.6523209993750001
2022-04-19 08:00:00+00:00,736.9,36.25,0.7847,0.5340222187500001
2022-04-19 09:00:00+00:00,599.78,36.0,0.5228,0.43499044499999995
2022-04-19 10:00:00+00:00,440.85,35.08,0.2666,0.320639022
2022-04-19 11:00:00+00:00,210.35,33.68,0.41159999999999997,0.15365436449999997
2022-04-19 12:00:00+00:00,46.6,31.73,0.5051,0.0342443595
2022-04-20 00:00:00+00:00,5.5,24.07,0.4885,0.00413650875
2022-04-20 01:00:00+00:00,114.28,24.96,0.39630000000000004,0.0857202852
2022-04-20 02:00:00+00:00,321.6,28.1,0.35719999999999996,0.23895684
2022-04-20 03:00:00+00:00,548.28,32.12,0.3053,0.40242655439999997
2022-04-20 04:00:00+00:00,746.45,34.48,0.24530000000000002,0.5439157215
2022-04-20 05:00:00+00:00,888.12,36.24,0.1845,0.6436294452000001
2022-04-20 06:00:00+00:00,980.33,37.68,0.12279999999999999,0.7072786851
2022-04-20 07:00:00+00:00,966.5,38.67,0.0617,0.6951478762500001
2022-04-20 08:00:00+00:00,876.6,39.21,0.0001,0.6294229065000001
2022-04-20 09:00:00+00:00,712.05,39.26,0.0066,0.51119137575
2022-04-20 10:00:00+00:00,494.75,38.93,0.0131,0.35555579812500004
2022-04-20 11:00:00+00:00,254.7,38.11,0.0196,0.18351198675
2022-04-20 12:00:00+00:00,57.67,36.7,0.026099999999999998,0.041734337249999996
2022-04-21 00:00:00+00:00,5.43,25.45,0.0891,0.004067002125
2022-04-21 01:00:00+00:00,117.25,26.34,0.0692,0.08758399124999999
2022-04-21 02:00:00+00:00,328.52,29.38,0.0858,0.24315243539999998
2022-04-21 03:00:00+00:00,557.05,32.37,0.0834,0.408550218375
2022-04-21 04:00:00+00:00,754.15,34.75,0.0785,0.5490683343749999
2022-04-21 05:00:00+00:00,893.2,36.5,0.07200000000000001,0.64678845
2022-04-21 06:00:00+00:00,978.65,37.71,0.0644,0.706000556625
2022-04-21 07:00:00+00:00,960.95,38.25,0.0745,0.6920641781250001
2022-04-21 08:00:00+00:00,856.95,38.33,0.1002,0.6170104271250001
2022-04-21 09:00:00+00:00,698.55,38.37,0.1117,0.502898369625
2022-04-21 10:00:00+00:00,483.77,38.33,0.15710000000000002,0.34831802827499997
2022-04-21 11:00:00+00:00,247.62,37.79,0.29469999999999996,0.17858911545
2022-04-21 12:00:00+00:00,55.95,36.08,0.4125,0.040567666499999995
2022-04-22 00:00:00+00:00,5.88,25.76,0.614,0.0043999452
2022-04-22 01:00:00+00:00,123.18,26.58,0.40909999999999996,0.09194709510000001
2022-04-22 02:00:00+00:00,338.92,28.56,0.2895,0.2514752508
2022-04-22 03:00:00+00:00,580.08,31.05,0.1402,0.42716366100000003
2022-04-22 04:00:00+00:00,782.9,33.33,0.013999999999999999,0.5725014967500001
2022-04-22 05:00:00+00:00,917.45,35.16,0.0173,0.6671145930000001
2022-04-22 06:00:00+00:00,1011.95,36.66,0.0206,0.7324139917500001
2022-04-22 07:00:00+00:00,993.72,37.71,0.0239,0.7168720923
2022-04-22 08:00:00+00:00,907.88,38.39,0.013999999999999999,0.6535578452999999
2022-04-22 09:00:00+00:00,745.17,38.72,0.013999999999999999,0.5358741021000001
2022-04-22 10:00:00+00:00,527.25,38.31,0.0326,0.379647680625
2022-04-22 11:00:00+00:00,280.52,37.35,0.07490000000000001,0.20259505049999998
2022-04-22 12:00:00+00:00,65.22,35.01,0.10859999999999999,0.04744608255
2022-04-23 00:00:00+00:00,6.93,25.0,0.9808,0.0051975
2022-04-23 01:00:00+00:00,102.8,25.93,0.9814,0.07688489100000001
2022-04-23 02:00:00+00:00,266.2,27.75,0.9831,0.1980028875
2022-04-23 03:00:00+00:00,443.7,29.82,0.9963,0.3279630735
2022-04-23 04:00:00+00:00,634.95,31.81,0.9359999999999999,0.46648347862500006
2022-04-23 05:00:00+00:00,822.17,33.71,0.722,0.600515023425
2022-04-23 06:00:00+00:00,799.28,35.42,0.9233,0.5807208804
2022-04-23 07:00:00+00:00,803.47,36.8,0.9765999999999999,0.5812703715
2022-04-23 08:00:00+00:00,714.83,37.63,0.8001,0.515808818475
2022-04-23 09:00:00+00:00,553.88,37.79,0.7373999999999999,0.3994707183
2022-04-23 10:00:00+00:00,360.67,37.57,0.9183,0.26030185072499995
2022-04-23 11:00:00+00:00,185.93,36.8,0.9470999999999999,0.1345110585
2022-04-23 12:00:00+00:00,45.45,35.08,0.9621999999999999,0.033056694000000005
2022-04-24 00:00:00+00:00,5.95,24.32,0.8114,0.004471603500000001
2022-04-24 01:00:00+00:00,115.07,25.45,0.6193,0.086185991625
2022-04-24 02:00:00+00:00,308.62,29.14,0.4902,0.2285902047
2022-04-24 03:00:00+00:00,529.7,32.43,0.3553,0.38841974025000003
2022-04-24 04:00:00+00:00,734.45,34.93,0.2645,0.5344280508750001
2022-04-24 05:00:00+00:00,877.38,37.19,0.19190000000000002,0.63397066005
2022-04-24 06:00:00+00:00,987.67,38.76,0.08789999999999999,0.7101742367999999
2022-04-24 07:00:00+00:00,912.45,39.77,0.3094,0.654014505375
2022-04-24 08:00:00+00:00,839.53,40.27,0.2981,0.600803348025
2022-04-24 09:00:00+00:00,663.62,40.27,0.35719999999999996,0.47491467585
2022-04-24 10:00:00+00:00,469.15,39.79,0.33630000000000004,0.336250360875
2022-04-24 11:00:00+00:00,238.35,38.81,0.4213,0.171356369625
2022-04-24 12:00:00+00:00,56.6,36.53,0.5297999999999999,0.0409816545
2022-04-25 00:00:00+00:00,6.85,24.25,0.6284000000000001,0.005149059375
2022-04-25 01:00:00+00:00,116.0,26.02,0.6964,0.08673378000000001
2022-04-25 02:00:00+00:00,297.1,29.23,0.7768,0.21999735075000001
2022-04-25 03:00:00+00:00,502.5,32.76,0.8425,0.36810135
2022-04-25 04:00:00+00:00,700.5,35.47,0.7661,0.50887297125
2022-04-25 05:00:00+00:00,876.22,37.46,0.496,0.6326001723
2022-04-25 06:00:00+00:00,939.3,39.06,0.2746,0.6747602444999999
2022-04-25 07:00:00+00:00,893.45,40.01,0.2254,0.639913459875
2022-04-25 08:00:00+00:00,784.53,40.49,0.3514,0.5610546681749999
2022-04-25 09:00:00+00:00,649.85,40.39,0.23370000000000002,0.464884819125
2022-04-25 10:00:00+00:00,446.58,39.9,0.2572,0.3199634055
2022-04-25 11:00:00+00:00,222.32,38.99,0.42810000000000004,0.1597419222
2022-04-25 12:00:00+00:00,51.42,37.18,0.6101,0.037155834900000004
2022-04-26 00:00:00+00:00,6.95,26.42,0.15869999999999998,0.00519029475
2022-04-26 01:00:00+00:00,127.93,26.99,0.091,0.09537469342500002
2022-04-26 02:00:00+00:00,345.38,29.93,0.125,0.25520387235
2022-04-26 03:00:00+00:00,576.78,33.29,0.10099999999999999,0.42182661105
2022-04-26 04:00:00+00:00,775.25,35.96,0.0634,0.562319835
2022-04-26 05:00:00+00:00,913.28,37.98,0.0404,0.6582876576000001
2022-04-26 06:00:00+00:00,987.12,39.52,0.0187,0.7080907895999999
2022-04-26 07:00:00+00:00,972.97,40.53,0.0168,0.695729495775
2022-04-26 08:00:00+00:00,881.85,41.01,0.0149,0.629621058375
2022-04-26 09:00:00+00:00,718.42,40.93,0.0421,0.5130650311499999
2022-04-26 10:00:00+00:00,498.25,40.38,0.0584,0.35644555875
2022-04-26 11:00:00+00:00,262.17,39.34,0.1001,0.18816858495
2022-04-26 12:00:00+00:00,61.47,37.09,0.07440000000000001,0.04443036232499999
2022-04-27 00:00:00+00:00,7.55,25.95,0.0129,0.0056463618749999995
2022-04-27 01:00:00+00:00,140.23,26.83,0.0124,0.104595102975
2022-04-27 02:00:00+00:00,363.58,30.05,0.011899999999999999,0.26855382224999996
2022-04-27 03:00:00+00:00,594.1,33.73,0.011399999999999999,0.43390539075000006
2022-04-27 04:00:00+00:00,787.12,36.69,0.0109,0.5696367762000001
2022-04-27 05:00:00+00:00,921.38,38.81,0.0103,0.66240541995
2022-04-27 06:00:00+00:00,997.65,40.31,0.0098,0.7138709516249999
2022-04-27 07:00:00+00:00,982.85,41.25,0.009300000000000001,0.701202046875
2022-04-27 08:00:00+00:00,889.22,41.67,0.0166,0.6335625808500001
2022-04-27 09:00:00+00:00,733.03,41.57,0.009300000000000001,0.522443309025
2022-04-27 10:00:00+00:00,521.78,40.97,0.0233,0.37258614014999997
2022-04-27 11:00:00+00:00,278.95,39.92,0.0587,0.19984814849999996
2022-04-27 12:00:00+00:00,64.82,38.2,0.0764,0.04668984599999999
2022-04-28 00:00:00+00:00,8.0,26.17,0.1954,0.00597894
2022-04-28 01:00:00+00:00,137.93,26.75,0.10679999999999999,0.102904400625
2022-04-28 02:00:00+00:00,356.0,29.46,0.1399,0.26342754
2022-04-28 03:00:00+00:00,583.42,33.71,0.1167,0.42613142654999997
2022-04-28 04:00:00+00:00,775.6,37.05,0.09119999999999999,0.560671545
2022-04-28 05:00:00+00:00,909.62,39.14,0.0643,0.6532754397
2022-04-28 06:00:00+00:00,973.25,40.62,0.0355,0.6957326287499999
2022-04-28 07:00:00+00:00,958.75,41.57,0.0087,0.683317903125
2022-04-28 08:00:00+00:00,865.6,41.97,0.037200000000000004,0.6161492279999999
2022-04-28 09:00:00+00:00,701.83,41.83,0.06559999999999999,0.499795952475
2022-04-28 10:00:00+00:00,487.23,41.2,0.10529999999999999,0.3476629665
2022-04-28 11:00:00+00:00,254.9,40.0,0.12369999999999999,0.182572125
2022-04-28 12:00:00+00:00,56.35,38.26,0.2206,0.04058129775
2022-04-29 00:00:00+00:00,7.68,26.87,0.3378,0.005727686399999999
2022-04-29 01:00:00+00:00,131.88,28.6,0.233,0.097841772
2022-04-29 02:00:00+00:00,346.25,31.19,0.2096,0.25486510312500005
2022-04-29 03:00:00+00:00,584.67,34.54,0.1243,0.4259525584499999
2022-04-29 04:00:00+00:00,784.6,37.49,0.004699999999999999,0.5664007785
2022-04-29 05:00:00+00:00,917.67,39.41,0.0171,0.6584993444249999
2022-04-29 06:00:00+00:00,958.6,40.8,0.029500000000000002,0.68487177
2022-04-29 07:00:00+00:00,939.05,41.79,0.04190000000000001,0.6688125386249999
2022-04-29 08:00:00+00:00,847.65,42.28,0.004699999999999999,0.6027808680000001
2022-04-29 09:00:00+00:00,682.9,42.16,0.04650000000000001,0.485808231
2022-04-29 10:00:00+00:00,474.08,41.55,0.042300000000000004,0.33790644599999997
2022-04-29 11:00:00+00:00,242.18,40.48,0.030600000000000002,0.17319987059999997
2022-04-29 12:00:00+00:00,54.92,38.63,0.0694,0.0395057409
2022-04-30 00:00:00+00:00,8.05,28.14,0.049400000000000006,0.00598062675
2022-04-30 01:00:00+00:00,139.68,29.02,0.043,0.1034965944
2022-04-30 02:00:00+00:00,344.17,31.83,0.0366,0.252838467525
2022-04-30 03:00:00+00:00,574.95,34.41,0.0302,0.41903937112500006
2022-04-30 04:00:00+00:00,770.0,36.3,0.023799999999999998,0.55792275
2022-04-30 05:00:00+00:00,905.08,37.86,0.0174,0.6526215102
2022-04-30 06:00:00+00:00,957.95,39.17,0.011000000000000001,0.687920659125
2022-04-30 07:00:00+00:00,945.03,40.1,0.004699999999999999,0.6766651057499999
2022-04-30 08:00:00+00:00,786.08,40.63,0.4213,0.5619155316
2022-04-30 09:00:00+00:00,683.42,40.72,0.0967,0.4883924345999999
2022-04-30 10:00:00+00:00,468.6,40.42,0.1522,0.33519192300000006
2022-04-30 11:00:00+00:00,232.65,39.67,0.2686,0.166808305125
2022-04-30 12:00:00+00:00,53.75,38.12,0.42369999999999997,0.038725800000000005
2022-05-01 00:00:00+00:00,8.5,27.62,0.0,0.006324892500000001
2022-05-01 01:00:00+00:00,146.0,27.8,0.0,0.10858019999999999
2022-05-01 02:00:00+00:00,352.45,29.72,0.0,0.260594481
2022-05-01 03:00:00+00:00,583.62,32.72,0.0,0.42757752060000004
2022-05-01 04:00:00+00:00,776.78,35.55,0.0,0.56414618475
2022-05-01 05:00:00+00:00,910.12,37.92,0.0,0.6561328116
2022-05-01 06:00:00+00:00,976.5,39.8,0.0,0.69985755
2022-05-01 07:00:00+00:00,961.42,40.92,0.0,0.6866269356
2022-05-01 08:00:00+00:00,870.22,41.38,0.0,0.6205930419000001
2022-05-01 09:00:00+00:00,710.7,41.26,0.0023,0.5070240404999999
2022-05-01 10:00:00+00:00,500.62,40.68,0.004699999999999999,0.35780312639999995
2022-05-01 11:00:00+00:00,257.3,39.69,0.2588,0.18447059175000002
2022-05-01 12:00:00+00:00,60.28,37.86,0.5577000000000001,0.0434657982
2022-05-02 00:00:00+00:00,8.23,24.54,0.9951000000000001,0.006181018050000001
2022-05-02 01:00:00+00:00,109.55,25.67,0.9953,0.081997353375
2022-05-02 02:00:00+00:00,280.73,28.48,0.9998,0.20834938410000003
2022-05-02 03:00:00+00:00,503.42,31.95,0.9893000000000001,0.36969276975
2022-05-02 04:00:00+00:00,673.7,35.2,0.9475,0.48981358500000005
2022-05-02 05:00:00+00:00,795.97,37.68,0.8668,0.5742684759000001
2022-05-02 06:00:00+00:00,885.75,39.45,0.6624,0.635514553125
2022-05-02 07:00:00+00:00,909.08,40.46,0.3215,0.6501876522000001
2022-05-02 08:00:00+00:00,853.22,40.66,0.3023,0.6098517933
2022-05-02 09:00:00+00:00,707.85,40.3,0.0711,0.50651976375
2022-05-02 10:00:00+00:00,499.2,40.21,0.0719,0.35731612799999996
2022-05-02 11:00:00+00:00,263.5,39.34,0.1425,0.1891231725
2022-05-02 12:00:00+00:00,62.42,37.4,0.2368,0.045073482000000005
2022-05-03 00:00:00+00:00,9.4,27.14,0.2109,0.007004739000000001
2022-05-03 01:00:00+00:00,142.68,27.7,0.1957,0.106143219
2022-05-03 02:00:00+00:00,358.25,29.65,0.2018,0.26493930937500004
2022-05-03 03:00:00+00:00,586.03,32.05,0.177,0.43022659912499994
2022-05-03 04:00:00+00:00,773.55,34.55,0.1638,0.563540844375
2022-05-03 05:00:00+00:00,903.55,37.07,0.15039999999999998,0.6531243408749999
2022-05-03 06:00:00+00:00,966.22,39.16,0.1369,0.6938812308000001
2022-05-03 07:00:00+00:00,948.75,40.52,0.1235,0.6784321499999999
2022-05-03 08:00:00+00:00,867.08,41.25,0.033,0.6186073875000001
2022-05-03 09:00:00+00:00,645.47,41.13,0.1773,0.46067678002499995
2022-05-03 10:00:00+00:00,427.05,40.63,0.3328,0.305269219125
2022-05-03 11:00:00+00:00,214.32,39.9,0.47950000000000004,0.153554922
2022-05-03 12:00:00+00:00,48.3,38.36,0.6697,0.03477310199999999
2022-05-04 00:00:00+00:00,8.48,27.49,0.7668,0.0063124908
2022-05-04 01:00:00+00:00,112.65,27.87,0.6633,0.08376006262499999
2022-05-04 02:00:00+00:00,282.77,29.29,0.5708,0.20934806257499997
2022-05-04 03:00:00+00:00,506.45,31.43,0.4603,0.37251043462499994
2022-05-04 04:00:00+00:00,685.55,33.38,0.4728,0.5012364547499999
2022-05-04 05:00:00+00:00,804.1,34.81,0.4218,0.5853265027500001
2022-05-04 06:00:00+00:00,735.2,35.95,0.5672,0.53328651
2022-05-04 07:00:00+00:00,670.8,36.64,0.7181000000000001,0.48553174800000004
2022-05-04 08:00:00+00:00,590.0,36.77,0.7219,0.426875325
2022-05-04 09:00:00+00:00,505.98,36.53,0.7404000000000001,0.36635861384999996
2022-05-04 10:00:00+00:00,339.6,36.09,0.8870999999999999,0.24622613100000004
2022-05-04 11:00:00+00:00,170.95,35.13,0.9051,0.124316122125
2022-05-04 12:00:00+00:00,41.55,33.68,0.9475,0.0303510285
2022-05-05 00:00:00+00:00,6.9,26.76,0.705,0.005147676000000001
2022-05-05 01:00:00+00:00,94.05,27.02,0.45439999999999997,0.07011004275
2022-05-05 02:00:00+00:00,245.9,27.9,0.23260000000000003,0.1828205025
2022-05-05 03:00:00+00:00,450.8,29.21,0.037200000000000004,0.333829797
2022-05-05 04:00:00+00:00,624.65,29.95,0.06509999999999999,0.4615304606249999
2022-05-05 05:00:00+00:00,763.03,30.2,0.0454,0.563345049
2022-05-05 06:00:00+00:00,821.62,30.64,0.2164,0.6057886422
2022-05-05 07:00:00+00:00,645.45,30.98,0.7489,0.47540297025000006
2022-05-05 08:00:00+00:00,499.98,31.24,0.8945000000000001,0.3679652808
2022-05-05 09:00:00+00:00,396.25,31.35,0.6983,0.291526078125
2022-05-05 10:00:00+00:00,241.12,31.4,0.7796,0.177367872
2022-05-05 11:00:00+00:00,135.82,31.02,0.8215,0.1000253181
2022-05-05 12:00:00+00:00,34.17,29.76,0.8683,0.0252615393
2022-05-06 00:00:00+00:00,9.65,23.72,0.2531,0.007265292000000001
2022-05-06 01:00:00+00:00,134.07,24.77,0.20679999999999998,0.100621881225
2022-05-06 02:00:00+00:00,335.83,27.95,0.2075,0.24964342837499995
2022-05-06 03:00:00+00:00,560.38,30.93,0.1668,0.41280812985000004
2022-05-06 04:00:00+00:00,745.4,33.12,0.1346,0.545431542
2022-05-06 05:00:00+00:00,876.2,34.98,0.10189999999999999,0.6374749290000001
2022-05-06 06:00:00+00:00,939.83,36.56,0.0701,0.6804275217
2022-05-06 07:00:00+00:00,929.65,37.52,0.0326,0.6710492594999999
2022-05-06 08:00:00+00:00,760.75,37.86,0.3589,0.5485501987500001
2022-05-06 09:00:00+00:00,604.88,37.29,0.20620000000000002,0.4369335558
2022-05-06 10:00:00+00:00,338.2,36.84,0.4454,0.24464035199999998
2022-05-06 11:00:00+00:00,180.1,35.66,0.58,0.1307553015
2022-05-06 12:00:00+00:00,44.55,34.04,0.7201000000000001,0.032506352999999995
2022-05-07 00:00:00+00:00,9.85,24.38,0.2437,0.0074012407499999995
2022-05-07 01:00:00+00:00,128.7,25.56,0.177,0.09636283799999998
2022-05-07 02:00:00+00:00,329.95,28.34,0.1686,0.24498292574999997
2022-05-07 03:00:00+00:00,553.8,31.15,0.09820000000000001,0.4076867925
2022-05-07 04:00:00+00:00,743.47,33.52,0.0326,0.5433501801
2022-05-07 05:00:00+00:00,882.55,35.39,0.0209,0.6412806873749999
2022-05-07 06:00:00+00:00,957.15,36.93,0.009300000000000001,0.6921702011249999
2022-05-07 07:00:00+00:00,940.38,38.03,0.013999999999999999,0.67771540935
2022-05-07 08:00:00+00:00,840.58,38.72,0.133,0.6044862954
2022-05-07 09:00:00+00:00,622.22,38.93,0.2741,0.44716306965
2022-05-07 10:00:00+00:00,416.52,38.42,0.2897,0.2998131786
2022-05-07 11:00:00+00:00,212.23,36.9,0.39990000000000003,0.15349004175
2022-05-07 12:00:00+00:00,50.8,35.1,0.4982,0.03694557
2022-05-08 00:00:00+00:00,10.15,25.05,0.7545999999999999,0.007611358125000001
2022-05-08 01:00:00+00:00,127.1,26.03,0.5458,0.09503044574999998
2022-05-08 02:00:00+00:00,319.42,28.74,0.38130000000000003,0.23687708070000002
2022-05-08 03:00:00+00:00,542.62,31.79,0.2234,0.39867512295
2022-05-08 04:00:00+00:00,732.17,34.14,0.1096,0.53407042395
2022-05-08 05:00:00+00:00,870.1,35.71,0.0762,0.6316077652500001
2022-05-08 06:00:00+00:00,831.97,37.39,0.537,0.600784256325
2022-05-08 07:00:00+00:00,806.92,38.55,0.9871,0.5805890265
2022-05-08 08:00:00+00:00,616.42,39.05,0.8549,0.44282842274999995
2022-05-08 09:00:00+00:00,410.48,38.93,0.9358,0.2949945306
2022-05-08 10:00:00+00:00,174.57,38.38,0.9998,0.12567207014999998
2022-05-08 11:00:00+00:00,96.05,37.03,1.0,0.069437666625
2022-05-08 12:00:00+00:00,23.17,35.64,1.0,0.016822810200000003
2022-05-09 00:00:00+00:00,10.3,26.02,0.9168999999999999,0.0077013615
2022-05-09 01:00:00+00:00,103.28,27.09,0.8653,0.0769743258
2022-05-09 02:00:00+00:00,238.5,29.88,0.804,0.17625627000000002
2022-05-09 03:00:00+00:00,421.52,32.74,0.7326,0.30879922919999997
2022-05-09 04:00:00+00:00,623.6,35.1,0.4537,0.45352869
2022-05-09 05:00:00+00:00,753.28,36.86,0.5946,0.5448587232
2022-05-09 06:00:00+00:00,810.33,37.96,0.3593,0.5841182772
2022-05-09 07:00:00+00:00,691.58,37.53,0.9987999999999999,0.49918763085000006
2022-05-09 08:00:00+00:00,536.45,37.1,0.995,0.3877326487500001
2022-05-09 09:00:00+00:00,393.0,36.48,0.9961,0.28459881
2022-05-09 10:00:00+00:00,236.27,35.82,0.9958,0.17145050685000002
2022-05-09 11:00:00+00:00,99.47,34.65,0.9556999999999999,0.072442757625
2022-05-09 12:00:00+00:00,19.38,32.82,0.9732999999999999,0.0141940089
2022-05-10 00:00:00+00:00,5.62,24.84,0.9948999999999999,0.0042170232
2022-05-10 01:00:00+00:00,58.33,25.38,0.9902,0.043697627850000004
2022-05-10 02:00:00+00:00,146.02,26.58,0.9958,0.1089958989
2022-05-10 03:00:00+00:00,228.9,28.61,0.9968,0.16981575975
2022-05-10 04:00:00+00:00,329.45,31.0,1.0,0.24263992499999995
2022-05-10 05:00:00+00:00,287.35,32.93,0.9936,0.21038545762500005
2022-05-10 06:00:00+00:00,303.8,34.25,0.9901000000000001,0.22152716249999999
2022-05-10 07:00:00+00:00,259.1,34.98,1.0,0.18850690950000001
2022-05-10 08:00:00+00:00,343.95,35.27,0.9974,0.250014675375
2022-05-10 09:00:00+00:00,238.25,35.11,0.9995,0.173267908125
2022-05-10 10:00:00+00:00,114.62,34.59,0.9923000000000001,0.08349178695000001
2022-05-10 11:00:00+00:00,62.97,33.38,0.9978,0.046040200649999995
2022-05-10 12:00:00+00:00,16.08,30.81,1.0,0.011849794199999998
2022-05-11 01:00:00+00:00,53.28,25.34,0.9899,0.0399192408
2022-05-11 02:00:00+00:00,116.62,26.91,0.9956999999999999,0.08696382555
2022-05-11 03:00:00+00:00,168.23,28.66,0.9865999999999999,0.12478712595
2022-05-11 04:00:00+00:00,192.62,30.22,0.9906999999999999,0.1422026781
2022-05-11 05:00:00+00:00,177.55,31.36,0.9868000000000001,0.13062175950000002
2022-05-11 06:00:00+00:00,171.77,32.22,0.9839,0.12603709635000002
2022-05-11 07:00:00+00:00,149.32,32.89,0.982,0.10933919669999999
2022-05-11 08:00:00+00:00,110.57,33.17,0.9954000000000001,0.08089494697499998
2022-05-11 09:00:00+00:00,89.6,33.01,0.978,0.06558518399999999
2022-05-11 10:00:00+00:00,48.12,32.46,0.9793000000000001,0.0352823058
2022-05-11 11:00:00+00:00,32.83,31.31,0.9826,0.024156396075
2022-05-11 12:00:00+00:00,11.15,29.7,1.0,0.00824458875
2022-05-12 01:00:00+00:00,23.02,23.93,0.9763,0.017320420649999998
2022-05-12 02:00:00+00:00,74.03,25.46,0.978,0.05544587895
2022-05-12 03:00:00+00:00,153.57,27.51,0.983,0.11431021342499999
2022-05-12 04:00:00+00:00,228.8,29.88,0.9929000000000001,0.169087776
2022-05-12 05:00:00+00:00,307.02,31.69,0.9972,0.22564358144999996
2022-05-12 06:00:00+00:00,313.12,33.0,0.9876,0.22920384
2022-05-12 07:00:00+00:00,309.7,33.74,0.9879000000000001,0.22618474949999998
2022-05-12 08:00:00+00:00,285.73,34.27,0.9992,0.20833788652500002
2022-05-12 09:00:00+00:00,240.52,34.59,0.9990000000000001,0.1752001797
2022-05-12 10:00:00+00:00,211.1,34.26,1.0,0.1539267315
2022-05-12 11:00:00+00:00,77.32,33.22,0.9890000000000001,0.0565599666
2022-05-12 12:00:00+00:00,13.2,31.09,0.9789,0.009719127
2022-05-13 00:00:00+00:00,9.93,23.78,0.99,0.0074747578499999995
2022-05-13 01:00:00+00:00,108.4,24.58,0.9908,0.08140243800000001
2022-05-13 02:00:00+00:00,276.33,26.22,0.9936,0.20648897414999998
2022-05-13 03:00:00+00:00,480.15,28.16,0.997,0.3566986334999999
2022-05-13 04:00:00+00:00,580.03,30.26,0.9986,0.42815784495
2022-05-13 05:00:00+00:00,662.62,32.23,0.9884000000000001,0.48618582914999997
2022-05-13 06:00:00+00:00,654.88,33.87,0.9995999999999999,0.47809023240000004
2022-05-13 07:00:00+00:00,683.22,34.81,0.9786,0.4973346265500001
2022-05-13 08:00:00+00:00,590.62,34.98,0.9797,0.4297026279000001
2022-05-13 09:00:00+00:00,468.12,34.28,0.9864,0.3413156544
2022-05-13 10:00:00+00:00,311.38,33.73,0.9973000000000001,0.22741871835000002
2022-05-13 11:00:00+00:00,164.07,32.83,0.9976,0.12016199677499999
2022-05-13 12:00:00+00:00,45.28,31.44,0.9976,0.033303892800000005
2022-05-14 00:00:00+00:00,8.18,24.75,0.8972,0.00613960125
2022-05-14 01:00:00+00:00,102.53,25.78,0.7931,0.07671755984999999
2022-05-14 02:00:00+00:00,248.88,27.84,0.7056999999999999,0.1850696568
2022-05-14 03:00:00+00:00,469.88,30.17,0.5926,0.3469441209
2022-05-14 04:00:00+00:00,669.05,32.24,0.3747,0.4908886755
2022-05-14 05:00:00+00:00,810.1,33.99,0.29109999999999997,0.59118870225
2022-05-14 06:00:00+00:00,915.08,35.29,0.2291,0.6651236103
2022-05-14 07:00:00+00:00,914.38,36.19,0.2709,0.66276319755
2022-05-14 08:00:00+00:00,812.4,36.83,0.1938,0.5876759429999999
2022-05-14 09:00:00+00:00,641.65,36.95,0.2091,0.463985135625
2022-05-14 10:00:00+00:00,461.52,36.59,0.1909,0.3341047122
2022-05-14 11:00:00+00:00,241.77,35.68,0.3592,0.1755177669
2022-05-14 12:00:00+00:00,64.35,34.63,0.5385,0.046868196375
2022-05-15 00:00:00+00:00,10.88,24.58,0.9954000000000001,0.0081702816
2022-05-15 01:00:00+00:00,102.6,25.45,1.0,0.07684611749999999
2022-05-15 02:00:00+00:00,252.7,27.32,1.0,0.188205906
2022-05-15 03:00:00+00:00,444.92,29.44,0.9971,0.32924524920000003
2022-05-15 04:00:00+00:00,579.83,31.38,0.9979,0.42654904035
2022-05-15 05:00:00+00:00,705.12,32.97,0.9626,0.5161954356
2022-05-15 06:00:00+00:00,727.78,34.08,0.9285,0.5309664545999999
2022-05-15 07:00:00+00:00,813.97,34.41,0.9965999999999999,0.593243720175
2022-05-15 08:00:00+00:00,688.85,34.32,0.9586,0.5021923155000001
2022-05-15 09:00:00+00:00,546.33,34.12,0.9643,0.39853680840000005
2022-05-15 10:00:00+00:00,385.95,33.89,0.9741,0.281742535125
2022-05-15 11:00:00+00:00,213.1,33.54,0.9689,0.1557302835
2022-05-15 12:00:00+00:00,61.88,32.66,0.971,0.045343498200000006
2022-05-16 00:00:00+00:00,10.82,25.38,0.7313,0.008105748900000001
2022-05-16 01:00:00+00:00,122.85,26.22,0.5153,0.09180027674999999
2022-05-16 02:00:00+00:00,312.4,27.96,0.32630000000000003,0.23221941599999996
2022-05-16 03:00:00+00:00,549.12,29.97,0.09029999999999999,0.40569946560000003
2022-05-16 04:00:00+00:00,720.38,31.53,0.1752,0.52970081685
2022-05-16 05:00:00+00:00,799.78,32.83,0.2889,0.5857448758499999
2022-05-16 06:00:00+00:00,855.03,33.41,0.2243,0.6250931948249999
2022-05-16 07:00:00+00:00,848.42,33.92,0.2389,0.6192872105999999
2022-05-16 08:00:00+00:00,724.2,34.19,0.5727,0.5281753545000001
2022-05-16 09:00:00+00:00,546.4,33.92,0.47619999999999996,0.398833752
2022-05-16 10:00:00+00:00,266.67,33.29,0.9584,0.19502843782500004
2022-05-16 11:00:00+00:00,138.75,32.14,0.9765,0.10183348125
2022-05-16 12:00:00+00:00,32.7,30.36,0.9895,0.024130638
2022-05-17 00:00:00+00:00,7.7,24.68,0.9775,0.005780544000000001
2022-05-17 01:00:00+00:00,84.38,25.38,0.9564,0.06321285509999999
2022-05-17 02:00:00+00:00,196.98,27.63,0.9434,0.14656937085000002
2022-05-17 03:00:00+00:00,325.88,30.17,0.9198999999999999,0.2406192009
2022-05-17 04:00:00+00:00,448.23,32.15,0.9982,0.328961599875
2022-05-17 05:00:00+00:00,588.95,33.73,0.9934999999999999,0.4301440496250001
2022-05-17 06:00:00+00:00,691.97,34.91,0.9709,0.503548298925
2022-05-17 07:00:00+00:00,734.62,35.65,0.9351,0.53336166825
2022-05-17 08:00:00+00:00,658.83,35.53,0.8743000000000001,0.478513170225
2022-05-17 09:00:00+00:00,587.6,35.0,0.2747,0.42747899999999994
2022-05-17 10:00:00+00:00,408.08,34.54,0.32030000000000003,0.2973005628
2022-05-17 11:00:00+00:00,220.55,33.71,0.498,0.161090271375
2022-05-17 12:00:00+00:00,56.75,32.04,0.7456,0.04166358
2022-05-18 01:00:00+00:00,32.28,24.44,0.9992,0.0242506728
2022-05-18 02:00:00+00:00,74.62,27.05,1.0,0.055620815250000004
2022-05-18 03:00:00+00:00,131.45,29.67,1.0,0.097206289125
2022-05-18 04:00:00+00:00,292.65,31.52,1.0,0.21519432449999998
2022-05-18 05:00:00+00:00,426.77,32.94,1.0,0.31245325395
2022-05-18 06:00:00+00:00,541.42,33.97,0.9834,0.39513779085
2022-05-18 07:00:00+00:00,518.7,34.56,0.9742000000000001,0.377867763
2022-05-18 08:00:00+00:00,492.52,34.53,0.9928,0.3588291399
2022-05-18 09:00:00+00:00,340.42,34.07,0.8421,0.24836787885000003
2022-05-18 10:00:00+00:00,240.02,32.91,0.8924,0.17574324405
2022-05-18 11:00:00+00:00,124.22,31.51,0.9142,0.09134548754999999
2022-05-18 12:00:00+00:00,26.35,29.79,0.9645,0.019478512875000003
2022-05-19 01:00:00+00:00,44.33,24.85,0.9904999999999999,0.033262461375
2022-05-19 02:00:00+00:00,142.82,26.21,0.9906999999999999,0.10672617255
2022-05-19 03:00:00+00:00,247.02,27.65,1.0,0.18379214325
2022-05-19 04:00:00+00:00,279.08,29.05,1.0,0.2067668835
2022-05-19 05:00:00+00:00,396.58,30.07,1.0,0.29291101365
2022-05-19 06:00:00+00:00,443.0,30.57,0.9984999999999999,0.3266981025
2022-05-19 07:00:00+00:00,561.33,30.65,0.9919,0.41386159237500003
2022-05-19 08:00:00+00:00,480.9,30.42,0.9973000000000001,0.35481042449999994
2022-05-19 09:00:00+00:00,384.42,29.97,0.9533,0.28401622335000004
2022-05-19 10:00:00+00:00,195.3,29.34,0.9763,0.1445678955
2022-05-19 11:00:00+00:00,139.5,28.42,0.9845999999999999,0.10355154750000001
2022-05-19 12:00:00+00:00,40.92,27.2,0.9882,0.030487446
2022-05-20 01:00:00+00:00,52.22,23.1,0.9954000000000001,0.0393882405
2022-05-20 02:00:00+00:00,123.4,24.69,0.996,0.09263607150000001
2022-05-20 03:00:00+00:00,175.57,26.24,0.9882,0.13118765970000001
2022-05-20 04:00:00+00:00,183.8,27.49,0.9941,0.13682026050000004
2022-05-20 05:00:00+00:00,293.7,28.09,0.9904000000000001,0.21823305074999996
2022-05-20 06:00:00+00:00,295.55,28.16,0.9876,0.21956113950000003
2022-05-20 07:00:00+00:00,277.1,28.56,0.9926,0.205605429
2022-05-20 08:00:00+00:00,247.3,28.98,0.9989,0.18326042850000002
2022-05-20 09:00:00+00:00,239.93,29.39,1.0,0.17757759142500001
2022-05-20 10:00:00+00:00,190.15,29.37,0.9979,0.140742850125
2022-05-20 11:00:00+00:00,95.93,28.8,0.9984000000000001,0.0711272985
2022-05-20 12:00:00+00:00,27.2,27.69,0.9964,0.020235371999999998
2022-05-21 00:00:00+00:00,8.52,21.65,0.9072,0.0064542195
2022-05-21 01:00:00+00:00,68.75,22.65,0.9466,0.051926015625
2022-05-21 02:00:00+00:00,149.85,24.76,0.9612999999999999,0.112468419
2022-05-21 03:00:00+00:00,239.8,26.96,0.9672,0.178792482
2022-05-21 04:00:00+00:00,393.9,28.88,0.9761,0.291986253
2022-05-21 05:00:00+00:00,471.65,30.49,0.9948999999999999,0.34791144337499996
2022-05-21 06:00:00+00:00,569.05,31.62,0.9425,0.41831150024999997
2022-05-21 07:00:00+00:00,534.3,32.09,0.8920999999999999,0.39220157925
2022-05-21 08:00:00+00:00,500.85,32.11,0.9472,0.367625152125
2022-05-21 09:00:00+00:00,375.15,31.78,0.9481,0.27563958674999994
2022-05-21 10:00:00+00:00,218.3,31.04,0.9843000000000001,0.160758303
2022-05-21 11:00:00+00:00,104.68,29.97,0.9817,0.07733941590000001
2022-05-21 12:00:00+00:00,22.98,28.77,0.995,0.01704007215
2022-05-22 00:00:00+00:00,11.6,22.44,0.45020000000000004,0.008766815999999998
2022-05-22 01:00:00+00:00,134.75,23.58,0.2404,0.10149302624999999
2022-05-22 02:00:00+00:00,334.5,26.17,0.1646,0.24999442875000003
2022-05-22 03:00:00+00:00,556.8,28.62,0.0326,0.413064864
2022-05-22 04:00:00+00:00,746.88,30.58,0.0095,0.5507829216
2022-05-22 05:00:00+00:00,876.8,32.34,0.0333,0.643119648
2022-05-22 06:00:00+00:00,930.5,33.94,0.0233,0.6791579925000001
2022-05-22 07:00:00+00:00,917.6,34.9,0.0472,0.66776046
2022-05-22 08:00:00+00:00,771.85,35.17,0.4698,0.561225642375
2022-05-22 09:00:00+00:00,632.53,34.75,0.3936,0.4605213731249999
2022-05-22 10:00:00+00:00,449.08,33.88,0.3173,0.3278373816
2022-05-22 11:00:00+00:00,246.8,32.51,0.2407,0.18092969700000003
2022-05-22 12:00:00+00:00,71.0,30.66,0.1485,0.05234581499999999
2022-05-23 00:00:00+00:00,14.2,22.04,0.1967,0.010744571999999999
2022-05-23 01:00:00+00:00,160.3,23.46,0.127,0.1207804395
2022-05-23 02:00:00+00:00,373.23,26.19,0.12179999999999999,0.27892317667500005
2022-05-23 03:00:00+00:00,606.25,28.92,0.0282,0.44934037499999996
2022-05-23 04:00:00+00:00,797.2,31.24,0.0101,0.586707312
2022-05-23 05:00:00+00:00,923.28,33.04,0.014199999999999999,0.6757578648
2022-05-23 06:00:00+00:00,960.75,34.4,0.0904,0.7002426375
2022-05-23 07:00:00+00:00,927.95,35.18,0.15,0.6747078052500001
2022-05-23 08:00:00+00:00,822.78,35.48,0.2082,0.5976838475999999
2022-05-23 09:00:00+00:00,692.53,35.29,0.12029999999999999,0.503363699175
2022-05-23 10:00:00+00:00,511.38,34.46,0.0235,0.37265027669999995
2022-05-23 11:00:00+00:00,281.8,33.16,0.1155,0.206176152
2022-05-23 12:00:00+00:00,79.57,31.27,0.2025,0.058554966225
2022-05-24 00:00:00+00:00,14.45,23.01,0.0316,0.010902199875
2022-05-24 01:00:00+00:00,163.82,24.39,0.0288,0.12308984295
2022-05-24 02:00:00+00:00,377.23,27.04,0.026000000000000002,0.28119101430000004
2022-05-24 03:00:00+00:00,598.05,29.72,0.0233,0.442186209
2022-05-24 04:00:00+00:00,783.33,31.89,0.0171,0.5753539266750001
2022-05-24 05:00:00+00:00,909.4,33.7,0.0109,0.664248495
2022-05-24 06:00:00+00:00,969.17,35.22,0.004699999999999999,0.70459143585
2022-05-24 07:00:00+00:00,879.53,36.32,0.3448,0.6372458709
2022-05-24 08:00:00+00:00,867.08,36.83,0.0192,0.6272304981000001
2022-05-24 09:00:00+00:00,703.08,36.71,0.09539999999999998,0.5087855997
2022-05-24 10:00:00+00:00,498.9,35.87,0.1366,0.36197315324999996
2022-05-24 11:00:00+00:00,271.65,34.77,0.1365,0.197765953875
2022-05-24 12:00:00+00:00,78.43,32.6,0.1226,0.05748134700000001
2022-05-25 00:00:00+00:00,14.48,24.34,0.3936,0.010881502800000002
2022-05-25 01:00:00+00:00,154.48,25.59,0.2793,0.11565492779999999
2022-05-25 02:00:00+00:00,366.33,27.8,0.1718,0.27243962099999997
2022-05-25 03:00:00+00:00,597.58,30.04,0.0098,0.44140844279999997
2022-05-25 04:00:00+00:00,738.42,31.93,0.4915,0.54230118615
2022-05-25 05:00:00+00:00,851.7,33.19,0.9773000000000001,0.62308029825
2022-05-25 06:00:00+00:00,895.03,33.98,0.7503,0.65318841885
2022-05-25 07:00:00+00:00,811.35,34.81,0.9137000000000001,0.590603977125
2022-05-25 08:00:00+00:00,804.72,35.18,0.2824,0.5851078883999999
2022-05-25 09:00:00+00:00,623.5,35.01,0.41450000000000004,0.4535822212500001
2022-05-25 10:00:00+00:00,428.58,34.63,0.31420000000000003,0.31214874285
2022-05-25 11:00:00+00:00,234.95,33.72,0.32289999999999996,0.171602781
2022-05-25 12:00:00+00:00,69.88,32.11,0.3077,0.0512920947
2022-05-26 00:00:00+00:00,13.98,24.28,0.0166,0.010507647600000001
2022-05-26 01:00:00+00:00,160.5,25.52,0.0286,0.12018721500000001
2022-05-26 02:00:00+00:00,362.05,27.9,0.0405,0.26917512375
2022-05-26 03:00:00+00:00,574.22,30.35,0.056600000000000004,0.4237528267500001
2022-05-26 04:00:00+00:00,749.88,32.33,0.0697,0.5500426040999999
2022-05-26 05:00:00+00:00,870.03,33.84,0.081,0.6352176033
2022-05-26 06:00:00+00:00,935.22,34.84,0.0909,0.6807092292
2022-05-26 07:00:00+00:00,915.38,35.25,0.102,0.6654240487499999
2022-05-26 08:00:00+00:00,866.35,35.41,0.037200000000000004,0.6294704171250001
2022-05-26 09:00:00+00:00,712.78,35.2,0.04650000000000001,0.518226699
2022-05-26 10:00:00+00:00,510.67,34.4,0.054900000000000004,0.3722018295
2022-05-26 11:00:00+00:00,280.7,33.34,0.1765,0.20525766450000002
2022-05-26 12:00:00+00:00,79.72,31.64,0.3042,0.058598983199999996
2022-05-27 00:00:00+00:00,14.3,22.82,0.1119,0.010795141500000001
2022-05-27 01:00:00+00:00,161.6,24.04,0.0558,0.121549056
2022-05-27 02:00:00+00:00,379.83,26.29,0.0467,0.28377004342499995
2022-05-27 03:00:00+00:00,603.9,28.39,0.013999999999999999,0.44831875275
2022-05-27 04:00:00+00:00,786.08,30.4,0.04650000000000001,0.5800091279999999
2022-05-27 05:00:00+00:00,915.67,32.27,0.0326,0.671774427975
2022-05-27 06:00:00+00:00,967.35,33.79,0.042300000000000004,0.706380735375
2022-05-27 07:00:00+00:00,942.78,34.86,0.0579,0.6861694257
2022-05-27 08:00:00+00:00,863.17,35.23,0.06480000000000001,0.627509484525
2022-05-27 09:00:00+00:00,718.45,35.32,0.0378,0.5221550910000001
2022-05-27 10:00:00+00:00,523.28,34.97,0.013999999999999999,0.3807215214
2022-05-27 11:00:00+00:00,296.42,34.17,0.0128,0.21619911435
2022-05-27 12:00:00+00:00,89.97,31.81,0.0116,0.066098934675
2022-05-28 00:00:00+00:00,15.05,22.89,0.004699999999999999,0.011358949875
2022-05-28 01:00:00+00:00,173.12,23.89,0.004699999999999999,0.13027236720000002
2022-05-28 02:00:00+00:00,399.67,25.95,0.004699999999999999,0.298898205375
2022-05-28 03:00:00+00:00,621.42,28.43,0.004699999999999999,0.4612691911499999
2022-05-28 04:00:00+00:00,804.22,30.8,0.004699999999999999,0.592669929
2022-05-28 05:00:00+00:00,929.58,32.81,0.004699999999999999,0.68084995545
2022-05-28 06:00:00+00:00,992.42,34.4,0.004699999999999999,0.7233253169999999
2022-05-28 07:00:00+00:00,980.62,35.46,0.004699999999999999,0.7123861083
2022-05-28 08:00:00+00:00,880.88,36.0,0.0755,0.63885822
2022-05-28 09:00:00+00:00,747.6,36.02,0.013999999999999999,0.542163258
2022-05-28 10:00:00+00:00,547.28,35.53,0.018600000000000002,0.3974935686
2022-05-28 11:00:00+00:00,317.6,34.34,0.0155,0.231525636
2022-05-28 12:00:00+00:00,99.0,31.89,0.0124,0.07271525250000001
2022-05-29 00:00:00+00:00,14.98,22.82,0.20170000000000002,0.0113084769
2022-05-29 01:00:00+00:00,173.6,24.08,0.12279999999999999,0.13055935200000002
2022-05-29 02:00:00+00:00,403.33,26.34,0.0746,0.30128146004999995
2022-05-29 03:00:00+00:00,629.42,28.83,0.013999999999999999,0.46664097314999997
2022-05-29 04:00:00+00:00,810.8,31.25,0.013999999999999999,0.596698125
2022-05-29 05:00:00+00:00,935.4,33.4,0.013999999999999999,0.68387094
2022-05-29 06:00:00+00:00,996.83,34.98,0.013999999999999999,0.72523868235
2022-05-29 07:00:00+00:00,984.97,35.91,0.014199999999999999,0.714548948925
2022-05-29 08:00:00+00:00,859.67,36.38,0.1841,0.6227406496499999
2022-05-29 09:00:00+00:00,750.17,36.43,0.0233,0.543335003025
2022-05-29 10:00:00+00:00,550.2,36.02,0.023799999999999998,0.399007791
2022-05-29 11:00:00+00:00,317.85,35.06,0.0592,0.23119296525000002
2022-05-29 12:00:00+00:00,100.03,32.78,0.0839,0.07327147485
2022-05-30 00:00:00+00:00,15.98,22.44,0.004699999999999999,0.0120770448
2022-05-30 01:00:00+00:00,179.02,24.02,0.004699999999999999,0.1346597391
2022-05-30 02:00:00+00:00,406.23,26.75,0.004699999999999999,0.303072969375
2022-05-30 03:00:00+00:00,626.12,29.41,0.004699999999999999,0.4633773243
2022-05-30 04:00:00+00:00,806.08,31.79,0.004699999999999999,0.5922451128
2022-05-30 05:00:00+00:00,926.55,33.66,0.0233,0.67685867325
2022-05-30 06:00:00+00:00,994.28,34.96,0.004699999999999999,0.7234281852
2022-05-30 07:00:00+00:00,943.53,35.91,0.14980000000000002,0.6844861973249999
2022-05-30 08:00:00+00:00,893.1,36.42,0.0096,0.6468767955
2022-05-30 09:00:00+00:00,735.4,36.52,0.048799999999999996,0.532488432
2022-05-30 10:00:00+00:00,530.62,36.19,0.0699,0.38460531495
2022-05-30 11:00:00+00:00,297.23,35.32,0.16210000000000002,0.2160208194
2022-05-30 12:00:00+00:00,88.75,33.39,0.2682,0.064887121875
2022-05-31 00:00:00+00:00,14.18,24.2,0.6396000000000001,0.010660524
2022-05-31 01:00:00+00:00,126.4,24.62,0.7635,0.094908072
2022-05-31 02:00:00+00:00,272.52,25.29,0.8606,0.20421218069999997
2022-05-31 03:00:00+00:00,474.6,25.94,0.9497,0.35494622099999995
2022-05-31 04:00:00+00:00,636.3,26.46,0.8197,0.4751347545
2022-05-31 05:00:00+00:00,787.55,26.77,0.7044,0.5875260821249999
2022-05-31 06:00:00+00:00,814.4,27.11,0.6578,0.606933636
2022-05-31 07:00:00+00:00,897.17,27.44,0.3493,0.6679520366999999
2022-05-31 08:00:00+00:00,786.17,27.71,0.36060000000000003,0.584833828425
2022-05-31 09:00:00+00:00,668.7,27.92,0.1709,0.497131641
2022-05-31 10:00:00+00:00,464.48,27.99,0.19899999999999998,0.34523521079999997
2022-05-31 11:00:00+00:00,255.23,27.79,0.3075,0.189820293675
2022-05-31 12:00:00+00:00,77.9,26.89,0.43700000000000006,0.05809373025000001
2022-06-01 00:00:00+00:00,13.27,23.81,0.655,0.009988030425
2022-06-01 01:00:00+00:00,137.18,24.51,0.6389,0.10303624095000001
2022-06-01 02:00:00+00:00,319.58,25.43,0.6563,0.23937580634999997
2022-06-01 03:00:00+00:00,518.58,26.65,0.6597,0.38700977175
2022-06-01 04:00:00+00:00,689.1,28.11,0.6815000000000001,0.5120030227500001
2022-06-01 05:00:00+00:00,780.45,30.09,0.9433,0.576399396375
2022-06-01 06:00:00+00:00,876.33,31.78,0.8408,0.64387908585
2022-06-01 07:00:00+00:00,876.83,32.78,0.3557,0.64227359085
2022-06-01 08:00:00+00:00,755.88,33.21,0.8434,0.5529470067
2022-06-01 09:00:00+00:00,648.28,33.35,0.2447,0.47403043949999996
2022-06-01 10:00:00+00:00,447.15,33.09,0.4439,0.32722325212500003
2022-06-01 11:00:00+00:00,242.05,32.07,0.598,0.17768708962500002
2022-06-01 12:00:00+00:00,75.05,30.31,0.7453,0.05539084012499999
2022-06-02 00:00:00+00:00,13.43,22.47,0.7295,0.010148950275
2022-06-02 01:00:00+00:00,135.25,23.4,0.7432,0.1019244
2022-06-02 02:00:00+00:00,309.9,25.47,0.7709999999999999,0.23209728074999997
2022-06-02 03:00:00+00:00,523.0,27.7,0.77,0.389072775
2022-06-02 04:00:00+00:00,704.85,29.46,0.5568,0.52156433025
2022-06-02 05:00:00+00:00,860.22,30.82,0.33399999999999996,0.6339004191
2022-06-02 06:00:00+00:00,895.28,31.77,0.629,0.6578226474
2022-06-02 07:00:00+00:00,861.22,32.13,0.7473000000000001,0.63209887815
2022-06-02 08:00:00+00:00,752.15,32.05,0.9233,0.552181520625
2022-06-02 09:00:00+00:00,598.15,31.83,0.6981999999999999,0.43942042987499996
2022-06-02 10:00:00+00:00,413.75,31.59,0.7779,0.304177621875
2022-06-02 11:00:00+00:00,226.1,31.01,0.8469,0.16651756275000001
2022-06-02 12:00:00+00:00,73.28,29.66,0.9092,0.0541916592
2022-06-03 00:00:00+00:00,12.93,22.63,0.763,0.009766449225000001
2022-06-03 01:00:00+00:00,133.45,23.34,0.6439,0.10058593575
2022-06-03 02:00:00+00:00,314.35,24.78,0.5571,0.23591810325000004
2022-06-03 03:00:00+00:00,505.02,26.77,0.4746,0.37675375785
2022-06-03 04:00:00+00:00,682.25,29.03,0.3824,0.505501198125
2022-06-03 05:00:00+00:00,814.2,31.01,0.2901,0.5996399805
2022-06-03 06:00:00+00:00,949.7,32.5,0.1966,0.6962488125000001
2022-06-03 07:00:00+00:00,948.9,33.48,0.1026,0.6935699879999999
2022-06-03 08:00:00+00:00,878.62,33.96,0.0109,0.6412520208
2022-06-03 09:00:00+00:00,697.55,34.11,0.20489999999999997,0.508864468875
2022-06-03 10:00:00+00:00,464.02,33.91,0.3889,0.33871255905
2022-06-03 11:00:00+00:00,235.05,33.26,0.5778,0.17191909575
2022-06-03 12:00:00+00:00,69.57,31.25,0.7636,0.05119917187499999
2022-06-04 00:00:00+00:00,13.55,23.57,0.0438,0.010206097125
2022-06-04 01:00:00+00:00,152.15,24.21,0.036000000000000004,0.11438294662500001
2022-06-04 02:00:00+00:00,346.7,25.78,0.0282,0.2594165415
2022-06-04 03:00:00+00:00,562.62,27.56,0.0203,0.4187243088
2022-06-04 04:00:00+00:00,743.42,29.11,0.0125,0.55069022355
2022-06-04 05:00:00+00:00,871.05,30.11,0.004699999999999999,0.6432726026250001
2022-06-04 06:00:00+00:00,921.72,30.69,0.0326,0.6794896797
2022-06-04 07:00:00+00:00,894.33,31.06,0.5609000000000001,0.6585533104500001
2022-06-04 08:00:00+00:00,820.05,31.1,0.013999999999999999,0.6037823137499999
2022-06-04 09:00:00+00:00,666.28,30.96,0.0467,0.49077518519999996
2022-06-04 10:00:00+00:00,470.5,30.8,0.0279,0.346734975
2022-06-04 11:00:00+00:00,250.77,30.64,0.07769999999999999,0.1848952287
2022-06-04 12:00:00+00:00,75.25,30.03,0.12869999999999998,0.055585858125
2022-06-05 00:00:00+00:00,13.1,24.34,0.4607,0.0098444535
2022-06-05 01:00:00+00:00,136.88,24.9,0.32130000000000003,0.102690798
2022-06-05 02:00:00+00:00,335.12,26.24,0.21660000000000001,0.2504050152
2022-06-05 03:00:00+00:00,551.03,27.96,0.0825,0.40960264020000003
2022-06-05 04:00:00+00:00,735.45,29.13,0.018600000000000002,0.544753330875
2022-06-05 05:00:00+00:00,862.3,29.94,0.026600000000000002,0.6371405354999999
2022-06-05 06:00:00+00:00,913.97,30.2,0.0346,0.6747840510000002
2022-06-05 07:00:00+00:00,899.35,30.15,0.0425,0.664091281875
2022-06-05 08:00:00+00:00,810.25,30.07,0.042300000000000004,0.5984445731250001
2022-06-05 09:00:00+00:00,660.9,29.73,0.0421,0.48864137174999994
2022-06-05 10:00:00+00:00,473.85,29.11,0.04190000000000001,0.35100557212500005
2022-06-05 11:00:00+00:00,244.3,28.25,0.3135,0.18143855625000002
2022-06-05 12:00:00+00:00,72.35,27.01,0.6097,0.053935297125
2022-06-06 00:00:00+00:00,5.75,23.11,0.9992,0.004336951875000001
2022-06-06 01:00:00+00:00,86.1,23.99,0.9566,0.06477066225
2022-06-06 02:00:00+00:00,214.5,26.07,0.9695,0.16035859125
2022-06-06 03:00:00+00:00,447.3,28.82,0.9865999999999999,0.3316304565
2022-06-06 04:00:00+00:00,650.62,31.09,0.6820999999999999,0.47904987945
2022-06-06 05:00:00+00:00,783.45,32.51,0.4869,0.574349153625
2022-06-06 06:00:00+00:00,474.95,33.35,0.9964,0.347289376875
2022-06-06 07:00:00+00:00,294.9,33.55,1.0,0.21550186125
2022-06-06 08:00:00+00:00,433.27,33.25,0.9978,0.316909925625
2022-06-06 09:00:00+00:00,314.3,32.33,0.9961,0.23054140725000002
2022-06-06 10:00:00+00:00,274.62,31.35,0.988,0.20204136675
2022-06-06 11:00:00+00:00,152.35,30.25,0.9886,0.11246286562499999
2022-06-06 12:00:00+00:00,52.33,28.82,0.9951000000000001,0.038797723650000004
2022-06-07 00:00:00+00:00,7.88,23.65,0.9973000000000001,0.005933935500000001
2022-06-07 01:00:00+00:00,90.22,24.14,0.9804,0.0678395757
2022-06-07 02:00:00+00:00,206.95,25.39,0.9797,0.155030901375
2022-06-07 03:00:00+00:00,373.92,26.93,0.9714,0.2788162524
2022-06-07 04:00:00+00:00,535.67,28.24,0.8905,0.39784746569999996
2022-06-07 05:00:00+00:00,645.58,29.49,0.8438,0.47766302805000005
2022-06-07 06:00:00+00:00,757.2,30.49,0.6324000000000001,0.5585466870000001
2022-06-07 07:00:00+00:00,763.45,31.05,0.5484,0.562195036875
2022-06-07 08:00:00+00:00,687.78,31.16,0.8395999999999999,0.5063023691999999
2022-06-07 09:00:00+00:00,561.25,30.93,0.7278,0.41344902187500004
2022-06-07 10:00:00+00:00,388.15,30.41,0.8486,0.286387744125
2022-06-07 11:00:00+00:00,221.82,29.55,0.8933,0.16409411775
2022-06-07 12:00:00+00:00,73.72,28.19,0.93,0.054760874699999997
2022-06-08 00:00:00+00:00,12.0,22.65,0.2827,0.00906345
2022-06-08 01:00:00+00:00,128.6,23.59,0.16879999999999998,0.0968579835
2022-06-08 02:00:00+00:00,320.02,25.55,0.1125,0.23961897524999998
2022-06-08 03:00:00+00:00,540.12,27.93,0.004699999999999999,0.4015292589000001
2022-06-08 04:00:00+00:00,718.33,30.13,0.004699999999999999,0.530456175975
2022-06-08 05:00:00+00:00,842.8,31.91,0.0327,0.6189965669999999
2022-06-08 06:00:00+00:00,939.58,33.26,0.0326,0.6872229057
2022-06-08 07:00:00+00:00,929.6,33.86,0.023700000000000002,0.678668424
2022-06-08 08:00:00+00:00,818.38,33.87,0.1722,0.59745218115
2022-06-08 09:00:00+00:00,698.75,33.43,0.013999999999999999,0.5108089593749999
2022-06-08 10:00:00+00:00,475.05,32.79,0.22510000000000002,0.347961061125
2022-06-08 11:00:00+00:00,242.77,31.91,0.4384,0.178303033425
2022-06-08 12:00:00+00:00,69.22,30.06,0.6598,0.051126930300000005
2022-06-09 00:00:00+00:00,13.23,22.43,0.0731,0.009999002475000001
2022-06-09 01:00:00+00:00,149.15,23.6,0.0451,0.1123323225
2022-06-09 02:00:00+00:00,361.77,25.88,0.0337,0.2706111954
2022-06-09 03:00:00+00:00,577.92,28.44,0.013999999999999999,0.4289668992
2022-06-09 04:00:00+00:00,758.6,30.84,0.009300000000000001,0.5589819960000001
2022-06-09 05:00:00+00:00,884.65,32.82,0.004699999999999999,0.64792208325
2022-06-09 06:00:00+00:00,946.25,34.27,0.009300000000000001,0.689951090625
2022-06-09 07:00:00+00:00,901.33,35.18,0.5351,0.65535253635
2022-06-09 08:00:00+00:00,803.45,35.68,0.5163,0.5832805965000001
2022-06-09 09:00:00+00:00,669.42,35.63,0.4793,0.48605414715
2022-06-09 10:00:00+00:00,452.2,35.09,0.8454999999999999,0.3288839295
2022-06-09 11:00:00+00:00,259.0,34.01,0.8957999999999999,0.1889994225
2022-06-09 12:00:00+00:00,84.62,32.11,0.9416,0.062111291549999996
2022-06-10 00:00:00+00:00,14.0,22.1,0.9306,0.01059135
2022-06-10 01:00:00+00:00,153.15,23.31,0.8545999999999999,0.11544485287499999
2022-06-10 02:00:00+00:00,357.75,25.8,0.8122,0.26766855
2022-06-10 03:00:00+00:00,574.9,28.6,0.759,0.42651830999999996
2022-06-10 04:00:00+00:00,750.25,31.11,0.8249,0.5523734381250001
2022-06-10 05:00:00+00:00,881.58,33.08,0.7979,0.6451578756
2022-06-10 06:00:00+00:00,931.4,34.44,0.8112999999999999,0.678767064
2022-06-10 07:00:00+00:00,903.67,35.33,0.7739,0.656748950025
2022-06-10 08:00:00+00:00,793.08,35.87,0.8484,0.5754132459000001
2022-06-10 09:00:00+00:00,646.17,35.89,0.9395,0.46879471957499996
2022-06-10 10:00:00+00:00,463.92,35.21,0.9722,0.33728259780000003
2022-06-10 11:00:00+00:00,265.25,33.88,0.9815,0.193637805
2022-06-10 12:00:00+00:00,91.68,31.96,0.9678,0.06732429120000001
2022-06-11 00:00:00+00:00,14.12,22.79,0.7081999999999999,0.010660211699999998
2022-06-11 01:00:00+00:00,156.02,23.96,0.721,0.1173800868
2022-06-11 02:00:00+00:00,365.12,26.0,0.753,0.27301847999999995
2022-06-11 03:00:00+00:00,569.72,28.32,0.7783,0.4230341916
2022-06-11 04:00:00+00:00,737.28,30.52,0.705,0.5438029823999999
2022-06-11 05:00:00+00:00,871.9,32.32,0.4199,0.639564807
2022-06-11 06:00:00+00:00,951.03,33.68,0.2849,0.6946988841
2022-06-11 07:00:00+00:00,913.55,34.44,0.49689999999999995,0.665758698
2022-06-11 08:00:00+00:00,794.5,34.63,0.47369999999999995,0.5786601712499999
2022-06-11 09:00:00+00:00,609.03,34.37,0.7487999999999999,0.44393262502499997
2022-06-11 10:00:00+00:00,420.83,33.43,0.9079,0.30764040697499995
2022-06-11 11:00:00+00:00,240.15,32.13,0.9326000000000001,0.176259893625
2022-06-11 12:00:00+00:00,87.07,30.41,0.9470999999999999,0.064242640425
2022-06-12 00:00:00+00:00,12.05,22.05,0.9512999999999999,0.009117481875000001
2022-06-12 01:00:00+00:00,118.55,22.75,0.9077,0.08951265937500001
2022-06-12 02:00:00+00:00,288.65,23.89,0.8665999999999999,0.21720840337499997
2022-06-12 03:00:00+00:00,516.53,25.22,0.8094,0.38714181764999994
2022-06-12 04:00:00+00:00,735.55,26.88,0.39840000000000003,0.5485511234999999
2022-06-12 05:00:00+00:00,890.25,28.74,0.2596,0.66019604625
2022-06-12 06:00:00+00:00,963.67,30.81,0.0925,0.7101549239249999
2022-06-12 07:00:00+00:00,935.4,32.76,0.19010000000000002,0.685217916
2022-06-12 08:00:00+00:00,755.08,33.83,0.3201,0.5513084481000001
2022-06-12 09:00:00+00:00,658.6,34.17,0.40409999999999996,0.48036143550000004
2022-06-12 10:00:00+00:00,497.62,33.52,0.3118,0.3636756246
2022-06-12 11:00:00+00:00,277.88,32.43,0.3086,0.2037645411
2022-06-12 12:00:00+00:00,95.75,30.5,0.3139,0.07062759375000001
2022-06-13 00:00:00+00:00,9.6,21.93,0.99,0.007266312
2022-06-13 01:00:00+00:00,106.22,22.89,0.9842,0.08016927944999999
2022-06-13 02:00:00+00:00,245.1,25.02,0.9702,0.1838139705
2022-06-13 03:00:00+00:00,446.73,27.34,0.9407,0.33269546655
2022-06-13 04:00:00+00:00,666.53,29.33,0.7373999999999999,0.493403831475
2022-06-13 05:00:00+00:00,804.55,31.1,0.7249,0.59237005125
2022-06-13 06:00:00+00:00,869.55,32.54,0.7955,0.63741058425
2022-06-13 07:00:00+00:00,891.55,33.52,0.6434000000000001,0.6515714865
2022-06-13 08:00:00+00:00,802.72,33.99,0.6662,0.5858029812
2022-06-13 09:00:00+00:00,635.62,33.89,0.8573999999999999,0.46400101095
2022-06-13 10:00:00+00:00,453.95,33.53,0.861,0.331750064625
2022-06-13 11:00:00+00:00,261.85,32.83,0.7129000000000001,0.19177435762500003
2022-06-13 12:00:00+00:00,91.88,31.31,0.5829,0.0676055337
2022-06-14 00:00:00+00:00,11.85,22.53,0.4978,0.008953356374999999
2022-06-14 01:00:00+00:00,149.48,23.78,0.3236,0.1125203226
2022-06-14 02:00:00+00:00,366.38,26.05,0.21559999999999999,0.27391942725
2022-06-14 03:00:00+00:00,607.05,28.44,0.0641,0.45058893299999997
2022-06-14 04:00:00+00:00,785.08,30.3,0.0349,0.5794479210000001
2022-06-14 05:00:00+00:00,911.58,31.34,0.004699999999999999,0.6706813113000001
2022-06-14 06:00:00+00:00,980.5,32.18,0.004699999999999999,0.7195350225
2022-06-14 07:00:00+00:00,967.3,32.98,0.0787,0.7081071285
2022-06-14 08:00:00+00:00,866.1,33.59,0.1382,0.63283545225
2022-06-14 09:00:00+00:00,727.38,33.79,0.1702,0.53114924205
2022-06-14 10:00:00+00:00,528.33,33.44,0.2059,0.38621451330000006
2022-06-14 11:00:00+00:00,301.15,32.7,0.38189999999999996,0.22064507624999996
2022-06-14 12:00:00+00:00,93.97,30.84,0.6273,0.0692427342
2022-06-15 01:00:00+00:00,37.17,22.87,1.0,0.028055637224999996
2022-06-15 02:00:00+00:00,87.53,23.62,0.9987,0.06591928065
2022-06-15 03:00:00+00:00,174.27,24.59,0.9702,0.130863264075
2022-06-15 04:00:00+00:00,312.45,25.84,0.9939,0.2337469695
2022-06-15 05:00:00+00:00,489.55,27.41,0.9934999999999999,0.364507915125
2022-06-15 06:00:00+00:00,625.3,29.2,1.0,0.463065915
2022-06-15 07:00:00+00:00,680.28,30.62,1.0,0.5016078594000001
2022-06-15 08:00:00+00:00,613.08,31.59,0.9984000000000001,0.45071955630000005
2022-06-15 09:00:00+00:00,503.73,32.17,0.9979,0.369671075775
2022-06-15 10:00:00+00:00,350.27,31.91,0.9843000000000001,0.25725667717499995
2022-06-15 11:00:00+00:00,203.75,31.26,0.9706999999999999,0.14994268125
2022-06-15 12:00:00+00:00,73.78,29.74,0.9612999999999999,0.054548136299999994
2022-06-16 00:00:00+00:00,12.62,23.33,0.9906,0.00951241965
2022-06-16 01:00:00+00:00,140.48,24.05,0.9799,0.105660276
2022-06-16 02:00:00+00:00,341.67,25.3,0.9871,0.25602187275
2022-06-16 03:00:00+00:00,543.6,26.68,0.9921,0.40564519199999993
2022-06-16 04:00:00+00:00,684.42,27.74,0.9945999999999999,0.5090955507
2022-06-16 05:00:00+00:00,743.15,28.45,0.9499,0.551593798125
2022-06-16 06:00:00+00:00,816.22,29.02,0.9234,0.6047822901000001
2022-06-16 07:00:00+00:00,719.47,29.62,0.9605,0.53212360935
2022-06-16 08:00:00+00:00,715.42,30.25,0.5718,0.5281141012499999
2022-06-16 09:00:00+00:00,596.95,30.79,0.4792,0.43993573387500007
2022-06-16 10:00:00+00:00,432.48,30.87,0.519,0.3186480204
2022-06-16 11:00:00+00:00,235.55,30.32,0.6707,0.1738429665
2022-06-16 12:00:00+00:00,85.32,28.72,0.8140000000000001,0.06327587159999999
2022-06-17 00:00:00+00:00,9.68,21.98,0.9533,0.0073257756
2022-06-17 01:00:00+00:00,115.35,22.83,0.8534,0.087075696375
2022-06-17 02:00:00+00:00,274.88,24.64,0.8432999999999999,0.2063826528
2022-06-17 03:00:00+00:00,449.08,26.76,0.8119,0.3350316432
2022-06-17 04:00:00+00:00,674.17,28.24,0.5121,0.5007128006999999
2022-06-17 05:00:00+00:00,868.03,29.0,0.2334,0.64321023
2022-06-17 06:00:00+00:00,925.85,29.48,0.11470000000000001,0.685054932
2022-06-17 07:00:00+00:00,862.6,29.86,0.2966,0.637517469
2022-06-17 08:00:00+00:00,702.1,30.14,0.8590000000000001,0.5184552135
2022-06-17 09:00:00+00:00,632.4,30.17,0.4193,0.4669436069999999
2022-06-17 10:00:00+00:00,486.58,29.94,0.3344,0.35952666329999994
2022-06-17 11:00:00+00:00,270.23,29.25,0.5329999999999999,0.20008842562500004
2022-06-17 12:00:00+00:00,96.75,27.82,0.7445999999999999,0.07194862125
2022-06-18 00:00:00+00:00,11.25,22.24,0.9808,0.0085073625
2022-06-18 01:00:00+00:00,132.2,22.9,0.9543,0.09977464499999998
2022-06-18 02:00:00+00:00,320.8,23.91,0.9538,0.24138676200000006
2022-06-18 03:00:00+00:00,520.6,25.03,0.9497,0.39041485950000004
2022-06-18 04:00:00+00:00,699.03,26.08,0.7957,0.5225738570999999
2022-06-18 05:00:00+00:00,864.95,27.19,0.4954,0.6444504588750001
2022-06-18 06:00:00+00:00,892.1,28.31,0.5255,0.6624310852499999
2022-06-18 07:00:00+00:00,858.55,29.04,0.6274000000000001,0.6361082804999999
2022-06-18 08:00:00+00:00,705.58,29.11,0.9472,0.52266014895
2022-06-18 09:00:00+00:00,573.67,28.83,0.7214,0.42530889877500005
2022-06-18 10:00:00+00:00,370.25,28.42,0.8678,0.27483842625000005
2022-06-18 11:00:00+00:00,215.35,27.86,0.9275,0.16012672275
2022-06-18 12:00:00+00:00,84.43,27.0,0.9492,0.062942565
2022-06-19 00:00:00+00:00,10.85,23.3,0.9815999999999999,0.008179001250000002
2022-06-19 01:00:00+00:00,121.0,23.82,0.9821,0.091071255
2022-06-19 02:00:00+00:00,300.25,24.39,0.9951000000000001,0.22559959312500003
2022-06-19 03:00:00+00:00,486.7,24.99,0.9978,0.36503595075
2022-06-19 04:00:00+00:00,664.17,25.61,0.9512999999999999,0.4972159266749999
2022-06-19 05:00:00+00:00,780.05,26.18,0.982,0.5829664672499999
2022-06-19 06:00:00+00:00,738.17,26.87,0.9886,0.550521649725
2022-06-19 07:00:00+00:00,676.92,27.64,0.9887,0.5036690951999999
2022-06-19 08:00:00+00:00,699.45,28.56,0.9992,0.5189849055
2022-06-19 09:00:00+00:00,592.58,29.1,0.9899,0.4389684495
2022-06-19 10:00:00+00:00,435.3,29.17,0.8791,0.32239079775
2022-06-19 11:00:00+00:00,255.82,28.87,0.9167000000000001,0.18963744735000002
2022-06-19 12:00:00+00:00,96.53,27.83,0.9475,0.071782845225
2022-06-20 00:00:00+00:00,7.25,21.37,0.9617,0.0054967143750000004
2022-06-20 01:00:00+00:00,114.55,22.11,0.9164,0.086657361375
2022-06-20 02:00:00+00:00,289.73,23.58,0.9419,0.21822318735000001
2022-06-20 03:00:00+00:00,517.72,25.41,0.9876,0.38781240330000005
2022-06-20 04:00:00+00:00,663.38,27.3,0.9973000000000001,0.49410200849999997
2022-06-20 05:00:00+00:00,770.42,28.81,0.9883,0.5712105745499999
2022-06-20 06:00:00+00:00,772.08,29.81,0.9986,0.5707041642
2022-06-20 07:00:00+00:00,743.45,30.35,0.9943000000000001,0.548638220625
2022-06-20 08:00:00+00:00,571.8,30.46,1.0,0.42182543699999997
2022-06-20 09:00:00+00:00,480.1,30.59,0.9893000000000001,0.35403654225000003
2022-06-20 10:00:00+00:00,390.27,30.5,0.937,0.28787290875
2022-06-20 11:00:00+00:00,215.73,29.95,0.9428,0.15939480712499998
2022-06-20 12:00:00+00:00,76.12,28.27,0.9411,0.056529947100000005
2022-06-21 00:00:00+00:00,9.77,22.2,0.98,0.007389050999999999
2022-06-21 01:00:00+00:00,105.28,23.11,0.9782,0.07940770320000001
2022-06-21 02:00:00+00:00,264.38,24.98,0.9763,0.19829689709999998
2022-06-21 03:00:00+00:00,440.2,26.92,0.996,0.32824833600000003
2022-06-21 04:00:00+00:00,557.95,28.74,0.9982,0.41376735075000004
2022-06-21 05:00:00+00:00,657.3,30.23,0.9921,0.48524022225
2022-06-21 06:00:00+00:00,623.97,31.38,1.0,0.45902041065000004
2022-06-21 07:00:00+00:00,568.1,32.16,1.0,0.41692290900000006
2022-06-21 08:00:00+00:00,518.08,32.25,0.9883,0.38010882000000007
2022-06-21 09:00:00+00:00,380.0,31.79,0.9899,0.27919455000000004
2022-06-21 10:00:00+00:00,297.38,30.91,0.9925,0.21908058944999997
2022-06-21 11:00:00+00:00,164.93,29.57,0.9906999999999999,0.12200160727499999
2022-06-21 12:00:00+00:00,63.9,27.97,0.9839,0.04749798825
2022-06-22 00:00:00+00:00,12.2,21.95,0.9734,0.009233722499999998
2022-06-22 01:00:00+00:00,129.18,22.64,0.9266,0.09757094580000002
2022-06-22 02:00:00+00:00,310.45,23.76,0.9002,0.2337036555
2022-06-22 03:00:00+00:00,495.8,25.18,0.8654999999999999,0.37164920100000004
2022-06-22 04:00:00+00:00,645.62,26.49,0.5722999999999999,0.48205055895
2022-06-22 05:00:00+00:00,759.22,27.39,0.6395000000000001,0.56533229445
2022-06-22 06:00:00+00:00,780.78,27.84,0.8186,0.5805958158
2022-06-22 07:00:00+00:00,712.35,27.97,0.9986,0.5295022211250001
2022-06-22 08:00:00+00:00,626.6,27.85,0.9973000000000001,0.4659319275
2022-06-22 09:00:00+00:00,487.83,27.62,0.9897,0.36299674215
2022-06-22 10:00:00+00:00,317.38,27.35,0.9913,0.23635685325
2022-06-22 11:00:00+00:00,172.98,26.84,0.9906,0.1290188628
2022-06-22 12:00:00+00:00,65.0,25.8,0.9784,0.048633
2022-06-23 00:00:00+00:00,9.15,21.69,0.9664,0.006930644625
2022-06-23 01:00:00+00:00,89.47,22.72,0.973,0.06756148109999999
2022-06-23 02:00:00+00:00,222.43,25.41,0.9914000000000001,0.16661730832500002
2022-06-23 03:00:00+00:00,372.73,27.94,0.9893000000000001,0.27708189105
2022-06-23 04:00:00+00:00,578.85,29.94,0.9802,0.42770358224999994
2022-06-23 05:00:00+00:00,729.25,31.53,0.8957999999999999,0.536222994375
2022-06-23 06:00:00+00:00,881.15,32.64,0.6177,0.6457155314999999
2022-06-23 07:00:00+00:00,806.35,33.26,0.7720999999999999,0.5897764852499999
2022-06-23 08:00:00+00:00,653.17,33.61,0.7859,0.47722396417499996
2022-06-23 09:00:00+00:00,632.25,33.55,0.4756,0.462024590625
2022-06-23 10:00:00+00:00,509.35,32.83,0.2257,0.37303902637499997
2022-06-23 11:00:00+00:00,279.15,31.71,0.3185,0.20514803287499997
2022-06-23 12:00:00+00:00,91.55,29.73,0.39390000000000003,0.06768817912499998
2022-06-24 00:00:00+00:00,11.43,22.51,0.9238,0.008636536575000001
2022-06-24 01:00:00+00:00,142.25,23.02,0.8342,0.10732122375
2022-06-24 02:00:00+00:00,344.45,24.4,0.7889,0.2588025075
2022-06-24 03:00:00+00:00,552.05,26.15,0.7239,0.41260907062499996
2022-06-24 04:00:00+00:00,709.05,27.78,0.7240000000000001,0.52735239225
2022-06-24 05:00:00+00:00,860.2,29.16,0.4711,0.6370985280000001
2022-06-24 06:00:00+00:00,946.22,30.1,0.4029,0.6988071255
2022-06-24 07:00:00+00:00,860.5,30.63,0.7961,0.63447461625
2022-06-24 08:00:00+00:00,767.05,30.64,0.6834,0.5655536354999999
2022-06-24 09:00:00+00:00,564.6,30.22,0.8208,0.416818773
2022-06-24 10:00:00+00:00,395.62,29.37,0.9336,0.29282506635
2022-06-24 11:00:00+00:00,221.8,28.0,0.9514,0.16485285000000002
2022-06-24 12:00:00+00:00,77.2,26.7,0.9721,0.05760471000000001
2022-06-25 00:00:00+00:00,9.23,22.43,0.977,0.006975872475
2022-06-25 01:00:00+00:00,97.1,23.34,0.9945999999999999,0.0731876685
2022-06-25 02:00:00+00:00,236.9,24.91,0.9989,0.17772297225
2022-06-25 03:00:00+00:00,398.42,26.62,0.9928,0.2973627591
2022-06-25 04:00:00+00:00,498.1,28.12,0.9992,0.370078338
2022-06-25 05:00:00+00:00,553.78,29.3,0.9982,0.40997717849999993
2022-06-25 06:00:00+00:00,580.7,29.97,1.0,0.42903132225
2022-06-25 07:00:00+00:00,696.8,30.2,1.0,0.51444744
2022-06-25 08:00:00+00:00,576.75,30.3,1.0,0.42568475624999996
2022-06-25 09:00:00+00:00,458.27,30.17,0.9948,0.338371674225
2022-06-25 10:00:00+00:00,370.8,29.69,0.9917,0.274187133
2022-06-25 11:00:00+00:00,207.18,28.86,0.9993000000000001,0.1535856417
2022-06-25 12:00:00+00:00,71.82,27.36,0.9945999999999999,0.0534836358
2022-06-26 00:00:00+00:00,10.35,22.08,0.9571,0.007830499500000001
2022-06-26 01:00:00+00:00,111.38,23.04,0.9319,0.08402618580000001
2022-06-26 02:00:00+00:00,269.08,24.58,0.9239,0.2020642806
2022-06-26 03:00:00+00:00,454.73,26.6,0.9085,0.339410472
2022-06-26 04:00:00+00:00,633.78,28.09,0.8393,0.47092864455
2022-06-26 05:00:00+00:00,742.05,29.0,0.9124,0.54985905
2022-06-26 06:00:00+00:00,675.53,29.51,0.9922,0.4997925593249999
2022-06-26 07:00:00+00:00,677.65,29.87,1.0,0.500812150125
2022-06-26 08:00:00+00:00,591.28,30.14,0.9976,0.43662184680000005
2022-06-26 09:00:00+00:00,394.52,30.28,0.9923000000000001,0.2912031024
2022-06-26 10:00:00+00:00,339.58,30.05,0.9181,0.25082652225
2022-06-26 11:00:00+00:00,194.75,29.51,0.9355,0.14408627437500002
2022-06-26 12:00:00+00:00,70.47,28.25,0.9509000000000001,0.052337188125
2022-06-27 00:00:00+00:00,8.57,22.36,0.9841,0.006478405799999999
2022-06-27 01:00:00+00:00,87.9,23.02,0.9954999999999999,0.06631659450000002
2022-06-27 02:00:00+00:00,221.27,24.62,0.9976999999999999,0.16614168585
2022-06-27 03:00:00+00:00,375.67,26.71,0.9937,0.280307109675
2022-06-27 04:00:00+00:00,519.6,28.67,0.9993000000000001,0.38540940300000004
2022-06-27 05:00:00+00:00,657.4,30.4,0.996,0.48506259
2022-06-27 06:00:00+00:00,631.05,31.35,1.0,0.46427137312499994
2022-06-27 07:00:00+00:00,590.85,31.81,1.0,0.434084200875
2022-06-27 08:00:00+00:00,513.55,31.77,1.0,0.37733984962499995
2022-06-27 09:00:00+00:00,455.83,31.21,1.0,0.33550341532499994
2022-06-27 10:00:00+00:00,303.98,30.24,0.9945,0.22440107580000004
2022-06-27 11:00:00+00:00,170.05,28.69,0.9948999999999999,0.126125659875
2022-06-27 12:00:00+00:00,62.62,27.07,0.9953,0.04667334734999999
2022-06-28 00:00:00+00:00,6.6,22.52,1.0,0.004986827999999999
2022-06-28 01:00:00+00:00,87.72,23.31,0.987,0.06612355529999998
2022-06-28 02:00:00+00:00,207.23,24.85,0.9883,0.155492440125
2022-06-28 03:00:00+00:00,362.95,26.64,0.9945,0.27087321449999996
2022-06-28 04:00:00+00:00,510.3,27.97,1.0,0.37931492024999997
2022-06-28 05:00:00+00:00,608.38,29.04,1.0,0.45075482580000004
2022-06-28 06:00:00+00:00,608.08,29.92,0.9993000000000001,0.4493285544
2022-06-28 07:00:00+00:00,614.5,30.5,1.0,0.45327056250000003
2022-06-28 08:00:00+00:00,506.83,30.89,1.0,0.37340573542500005
2022-06-28 09:00:00+00:00,445.73,31.15,0.9991,0.32812971112500006
2022-06-28 10:00:00+00:00,315.75,31.22,0.9974,0.23239357874999997
2022-06-28 11:00:00+00:00,169.57,30.57,0.9967,0.125052363975
2022-06-28 12:00:00+00:00,58.42,28.87,0.9890000000000001,0.043306307849999996
2022-06-29 00:00:00+00:00,11.02,22.55,0.8898,0.00832574775
2022-06-29 01:00:00+00:00,128.4,23.66,0.7704000000000001,0.096687126
2022-06-29 02:00:00+00:00,315.45,25.66,0.6753,0.23611905675
2022-06-29 03:00:00+00:00,518.83,27.7,0.5858,0.38597060775
2022-06-29 04:00:00+00:00,680.92,29.51,0.8693000000000001,0.5037803643
2022-06-29 05:00:00+00:00,739.42,31.05,0.9562999999999999,0.5444996452499999
2022-06-29 06:00:00+00:00,761.08,32.28,0.9468000000000001,0.5583435096
2022-06-29 07:00:00+00:00,773.22,33.01,0.9684999999999999,0.56597964255
2022-06-29 08:00:00+00:00,721.17,33.04,0.9951000000000001,0.5278315347
2022-06-29 09:00:00+00:00,607.65,32.4,0.8756999999999999,0.4456201275
2022-06-29 10:00:00+00:00,438.33,31.37,0.7043,0.322465135275
2022-06-29 11:00:00+00:00,250.6,30.28,0.7513,0.184972872
2022-06-29 12:00:00+00:00,80.28,28.76,0.8122,0.0595308312
2022-06-30 00:00:00+00:00,9.43,22.4,0.9959,0.007127665499999999
2022-06-30 01:00:00+00:00,121.22,23.55,0.9818000000000001,0.09131048025
2022-06-30 02:00:00+00:00,304.25,25.82,0.9911,0.22762615875
2022-06-30 03:00:00+00:00,493.23,27.92,0.9895999999999999,0.3666819789
2022-06-30 04:00:00+00:00,618.97,29.49,0.9987,0.45797435557500005
2022-06-30 05:00:00+00:00,716.67,30.7,1.0,0.52831120725
2022-06-30 06:00:00+00:00,768.33,31.64,1.0,0.5647686498
2022-06-30 07:00:00+00:00,799.7,31.99,0.8818,0.58719771825
2022-06-30 08:00:00+00:00,606.9,31.62,0.8706999999999999,0.4461352245
2022-06-30 09:00:00+00:00,512.22,31.19,0.9834,0.37703105594999997
2022-06-30 10:00:00+00:00,376.08,30.76,0.9834999999999999,0.2771860032
2022-06-30 11:00:00+00:00,218.15,30.01,0.9933,0.16115340412499998
2022-06-30 12:00:00+00:00,78.03,28.54,0.9773000000000001,0.05790099105000001
2022-07-01 00:00:00+00:00,8.32,22.74,0.9942,0.006282307200000001
2022-07-01 01:00:00+00:00,103.32,23.64,0.9897,0.07780615920000002
2022-07-01 02:00:00+00:00,269.88,25.47,0.9899,0.2021246019
2022-07-01 03:00:00+00:00,449.52,27.4,0.9932,0.334712592
2022-07-01 04:00:00+00:00,565.03,28.92,0.9943000000000001,0.41878893539999995
2022-07-01 05:00:00+00:00,597.95,30.1,0.9969,0.4416010237500001
2022-07-01 06:00:00+00:00,555.3,30.76,0.9913,0.4092783119999999
2022-07-01 07:00:00+00:00,661.15,31.14,0.9926999999999999,0.48672871275
2022-07-01 08:00:00+00:00,659.15,31.25,0.9772,0.48509320312500004
2022-07-01 09:00:00+00:00,506.83,31.18,0.9209999999999999,0.37307502885000005
2022-07-01 10:00:00+00:00,355.15,30.57,0.813,0.261911582625
2022-07-01 11:00:00+00:00,200.6,29.62,0.8538,0.148364763
2022-07-01 12:00:00+00:00,68.85,28.12,0.9027,0.051154173
2022-07-02 00:00:00+00:00,8.1,22.81,0.9832,0.00611491275
2022-07-02 01:00:00+00:00,99.25,23.74,0.9858,0.07471887375
2022-07-02 02:00:00+00:00,259.95,25.1,0.9899,0.19490401125
2022-07-02 03:00:00+00:00,433.2,26.32,0.9904000000000001,0.323613396
2022-07-02 04:00:00+00:00,535.83,27.59,0.9890000000000001,0.398749950675
2022-07-02 05:00:00+00:00,636.0,28.82,1.0,0.47153357999999995
2022-07-02 06:00:00+00:00,646.5,29.78,1.0,0.47792189249999995
2022-07-02 07:00:00+00:00,690.28,30.09,0.9976,0.5098045683
2022-07-02 08:00:00+00:00,633.55,30.33,0.9979,0.46756465162499994
2022-07-02 09:00:00+00:00,498.58,30.35,0.9981,0.36793334324999993
2022-07-02 10:00:00+00:00,345.7,30.17,0.9928,0.25525364475
2022-07-02 11:00:00+00:00,193.88,29.65,0.9828,0.1433815305
2022-07-02 12:00:00+00:00,65.2,28.19,0.9819,0.04843202700000001
2022-07-03 00:00:00+00:00,8.5,22.94,0.9906,0.006414397500000001
2022-07-03 01:00:00+00:00,94.93,23.97,0.9890000000000001,0.071417500275
2022-07-03 02:00:00+00:00,237.4,26.03,0.9858,0.17749982549999999
2022-07-03 03:00:00+00:00,399.17,27.81,0.9941,0.296853747675
2022-07-03 04:00:00+00:00,503.73,29.16,0.9965,0.3730825872
2022-07-03 05:00:00+00:00,604.67,30.33,0.9968,0.44625099502499993
2022-07-03 06:00:00+00:00,647.78,31.29,1.0,0.47666729355000004
2022-07-03 07:00:00+00:00,645.08,31.82,1.0,0.47391124739999996
2022-07-03 08:00:00+00:00,612.4,31.65,1.0,0.45013696499999994
2022-07-03 09:00:00+00:00,536.47,30.99,0.9906999999999999,0.395122225575
2022-07-03 10:00:00+00:00,370.95,30.01,0.9915,0.274030966125
2022-07-03 11:00:00+00:00,206.45,28.9,0.9887,0.15302590124999998
2022-07-03 12:00:00+00:00,72.95,27.57,0.9754,0.054290666625
2022-07-04 00:00:00+00:00,5.43,22.39,0.9963,0.004104387675
2022-07-04 01:00:00+00:00,69.85,23.15,0.9942,0.05267825062499999
2022-07-04 02:00:00+00:00,175.5,24.61,1.0,0.13177900124999997
2022-07-04 03:00:00+00:00,304.1,26.13,1.0,0.22730182575000002
2022-07-04 04:00:00+00:00,386.67,27.25,1.0,0.288044983125
2022-07-04 05:00:00+00:00,523.9,28.02,0.9902,0.38936509950000003
2022-07-04 06:00:00+00:00,642.4,28.79,0.9258,0.476321934
2022-07-04 07:00:00+00:00,553.28,29.22,0.9711,0.4097066064
2022-07-04 08:00:00+00:00,505.6,29.24,0.9987999999999999,0.37437657600000007
2022-07-04 09:00:00+00:00,440.6,28.96,0.988,0.326524254
2022-07-04 10:00:00+00:00,350.8,28.55,0.945,0.260297985
2022-07-04 11:00:00+00:00,195.52,27.8,0.9571,0.145408224
2022-07-04 12:00:00+00:00,67.47,26.59,0.9639,0.050361126075
2022-07-05 00:00:00+00:00,6.25,22.96,1.0,0.0047161875
2022-07-05 01:00:00+00:00,83.85,23.98,0.9984000000000001,0.06307993575
2022-07-05 02:00:00+00:00,195.15,25.79,1.0,0.146015620875
2022-07-05 03:00:00+00:00,313.3,27.25,0.9986,0.23338891875
2022-07-05 04:00:00+00:00,435.6,28.22,0.9665,0.32354407800000007
2022-07-05 05:00:00+00:00,491.77,28.86,0.9926,0.36455647755
2022-07-05 06:00:00+00:00,455.12,29.32,1.0,0.33691623360000006
2022-07-05 07:00:00+00:00,560.4,29.37,0.9573999999999999,0.41478986700000003
2022-07-05 08:00:00+00:00,520.88,28.89,0.9003,0.3861009978
2022-07-05 09:00:00+00:00,371.7,28.24,0.9895999999999999,0.276065307
2022-07-05 10:00:00+00:00,211.15,27.52,0.9765,0.1571652795
2022-07-05 11:00:00+00:00,105.5,26.78,0.9771,0.0787024725
2022-07-05 12:00:00+00:00,32.88,25.83,0.9804,0.0245985966
2022-07-06 01:00:00+00:00,45.75,22.95,0.9959,0.034523521875
2022-07-06 02:00:00+00:00,107.4,25.0,0.9956,0.08055000000000001
2022-07-06 03:00:00+00:00,178.38,27.22,0.9841,0.13289399189999998
2022-07-06 04:00:00+00:00,234.45,29.02,0.9904999999999999,0.17371689975
2022-07-06 05:00:00+00:00,317.2,30.43,0.9965,0.234024609
2022-07-06 06:00:00+00:00,301.1,31.51,0.9864,0.22141463775
2022-07-06 07:00:00+00:00,428.15,32.14,1.0,0.31423427024999995
2022-07-06 08:00:00+00:00,335.05,32.14,1.0,0.24590492175
2022-07-06 09:00:00+00:00,223.55,31.65,0.9833,0.164317633125
2022-07-06 10:00:00+00:00,153.73,30.62,0.9879000000000001,0.11335358414999999
2022-07-06 11:00:00+00:00,112.4,29.57,1.0,0.083144247
2022-07-06 12:00:00+00:00,43.83,28.05,1.0,0.032571716625
2022-07-07 00:00:00+00:00,6.22,22.17,0.9959,0.004704605849999999
2022-07-07 01:00:00+00:00,81.07,23.07,0.9928,0.061154546474999995
2022-07-07 02:00:00+00:00,195.75,24.87,0.9956,0.146869756875
2022-07-07 03:00:00+00:00,327.35,26.55,1.0,0.244370866875
2022-07-07 04:00:00+00:00,447.1,28.07,1.0,0.33223665674999997
2022-07-07 05:00:00+00:00,491.88,29.47,1.0,0.36396291689999993
2022-07-07 06:00:00+00:00,500.27,30.44,1.0,0.3690791952
2022-07-07 07:00:00+00:00,428.08,30.85,0.998,0.315425397
2022-07-07 08:00:00+00:00,385.83,30.66,0.9961,0.28445895495
2022-07-07 09:00:00+00:00,288.2,30.27,0.9972,0.2127326685
2022-07-07 10:00:00+00:00,199.23,29.52,0.9925,0.14739633089999998
2022-07-07 11:00:00+00:00,117.95,28.5,1.0,0.08753364375
2022-07-07 12:00:00+00:00,48.58,27.14,1.0,0.0362010873
2022-07-08 00:00:00+00:00,5.35,21.73,1.0,0.004051862625
2022-07-08 01:00:00+00:00,59.53,22.14,1.0,0.04503057555
2022-07-08 02:00:00+00:00,169.65,23.3,0.9965999999999999,0.12788641125000003
2022-07-08 03:00:00+00:00,292.67,24.87,0.9995,0.21958810597500003
2022-07-08 04:00:00+00:00,370.0,26.33,1.0,0.276392775
2022-07-08 05:00:00+00:00,361.42,27.15,1.0,0.26931663075
2022-07-08 06:00:00+00:00,309.35,27.64,0.9851000000000001,0.230174961
2022-07-08 07:00:00+00:00,203.73,27.86,1.0,0.15148649745
2022-07-08 08:00:00+00:00,299.77,27.83,0.9969,0.22291871452499998
2022-07-08 09:00:00+00:00,277.48,27.69,0.9894,0.20643055230000001
2022-07-08 10:00:00+00:00,227.0,27.25,0.9937999999999999,0.1691008125
2022-07-08 11:00:00+00:00,115.55,26.58,0.9918,0.08625171975000001
2022-07-08 12:00:00+00:00,38.0,25.55,0.9934000000000001,0.028452974999999995
2022-07-09 00:00:00+00:00,5.25,23.07,1.0,0.003960298125
2022-07-09 01:00:00+00:00,75.45,23.57,0.9891,0.056830260375
2022-07-09 02:00:00+00:00,180.1,24.65,0.9954000000000001,0.13521682875
2022-07-09 03:00:00+00:00,310.95,25.91,0.9923000000000001,0.23257582987499997
2022-07-09 04:00:00+00:00,301.6,26.89,0.9912000000000001,0.22491744600000002
2022-07-09 05:00:00+00:00,374.7,27.65,0.9881,0.27879085124999997
2022-07-09 06:00:00+00:00,421.9,28.12,0.9890000000000001,0.313463262
2022-07-09 07:00:00+00:00,548.17,28.34,1.0,0.40700800244999996
2022-07-09 08:00:00+00:00,522.92,28.24,1.0,0.3883779131999999
2022-07-09 09:00:00+00:00,406.98,28.03,1.0,0.30246041385
2022-07-09 10:00:00+00:00,243.88,27.56,1.0,0.1815052512
2022-07-09 11:00:00+00:00,138.1,26.79,1.0,0.10301880225
2022-07-09 12:00:00+00:00,51.78,25.73,1.0,0.03874995135
2022-07-10 00:00:00+00:00,5.07,22.44,1.0,0.0038317031999999997
2022-07-10 01:00:00+00:00,68.07,22.75,1.0,0.051397104374999995
2022-07-10 02:00:00+00:00,166.77,23.66,1.0,0.12558031155
2022-07-10 03:00:00+00:00,262.05,25.01,0.9881,0.19653160387500002
2022-07-10 04:00:00+00:00,381.67,26.42,0.9878,0.28503306435000003
2022-07-10 05:00:00+00:00,408.88,27.74,0.9912000000000001,0.30413925480000004
2022-07-10 06:00:00+00:00,463.88,28.64,1.0,0.3441108228
2022-07-10 07:00:00+00:00,433.65,28.8,1.0,0.32152979249999997
2022-07-10 08:00:00+00:00,433.67,28.67,0.9873999999999999,0.321671469975
2022-07-10 09:00:00+00:00,328.85,28.36,0.9919,0.24415139400000002
2022-07-10 10:00:00+00:00,243.1,27.82,1.0,0.18078253049999998
2022-07-10 11:00:00+00:00,126.53,27.08,1.0,0.0943053396
2022-07-10 12:00:00+00:00,50.85,26.1,1.0,0.038011646249999996
2022-07-11 00:00:00+00:00,5.8,21.94,0.9981,0.0043899329999999995
2022-07-11 01:00:00+00:00,78.35,23.06,0.9858,0.05910449774999999
2022-07-11 02:00:00+00:00,165.3,25.25,0.9954000000000001,0.12388201875
2022-07-11 03:00:00+00:00,259.67,27.2,1.0,0.19346713349999997
2022-07-11 04:00:00+00:00,389.65,28.52,0.9991,0.28915147199999996
2022-07-11 05:00:00+00:00,398.17,29.32,1.0,0.29475728760000003
2022-07-11 06:00:00+00:00,477.27,29.9,0.9948999999999999,0.35269059825
2022-07-11 07:00:00+00:00,492.7,29.91,0.9965,0.36408189674999997
2022-07-11 08:00:00+00:00,484.83,29.59,0.9987,0.358615418175
2022-07-11 09:00:00+00:00,406.7,29.04,1.0,0.30132809699999996
2022-07-11 10:00:00+00:00,235.32,28.37,1.0,0.1747056861
2022-07-11 11:00:00+00:00,138.68,27.43,1.0,0.10325176709999999
2022-07-11 12:00:00+00:00,52.45,26.27,1.0,0.03918762412500001
2022-07-12 01:00:00+00:00,78.78,22.84,0.9808,0.0594678708
2022-07-12 02:00:00+00:00,203.43,23.86,0.9856999999999999,0.15309429794999999
2022-07-12 03:00:00+00:00,358.08,25.02,0.9945,0.26854388640000004
2022-07-12 04:00:00+00:00,460.17,26.19,0.9714,0.34389539482500003
2022-07-12 05:00:00+00:00,534.6,27.18,0.9929000000000001,0.39832778700000004
2022-07-12 06:00:00+00:00,570.83,27.86,0.8878,0.42444920895000005
2022-07-12 07:00:00+00:00,655.2,28.4,0.9426000000000001,0.48638772
2022-07-12 08:00:00+00:00,570.22,28.75,0.9889,0.4228537687500001
2022-07-12 09:00:00+00:00,540.05,28.83,1.0,0.4003836191249999
2022-07-12 10:00:00+00:00,270.2,28.54,0.996,0.200497857
2022-07-12 11:00:00+00:00,153.48,27.89,0.9976999999999999,0.11411199629999999
2022-07-12 12:00:00+00:00,53.62,26.73,0.9987,0.040006284149999995
2022-07-13 01:00:00+00:00,45.9,23.17,0.9856,0.034613993249999996
2022-07-13 02:00:00+00:00,116.32,23.96,0.991,0.0875121888
2022-07-13 03:00:00+00:00,205.2,24.99,0.9940000000000001,0.15390461699999997
2022-07-13 04:00:00+00:00,261.35,26.13,0.9962000000000001,0.19534801762500004
2022-07-13 05:00:00+00:00,330.98,27.19,0.9934999999999999,0.24660409605
2022-07-13 06:00:00+00:00,375.25,27.96,0.9819,0.278938335
2022-07-13 07:00:00+00:00,336.88,28.41,1.0,0.2500752882
2022-07-13 08:00:00+00:00,317.33,28.54,0.9803000000000001,0.23546996655000002
2022-07-13 09:00:00+00:00,270.8,28.14,0.9763,0.201186798
2022-07-13 10:00:00+00:00,174.77,27.41,0.9826999999999999,0.130129809675
2022-07-13 11:00:00+00:00,101.35,26.45,0.9908,0.075681845625
2022-07-13 12:00:00+00:00,36.33,25.39,0.9937999999999999,0.027215620425
2022-07-14 00:00:00+00:00,5.68,22.56,0.9973000000000001,0.0042911832
2022-07-14 01:00:00+00:00,94.65,23.29,0.9753000000000001,0.07135166587500001
2022-07-14 02:00:00+00:00,231.82,24.62,0.9822,0.17406320609999998
2022-07-14 03:00:00+00:00,400.77,26.1,0.9812000000000001,0.29958559425
2022-07-14 04:00:00+00:00,541.83,27.39,0.9693,0.40345880917500004
2022-07-14 05:00:00+00:00,638.83,28.22,0.9570000000000001,0.47449417665
2022-07-14 06:00:00+00:00,585.55,28.63,0.8306,0.4343800203749999
2022-07-14 07:00:00+00:00,538.67,28.85,0.8742,0.39933627112500003
2022-07-14 08:00:00+00:00,549.62,28.77,0.8987999999999999,0.40755284835
2022-07-14 09:00:00+00:00,560.15,28.29,0.7809,0.4159659896249999
2022-07-14 10:00:00+00:00,335.05,27.73,0.9301999999999999,0.249229455375
2022-07-14 11:00:00+00:00,195.9,27.15,0.9362,0.14597733375000002
2022-07-14 12:00:00+00:00,69.8,26.26,0.9383,0.052152117
2022-07-15 00:00:00+00:00,6.85,22.63,0.2842,0.005174027624999999
2022-07-15 01:00:00+00:00,102.07,23.37,0.4133,0.076926841725
2022-07-15 02:00:00+00:00,250.07,24.9,0.5194,0.18760876575000002
2022-07-15 03:00:00+00:00,427.35,26.94,0.6206,0.31864711724999994
2022-07-15 04:00:00+00:00,488.92,28.97,0.7228,0.36232272210000005
2022-07-15 05:00:00+00:00,586.22,30.63,0.6713,0.4322390581500001
2022-07-15 06:00:00+00:00,591.75,31.84,0.8123999999999999,0.4347054675
2022-07-15 07:00:00+00:00,545.9,32.56,0.7946,0.4001392409999999
2022-07-15 08:00:00+00:00,555.3,32.83,0.6417,0.4066920022499999
2022-07-15 09:00:00+00:00,498.9,32.76,0.7362000000000001,0.365464206
2022-07-15 10:00:00+00:00,399.8,32.15,0.638,0.2934182175
2022-07-15 11:00:00+00:00,216.75,30.89,0.7042,0.159690020625
2022-07-15 12:00:00+00:00,69.95,28.91,0.7725,0.051847114874999996
2022-07-16 00:00:00+00:00,7.45,22.09,0.9606999999999999,0.005636278875
2022-07-16 01:00:00+00:00,85.15,23.4,0.9684999999999999,0.06416904
2022-07-16 02:00:00+00:00,213.55,25.83,0.9736,0.15976369537500001
2022-07-16 03:00:00+00:00,344.9,28.12,0.9759,0.256253802
2022-07-16 04:00:00+00:00,403.95,29.81,1.0,0.298590751125
2022-07-16 05:00:00+00:00,549.3,31.05,0.9818000000000001,0.4044976537499999
2022-07-16 06:00:00+00:00,627.05,31.74,0.9887,0.46077828675
2022-07-16 07:00:00+00:00,547.58,31.77,1.0,0.40234398765000007
2022-07-16 08:00:00+00:00,460.5,31.44,0.9854999999999999,0.338702355
2022-07-16 09:00:00+00:00,450.85,30.89,0.9849,0.33216261037500006
2022-07-16 10:00:00+00:00,328.52,30.29,0.9761,0.24247979069999998
2022-07-16 11:00:00+00:00,187.75,29.46,0.9831,0.13892842875000003
2022-07-16 12:00:00+00:00,66.72,28.21,0.9934999999999999,0.0495581148
2022-07-17 00:00:00+00:00,5.65,22.7,0.9852,0.0042667387499999996
2022-07-17 01:00:00+00:00,73.28,23.57,0.9933,0.05519577839999999
2022-07-17 02:00:00+00:00,193.77,25.5,0.9956999999999999,0.14510950875
2022-07-17 03:00:00+00:00,333.02,27.63,0.9931,0.24779435415
2022-07-17 04:00:00+00:00,447.3,29.37,0.9995999999999999,0.33107692275000006
2022-07-17 05:00:00+00:00,524.05,30.45,0.996,0.38661133687499993
2022-07-17 06:00:00+00:00,584.53,31.06,0.9863,0.43042743345
2022-07-17 07:00:00+00:00,499.55,31.21,0.9976,0.36768253762499997
2022-07-17 08:00:00+00:00,466.33,31.17,1.0,0.34327367377499995
2022-07-17 09:00:00+00:00,376.02,30.54,1.0,0.27732791069999996
2022-07-17 10:00:00+00:00,283.98,29.38,0.9991,0.2101863771
2022-07-17 11:00:00+00:00,163.75,27.94,1.0,0.12172929375
2022-07-17 12:00:00+00:00,56.7,26.59,0.9998,0.04232215575
2022-07-18 01:00:00+00:00,78.07,22.8,0.9895999999999999,0.05893894649999999
2022-07-18 02:00:00+00:00,185.8,24.0,0.9936,0.13976805
2022-07-18 03:00:00+00:00,333.65,25.39,0.9952,0.249944722125
2022-07-18 04:00:00+00:00,373.75,26.88,0.998,0.2787315375
2022-07-18 05:00:00+00:00,485.65,28.05,0.9972,0.36090472687499997
2022-07-18 06:00:00+00:00,524.75,29.11,0.9937,0.38870987437500004
2022-07-18 07:00:00+00:00,437.7,29.8,0.9997,0.32354784
2022-07-18 08:00:00+00:00,421.58,29.98,0.9945,0.3114611961
2022-07-18 09:00:00+00:00,398.55,29.58,0.9945999999999999,0.29480544225000005
2022-07-18 10:00:00+00:00,293.02,28.86,0.9964,0.21722012129999999
2022-07-18 11:00:00+00:00,170.88,28.01,1.0,0.1270027152
2022-07-18 12:00:00+00:00,61.17,26.74,0.9995,0.045638019450000004
2022-07-19 00:00:00+00:00,6.28,21.65,0.6762999999999999,0.0047573355
2022-07-19 01:00:00+00:00,105.28,22.46,0.5334,0.0795616752
2022-07-19 02:00:00+00:00,296.27,24.59,0.39020000000000005,0.22247580907499998
2022-07-19 03:00:00+00:00,513.3,27.3,0.24780000000000002,0.38231867249999996
2022-07-19 04:00:00+00:00,664.25,29.55,0.3663,0.491387240625
2022-07-19 05:00:00+00:00,639.92,31.28,0.4692,0.47089793039999994
2022-07-19 06:00:00+00:00,763.62,32.43,0.4586,0.5599491826499999
2022-07-19 07:00:00+00:00,732.58,32.76,0.4903,0.5366441532
2022-07-19 08:00:00+00:00,688.88,32.83,0.7676000000000001,0.5045236566
2022-07-19 09:00:00+00:00,568.0,32.26,0.4359,0.4167217199999999
2022-07-19 10:00:00+00:00,469.98,31.36,0.49939999999999996,0.3457595862
2022-07-19 11:00:00+00:00,264.08,30.45,0.40850000000000003,0.194821719
2022-07-19 12:00:00+00:00,87.4,29.09,0.33020000000000005,0.0647457015
2022-07-20 00:00:00+00:00,6.43,22.51,0.2634,0.0048585240750000005
2022-07-20 01:00:00+00:00,121.62,23.52,0.20170000000000002,0.0916199946
2022-07-20 02:00:00+00:00,334.75,25.32,0.1459,0.25082148
2022-07-20 03:00:00+00:00,558.72,27.21,0.09210000000000002,0.41626176479999993
2022-07-20 04:00:00+00:00,716.8,29.05,0.1533,0.53106816
2022-07-20 05:00:00+00:00,844.33,30.76,0.1714,0.6223049831999999
2022-07-20 06:00:00+00:00,848.05,32.23,0.27149999999999996,0.622241846625
2022-07-20 07:00:00+00:00,687.47,33.17,0.64,0.502965082725
2022-07-20 08:00:00+00:00,602.78,33.59,0.6154999999999999,0.44043476955
2022-07-20 09:00:00+00:00,494.0,33.5,0.6191,0.36105225
2022-07-20 10:00:00+00:00,471.23,33.14,0.382,0.34479192255
2022-07-20 11:00:00+00:00,272.35,32.15,0.3069,0.19988106937500003
2022-07-20 12:00:00+00:00,92.8,30.44,0.2464,0.068464128
2022-07-21 00:00:00+00:00,6.35,22.55,0.1387,0.004797504374999999
2022-07-21 01:00:00+00:00,120.38,23.27,0.1076,0.09075357915000001
2022-07-21 02:00:00+00:00,332.17,24.71,0.1014,0.249344240925
2022-07-21 03:00:00+00:00,554.95,26.59,0.11900000000000001,0.414227166375
2022-07-21 04:00:00+00:00,607.22,28.68,0.374,0.4503872184
2022-07-21 05:00:00+00:00,682.6,30.41,0.44799999999999995,0.5036410515
2022-07-21 06:00:00+00:00,645.42,31.56,0.8012,0.47453860079999993
2022-07-21 07:00:00+00:00,441.95,32.08,0.9919,0.32442223649999996
2022-07-21 08:00:00+00:00,322.3,31.97,0.9962000000000001,0.23667053025000004
2022-07-21 09:00:00+00:00,287.12,31.35,0.9841,0.21123777299999996
2022-07-21 10:00:00+00:00,250.32,30.26,0.9551000000000001,0.1847774628
2022-07-21 11:00:00+00:00,167.05,28.78,0.9697,0.12386673975
2022-07-21 12:00:00+00:00,57.62,27.41,0.9894,0.04290255555
2022-07-22 01:00:00+00:00,56.8,22.99,1.0,0.042856878
2022-07-22 02:00:00+00:00,141.48,23.7,1.0,0.106523829
2022-07-22 03:00:00+00:00,235.75,24.84,0.9995,0.17689737
2022-07-22 04:00:00+00:00,282.55,26.16,1.0,0.2111750445
2022-07-22 05:00:00+00:00,377.45,27.29,1.0,0.281142688875
2022-07-22 06:00:00+00:00,325.88,28.18,1.0,0.24207832860000003
2022-07-22 07:00:00+00:00,405.3,28.96,1.0,0.300363777
2022-07-22 08:00:00+00:00,379.25,29.32,1.0,0.28075119000000004
2022-07-22 09:00:00+00:00,321.85,29.28,0.9954000000000001,0.23828808450000005
2022-07-22 10:00:00+00:00,202.55,28.92,0.9898,0.150126009
2022-07-22 11:00:00+00:00,109.12,28.32,0.9876999999999999,0.08102487360000002
2022-07-22 12:00:00+00:00,38.7,27.23,0.9884000000000001,0.028830822750000002
2022-07-23 01:00:00+00:00,48.45,22.43,0.9840000000000001,0.036617662125000006
2022-07-23 02:00:00+00:00,134.38,23.59,0.9838,0.10121132055
2022-07-23 03:00:00+00:00,236.38,25.21,0.9875,0.17717331044999998
2022-07-23 04:00:00+00:00,322.92,26.83,0.9948,0.2408603769
2022-07-23 05:00:00+00:00,426.58,27.95,0.9943000000000001,0.31710357524999994
2022-07-23 06:00:00+00:00,565.28,28.7,0.9993000000000001,0.419254044
2022-07-23 07:00:00+00:00,507.17,29.16,1.0,0.3756303888
2022-07-23 08:00:00+00:00,447.55,29.43,0.9952,0.33120154537499996
2022-07-23 09:00:00+00:00,367.6,29.4,0.9963,0.27206076000000007
2022-07-23 10:00:00+00:00,279.92,28.98,0.9958,0.2074333164
2022-07-23 11:00:00+00:00,167.05,28.32,0.9773000000000001,0.1240396365
2022-07-23 12:00:00+00:00,60.83,27.12,0.9486,0.0453323409
2022-07-24 01:00:00+00:00,84.03,22.73,0.9940000000000001,0.06345168322500001
2022-07-24 02:00:00+00:00,238.7,24.69,0.9868000000000001,0.17919149325
2022-07-24 03:00:00+00:00,413.1,26.63,0.996,0.30830995575000003
2022-07-24 04:00:00+00:00,602.92,28.4,0.9454,0.447577662
2022-07-24 05:00:00+00:00,632.58,29.84,0.9042,0.46754620380000006
2022-07-24 06:00:00+00:00,719.4,31.0,0.9813,0.5298381
2022-07-24 07:00:00+00:00,669.85,31.76,0.9995999999999999,0.4921990815
2022-07-24 08:00:00+00:00,598.97,31.96,0.9968,0.4398476298
2022-07-24 09:00:00+00:00,520.05,31.68,0.9661,0.38222114849999994
2022-07-24 10:00:00+00:00,360.88,30.9,0.9923000000000001,0.265869318
2022-07-24 11:00:00+00:00,209.02,29.57,0.9929000000000001,0.15461575185
2022-07-24 12:00:00+00:00,71.95,27.89,0.9906,0.053494645125
2022-07-25 00:00:00+00:00,5.03,21.77,0.9963,0.0038090555250000005
2022-07-25 01:00:00+00:00,88.35,22.95,0.9929000000000001,0.066670014375
2022-07-25 02:00:00+00:00,254.12,24.53,0.997,0.1908587319
2022-07-25 03:00:00+00:00,412.67,26.11,0.9933,0.30847185667500004
2022-07-25 04:00:00+00:00,553.67,27.78,0.9836,0.41178929415000004
2022-07-25 05:00:00+00:00,666.17,29.78,0.9997,0.4924628416499999
2022-07-25 06:00:00+00:00,693.92,31.53,0.9987,0.5102445804
2022-07-25 07:00:00+00:00,589.38,32.37,1.0,0.43226160615000003
2022-07-25 08:00:00+00:00,583.72,32.69,0.988,0.4276901847
2022-07-25 09:00:00+00:00,385.85,32.51,0.9991,0.282867599625
2022-07-25 10:00:00+00:00,260.38,31.84,0.9952,0.19127775179999998
2022-07-25 11:00:00+00:00,144.68,30.81,1.0,0.1066186707
2022-07-25 12:00:00+00:00,42.88,29.01,1.0,0.0317731152
2022-07-26 01:00:00+00:00,65.93,23.0,1.0,0.049744185
2022-07-26 02:00:00+00:00,175.57,23.5,1.0,0.13227004875
2022-07-26 03:00:00+00:00,287.12,24.35,1.0,0.21575991299999994
2022-07-26 04:00:00+00:00,411.7,25.19,1.0,0.30859899825000003
2022-07-26 05:00:00+00:00,454.33,25.78,1.0,0.33995015084999997
2022-07-26 06:00:00+00:00,551.22,26.13,0.9963,0.41201352315
2022-07-26 07:00:00+00:00,458.77,26.51,0.9951000000000001,0.34251882892499996
2022-07-26 08:00:00+00:00,355.08,26.75,0.9992,0.2649118725
2022-07-26 09:00:00+00:00,219.05,26.6,0.9884000000000001,0.16349892000000002
2022-07-26 10:00:00+00:00,157.8,26.0,0.9872,0.11799495000000002
2022-07-26 11:00:00+00:00,88.12,25.45,1.0,0.06600077850000001
2022-07-26 12:00:00+00:00,31.65,24.77,1.0,0.023753878875
2022-07-27 01:00:00+00:00,73.9,22.97,0.9643,0.05576253825
2022-07-27 02:00:00+00:00,184.85,24.82,0.9682,0.13871236425
2022-07-27 03:00:00+00:00,347.3,26.53,0.9669,0.25927941975
2022-07-27 04:00:00+00:00,537.0,28.08,0.94,0.39902859
2022-07-27 05:00:00+00:00,588.17,29.23,0.8528,0.435529592025
2022-07-27 06:00:00+00:00,612.15,29.88,0.8528,0.45239109299999997
2022-07-27 07:00:00+00:00,595.35,29.91,0.752,0.439935370875
2022-07-27 08:00:00+00:00,604.1,29.7,0.6873999999999999,0.4466866425
2022-07-27 09:00:00+00:00,576.6,29.45,0.513,0.4266767925
2022-07-27 10:00:00+00:00,481.0,29.19,0.32409999999999994,0.3562153725
2022-07-27 11:00:00+00:00,304.38,28.72,0.38689999999999997,0.2257373394
2022-07-27 12:00:00+00:00,102.12,27.55,0.5578,0.0760040865
2022-07-28 00:00:00+00:00,5.22,22.21,0.6865000000000001,0.00394776855
2022-07-28 01:00:00+00:00,125.85,23.31,0.39770000000000005,0.09486604462499998
2022-07-28 02:00:00+00:00,344.35,25.11,0.2539,0.25817727337500007
2022-07-28 03:00:00+00:00,543.62,27.76,0.18489999999999998,0.40433911980000004
2022-07-28 04:00:00+00:00,664.45,28.96,0.2659,0.4924172505000001
2022-07-28 05:00:00+00:00,802.3,29.64,0.2655,0.5933489879999999
2022-07-28 06:00:00+00:00,867.78,30.1,0.3184,0.6408772245000001
2022-07-28 07:00:00+00:00,816.35,30.43,0.3737,0.602288743875
2022-07-28 08:00:00+00:00,743.97,30.57,0.3493,0.548653695975
2022-07-28 09:00:00+00:00,664.08,30.71,0.2584,0.4895282322
2022-07-28 10:00:00+00:00,487.08,30.93,0.2612,0.35881113509999996
2022-07-28 11:00:00+00:00,306.7,30.74,0.4439,0.2260639695
2022-07-28 12:00:00+00:00,104.72,29.62,0.6481999999999999,0.0774514356
2022-07-29 01:00:00+00:00,115.9,24.13,0.46409999999999996,0.08715187425
2022-07-29 02:00:00+00:00,339.85,26.64,0.2829,0.25363345350000005
2022-07-29 03:00:00+00:00,529.75,29.16,0.21350000000000002,0.39235404000000007
2022-07-29 04:00:00+00:00,776.72,29.9,0.0128,0.5739766620000001
2022-07-29 05:00:00+00:00,867.08,30.19,0.1844,0.6401846733000001
2022-07-29 06:00:00+00:00,926.08,30.41,0.18960000000000002,0.6832872912000001
2022-07-29 07:00:00+00:00,730.85,30.66,0.4497,0.53883012525
2022-07-29 08:00:00+00:00,743.65,30.81,0.3907,0.548016135375
2022-07-29 09:00:00+00:00,619.65,30.74,0.33520000000000005,0.4567347202499999
2022-07-29 10:00:00+00:00,481.62,30.5,0.3618,0.3552549525
2022-07-29 11:00:00+00:00,309.23,29.97,0.4797,0.228464535525
2022-07-29 12:00:00+00:00,100.15,28.98,0.7033,0.07421565675
2022-07-30 00:00:00+00:00,5.18,23.11,0.8633,0.00390702795
2022-07-30 01:00:00+00:00,103.4,24.35,0.7525,0.0777012225
2022-07-30 02:00:00+00:00,277.9,25.88,0.6613,0.20787475799999997
2022-07-30 03:00:00+00:00,403.15,27.56,0.6002000000000001,0.30004035599999995
2022-07-30 04:00:00+00:00,606.7,28.83,0.38189999999999996,0.44979676275
2022-07-30 05:00:00+00:00,770.88,30.24,0.2989,0.5690713248
2022-07-30 06:00:00+00:00,912.45,31.39,0.1404,0.671218750125
2022-07-30 07:00:00+00:00,894.25,31.63,0.19579999999999997,0.657347525625
2022-07-30 08:00:00+00:00,674.12,31.22,0.47229999999999994,0.4961556906
2022-07-30 09:00:00+00:00,601.83,30.61,0.36869999999999997,0.44377590082500007
2022-07-30 10:00:00+00:00,495.6,29.97,0.3603,0.36615795300000004
2022-07-30 11:00:00+00:00,277.38,29.1,0.4311,0.20547616950000003
2022-07-30 12:00:00+00:00,97.85,28.31,0.485,0.072658762125
2022-07-31 01:00:00+00:00,94.85,24.11,0.8229000000000001,0.07132743712499999
2022-07-31 02:00:00+00:00,277.52,26.14,0.7512000000000001,0.2074281612
2022-07-31 03:00:00+00:00,408.5,28.08,0.708,0.30354409499999996
2022-07-31 04:00:00+00:00,515.4,29.47,0.7082999999999999,0.38136636449999994
2022-07-31 05:00:00+00:00,624.2,30.43,0.7576999999999999,0.46052383650000006
2022-07-31 06:00:00+00:00,734.05,30.88,0.8062,0.5408260185
2022-07-31 07:00:00+00:00,765.47,31.02,0.3685,0.56373420885
2022-07-31 08:00:00+00:00,639.72,30.59,0.9834999999999999,0.47174392170000007
2022-07-31 09:00:00+00:00,654.53,30.1,0.3505,0.48338676825
2022-07-31 10:00:00+00:00,451.58,29.45,0.48450000000000004,0.33416355525
2022-07-31 11:00:00+00:00,243.93,28.58,0.6543000000000001,0.18098264385
2022-07-31 12:00:00+00:00,84.8,27.56,0.8076000000000001,0.063111552
2022-08-01 01:00:00+00:00,98.65,24.58,0.7326,0.07408072425000001
2022-08-01 02:00:00+00:00,267.67,25.19,0.7426999999999999,0.200638071075
2022-08-01 03:00:00+00:00,461.08,25.7,0.7354999999999999,0.345083799
2022-08-01 04:00:00+00:00,612.22,26.17,0.5786,0.45755333085
2022-08-01 05:00:00+00:00,626.65,26.78,0.5596,0.46747776674999997
2022-08-01 06:00:00+00:00,648.03,27.55,0.5653,0.482304427875
2022-08-01 07:00:00+00:00,703.88,27.88,0.43329999999999996,0.5233488576
2022-08-01 08:00:00+00:00,745.7,27.72,0.9405,0.554711316
2022-08-01 09:00:00+00:00,646.62,27.52,0.4314,0.4812986646
2022-08-01 10:00:00+00:00,458.35,27.35,0.4633,0.34133897437500005
2022-08-01 11:00:00+00:00,252.52,27.11,0.5911,0.18819116130000002
2022-08-01 12:00:00+00:00,82.15,26.59,0.7295,0.061318608375
2022-08-02 01:00:00+00:00,89.45,24.66,0.9551999999999999,0.06715592925
2022-08-02 02:00:00+00:00,266.88,26.37,0.9599,0.1993373424
2022-08-02 03:00:00+00:00,474.45,27.93,0.9704,0.352709688375
2022-08-02 04:00:00+00:00,684.05,28.98,0.7413,0.5069118322499999
2022-08-02 05:00:00+00:00,837.8,29.4,0.4218,0.62005578
2022-08-02 06:00:00+00:00,850.95,29.45,0.5181,0.6296923631250001
2022-08-02 07:00:00+00:00,706.9,29.54,0.987,0.5229540165
2022-08-02 08:00:00+00:00,679.17,29.3,0.8334999999999999,0.5028065302499999
2022-08-02 09:00:00+00:00,547.35,28.89,0.9168999999999999,0.405721819125
2022-08-02 10:00:00+00:00,381.92,28.24,0.9852,0.28365580320000006
2022-08-02 11:00:00+00:00,199.05,27.3,0.9762000000000001,0.14825741625000002
2022-08-02 12:00:00+00:00,69.18,26.3,0.9405,0.0516826485
2022-08-03 01:00:00+00:00,28.98,24.0,0.9979,0.021800204999999996
2022-08-03 02:00:00+00:00,79.93,24.68,0.9968,0.060005049600000006
2022-08-03 03:00:00+00:00,145.18,25.53,0.9956999999999999,0.10871187285000002
2022-08-03 04:00:00+00:00,293.58,26.3,1.0,0.21932627850000003
2022-08-03 05:00:00+00:00,352.85,26.88,0.998,0.2631449445
2022-08-03 06:00:00+00:00,533.22,27.28,0.9906,0.39717958140000004
2022-08-03 07:00:00+00:00,572.67,27.43,1.0,0.426371426775
2022-08-03 08:00:00+00:00,625.97,27.53,0.99,0.465914165775
2022-08-03 09:00:00+00:00,598.5,27.6,0.7561,0.445373775
2022-08-03 10:00:00+00:00,450.08,27.41,0.7809999999999999,0.3351194412
2022-08-03 11:00:00+00:00,258.75,26.91,0.8534,0.19295052187499998
2022-08-03 12:00:00+00:00,88.2,26.12,0.897,0.065927736
2022-08-04 01:00:00+00:00,10.73,23.11,1.0,0.008093129325
2022-08-04 02:00:00+00:00,92.88,25.45,0.9998999999999999,0.069565959
2022-08-04 03:00:00+00:00,181.62,27.48,1.0,0.1352015604
2022-08-04 04:00:00+00:00,237.15,28.88,1.0,0.1757921805
2022-08-04 05:00:00+00:00,412.15,30.01,0.9984000000000001,0.30446653912499994
2022-08-04 06:00:00+00:00,497.55,30.24,0.9925,0.36729638550000004
2022-08-04 07:00:00+00:00,541.5,29.9,1.0,0.40015496249999993
2022-08-04 08:00:00+00:00,532.17,29.55,1.0,0.3936794096249999
2022-08-04 09:00:00+00:00,463.92,29.29,0.9974,0.3434620122
2022-08-04 10:00:00+00:00,337.1,29.05,0.9945,0.24975317625000001
2022-08-04 11:00:00+00:00,187.52,28.7,0.9653,0.139078896
2022-08-04 12:00:00+00:00,63.55,27.79,0.9667,0.047263564875
2022-08-05 01:00:00+00:00,80.88,23.25,0.9909,0.06097846499999999
2022-08-05 02:00:00+00:00,210.75,24.69,0.9878,0.15820949812500001
2022-08-05 03:00:00+00:00,365.27,26.61,0.9840000000000001,0.27262930942499997
2022-08-05 04:00:00+00:00,450.08,28.42,0.9887,0.3340966344
2022-08-05 05:00:00+00:00,482.25,29.51,0.9945999999999999,0.35679386812499997
2022-08-05 06:00:00+00:00,471.95,30.01,0.9901000000000001,0.34864244362499996
2022-08-05 07:00:00+00:00,541.65,29.54,1.0,0.40070454525
2022-08-05 08:00:00+00:00,571.55,28.29,0.9986,0.424431601125
2022-08-05 09:00:00+00:00,519.53,27.3,0.998,0.38695893224999994
2022-08-05 10:00:00+00:00,325.17,26.69,0.9968,0.242641041075
2022-08-05 11:00:00+00:00,172.02,26.09,0.9875,0.12859312095
2022-08-05 12:00:00+00:00,66.4,25.51,0.9581999999999999,0.049723805999999995
2022-08-06 01:00:00+00:00,92.03,22.89,0.9541,0.06945941242499999
2022-08-06 02:00:00+00:00,252.15,24.63,0.9389,0.18932241487499998
2022-08-06 03:00:00+00:00,442.27,26.34,0.9308,0.33036905595
2022-08-06 04:00:00+00:00,541.12,27.67,0.9843000000000001,0.40258922160000005
2022-08-06 05:00:00+00:00,625.15,28.49,0.9789,0.463953509625
2022-08-06 06:00:00+00:00,704.12,28.95,0.9634,0.5218321334999999
2022-08-06 07:00:00+00:00,681.88,29.2,0.9963,0.5049662340000001
2022-08-06 08:00:00+00:00,609.22,29.29,0.983,0.45103450394999994
2022-08-06 09:00:00+00:00,413.08,29.16,0.9899,0.30594357120000004
2022-08-06 10:00:00+00:00,233.05,28.67,0.9856,0.17286308962500002
2022-08-06 11:00:00+00:00,125.82,27.86,0.9958,0.0935553483
2022-08-06 12:00:00+00:00,41.8,26.49,0.997,0.031209865499999996
2022-08-07 01:00:00+00:00,46.72,22.8,0.9979,0.035271264
2022-08-07 02:00:00+00:00,137.68,23.95,0.9968,0.103585269
2022-08-07 03:00:00+00:00,246.05,25.33,0.9956999999999999,0.184354807875
2022-08-07 04:00:00+00:00,375.4,26.81,1.0,0.28002118349999994
2022-08-07 05:00:00+00:00,455.9,27.86,0.9878,0.33899128349999996
2022-08-07 06:00:00+00:00,423.8,28.51,0.9997,0.3145030395
2022-08-07 07:00:00+00:00,507.3,28.99,0.9939,0.37592071425
2022-08-07 08:00:00+00:00,580.6,29.25,0.9784,0.4298980125
2022-08-07 09:00:00+00:00,533.85,28.98,0.9115000000000001,0.39560687325000005
2022-08-07 10:00:00+00:00,415.1,28.27,0.8321999999999999,0.30827090175000005
2022-08-07 11:00:00+00:00,230.25,27.19,0.8794,0.171552943125
2022-08-07 12:00:00+00:00,78.2,25.89,0.9274,0.05849340450000001
2022-08-08 01:00:00+00:00,49.1,22.77,1.0,0.037071359250000005
2022-08-08 02:00:00+00:00,136.23,24.24,1.0,0.1024054533
2022-08-08 03:00:00+00:00,187.48,25.9,1.0,0.14023035299999997
2022-08-08 04:00:00+00:00,318.77,27.39,1.0,0.237363314325
2022-08-08 05:00:00+00:00,505.35,28.61,1.0,0.37490779462500007
2022-08-08 06:00:00+00:00,581.95,29.38,1.0,0.43072738275000005
2022-08-08 07:00:00+00:00,408.5,29.71,1.0,0.30204592124999996
2022-08-08 08:00:00+00:00,387.6,29.5,0.998,0.28677555000000005
2022-08-08 09:00:00+00:00,301.15,29.09,0.9968,0.22309116712499996
2022-08-08 10:00:00+00:00,217.82,28.46,0.9984000000000001,0.16166927129999997
2022-08-08 11:00:00+00:00,120.4,27.62,0.9989,0.089590242
2022-08-08 12:00:00+00:00,53.55,26.45,1.0,0.039987793125000004
2022-08-09 01:00:00+00:00,69.47,23.28,0.9967,0.0523713489
2022-08-09 02:00:00+00:00,179.85,24.52,1.0,0.135081738
2022-08-09 03:00:00+00:00,320.95,26.39,1.0,0.239708728875
2022-08-09 04:00:00+00:00,438.55,28.04,1.0,0.325912818
2022-08-09 05:00:00+00:00,540.55,29.32,0.9904000000000001,0.40015835399999994
2022-08-09 06:00:00+00:00,608.58,30.32,1.0,0.44915029740000006
2022-08-09 07:00:00+00:00,464.5,30.93,1.0,0.34217740875
2022-08-09 08:00:00+00:00,591.83,31.17,0.9908,0.43565642002500005
2022-08-09 09:00:00+00:00,505.77,30.83,0.8979,0.3726930620249999
2022-08-09 10:00:00+00:00,392.48,30.1,0.8695,0.289856292
2022-08-09 11:00:00+00:00,220.9,28.61,0.9114,0.16388073975
2022-08-09 12:00:00+00:00,72.0,26.82,0.9542,0.053705159999999995
2022-08-10 01:00:00+00:00,86.5,22.22,0.9911,0.06541605749999999
2022-08-10 02:00:00+00:00,249.88,24.3,0.9872,0.18780356099999998
2022-08-10 03:00:00+00:00,429.12,26.46,0.9904999999999999,0.3204303408
2022-08-10 04:00:00+00:00,485.27,28.44,1.0,0.3601965102
2022-08-10 05:00:00+00:00,666.17,29.96,1.0,0.4921930427999999
2022-08-10 06:00:00+00:00,606.2,30.99,0.9994,0.44647993950000003
2022-08-10 07:00:00+00:00,567.38,31.55,0.9937999999999999,0.41717323725
2022-08-10 08:00:00+00:00,563.9,31.69,0.9423,0.41443689525
2022-08-10 09:00:00+00:00,444.3,31.45,0.9609000000000001,0.32677709625
2022-08-10 10:00:00+00:00,367.2,30.62,0.9609000000000001,0.270756756
2022-08-10 11:00:00+00:00,201.25,29.19,0.9765999999999999,0.149040215625
2022-08-10 12:00:00+00:00,68.18,27.34,0.9901000000000001,0.050776032299999996
2022-08-11 01:00:00+00:00,82.12,22.28,0.956,0.062092574399999996
2022-08-11 02:00:00+00:00,235.65,24.78,0.9397,0.17685414675000002
2022-08-11 03:00:00+00:00,416.6,26.96,0.9277,0.310612794
2022-08-11 04:00:00+00:00,494.6,28.74,0.9185,0.366787941
2022-08-11 05:00:00+00:00,643.22,30.24,0.9106000000000001,0.47483143620000007
2022-08-11 06:00:00+00:00,637.1,31.32,0.9207,0.46876543800000003
2022-08-11 07:00:00+00:00,537.17,32.03,0.8987,0.39438081352499993
2022-08-11 08:00:00+00:00,465.35,32.24,0.9623999999999999,0.3414319485000001
2022-08-11 09:00:00+00:00,512.25,31.87,0.7581,0.376269395625
2022-08-11 10:00:00+00:00,396.4,31.15,0.7342,0.291814815
2022-08-11 11:00:00+00:00,201.3,29.86,0.7942,0.1487737845
2022-08-11 12:00:00+00:00,63.17,28.04,0.8533,0.0469454172
2022-08-12 01:00:00+00:00,92.28,22.25,0.8134,0.0697809825
2022-08-12 02:00:00+00:00,278.77,24.55,0.8083,0.20935975462499998
2022-08-12 03:00:00+00:00,480.33,26.77,0.813,0.358334585775
2022-08-12 04:00:00+00:00,500.77,28.63,0.9353,0.37148746102499997
2022-08-12 05:00:00+00:00,494.48,29.87,0.8923000000000001,0.3654417354
2022-08-12 06:00:00+00:00,665.28,30.37,0.9098999999999999,0.49092175439999997
2022-08-12 07:00:00+00:00,570.65,30.98,0.7659,0.42030940424999996
2022-08-12 08:00:00+00:00,564.45,31.33,0.7545999999999999,0.41529832087500007
2022-08-12 09:00:00+00:00,424.33,31.4,0.8151,0.31213714800000003
2022-08-12 10:00:00+00:00,384.73,30.73,0.7655,0.283587368475
2022-08-12 11:00:00+00:00,211.38,29.48,0.8268000000000001,0.15640428959999997
2022-08-12 12:00:00+00:00,68.3,27.68,0.8873000000000001,0.050813150999999994
2022-08-13 01:00:00+00:00,85.43,21.92,0.9504,0.0646645299
2022-08-13 02:00:00+00:00,245.8,23.73,0.9239,0.18505237350000003
2022-08-13 03:00:00+00:00,425.77,25.35,0.9118999999999999,0.318992206125
2022-08-13 04:00:00+00:00,568.6,26.86,0.7748,0.424070409
2022-08-13 05:00:00+00:00,640.95,28.36,0.821,0.47586691799999997
2022-08-13 06:00:00+00:00,580.2,29.68,0.8462000000000001,0.429040494
2022-08-13 07:00:00+00:00,527.22,31.01,0.9126000000000001,0.38828566755000005
2022-08-13 08:00:00+00:00,512.38,31.59,0.9449,0.37668768555
2022-08-13 09:00:00+00:00,360.65,31.11,0.9812000000000001,0.265529464125
2022-08-13 10:00:00+00:00,279.75,30.32,0.988,0.20646389250000002
2022-08-13 11:00:00+00:00,157.93,29.06,0.9962000000000001,0.11700480945000001
2022-08-13 12:00:00+00:00,47.92,27.4,0.9972,0.035681232
2022-08-14 01:00:00+00:00,73.4,21.21,0.9838,0.055675918500000005
2022-08-14 02:00:00+00:00,222.52,22.74,0.9863,0.1680215142
2022-08-14 03:00:00+00:00,399.02,24.38,0.9928,0.29982163289999997
2022-08-14 04:00:00+00:00,475.8,25.75,0.9994,0.3560470875
2022-08-14 05:00:00+00:00,569.7,26.85,0.9990000000000001,0.42490362375000007
2022-08-14 06:00:00+00:00,612.92,27.65,0.9979,0.45603546449999993
2022-08-14 07:00:00+00:00,509.77,28.38,1.0,0.3784506991499999
2022-08-14 08:00:00+00:00,471.12,28.97,1.0,0.3491317206
2022-08-14 09:00:00+00:00,403.75,29.37,1.0,0.298842628125
2022-08-14 10:00:00+00:00,226.9,28.83,1.0,0.16821968925000003
2022-08-14 11:00:00+00:00,118.38,27.73,0.9989,0.08805785085
2022-08-14 12:00:00+00:00,34.03,26.2,1.0,0.025430618999999995
2022-08-15 01:00:00+00:00,85.1,21.87,0.9975,0.06442431674999999
2022-08-15 02:00:00+00:00,261.9,23.93,0.9968,0.19705552424999995
2022-08-15 03:00:00+00:00,445.6,26.27,0.9952,0.332926698
2022-08-15 04:00:00+00:00,602.95,28.19,0.9915999999999999,0.4478848263750001
2022-08-15 05:00:00+00:00,728.95,29.8,0.9819,0.5388398400000001
2022-08-15 06:00:00+00:00,711.08,31.29,0.9809,0.5232464403000001
2022-08-15 07:00:00+00:00,681.1,32.43,0.9842,0.49943871075000007
2022-08-15 08:00:00+00:00,567.53,32.98,0.9973000000000001,0.41545749885
2022-08-15 09:00:00+00:00,448.27,32.71,1.0,0.328426136175
2022-08-15 10:00:00+00:00,352.27,31.76,0.995,0.2588444733
2022-08-15 11:00:00+00:00,184.98,30.1,0.9958,0.1366123545
2022-08-15 12:00:00+00:00,54.72,28.09,0.9964,0.0406595592
2022-08-16 01:00:00+00:00,104.2,22.97,0.9655,0.0786259335
2022-08-16 02:00:00+00:00,307.35,24.68,0.9956,0.23073379200000002
2022-08-16 03:00:00+00:00,520.2,26.73,0.9956,0.3881251215
2022-08-16 04:00:00+00:00,696.78,28.67,0.8514,0.51683133915
2022-08-16 05:00:00+00:00,775.5,30.24,0.5034000000000001,0.5724818549999999
2022-08-16 06:00:00+00:00,945.4,31.48,0.16190000000000002,0.6952660679999999
2022-08-16 07:00:00+00:00,926.38,32.16,0.18230000000000002,0.6798610182
2022-08-16 08:00:00+00:00,811.62,32.27,0.3246,0.59543892585
2022-08-16 09:00:00+00:00,640.78,31.9,0.2937,0.47063689050000007
2022-08-16 10:00:00+00:00,535.1,31.33,0.1215,0.39370383825000005
2022-08-16 11:00:00+00:00,300.67,30.47,0.09789999999999999,0.221802003975
2022-08-16 12:00:00+00:00,85.7,28.77,0.1209,0.06354804975
2022-08-17 01:00:00+00:00,116.35,22.75,0.3329,0.08785152187499999
2022-08-17 02:00:00+00:00,340.33,24.75,0.1887,0.255438935625
2022-08-17 03:00:00+00:00,577.3,27.29,0.0128,0.43000046174999995
2022-08-17 04:00:00+00:00,754.1,29.37,0.0143,0.5581603117499999
2022-08-17 05:00:00+00:00,892.7,31.02,0.0159,0.6574333785
2022-08-17 06:00:00+00:00,956.55,32.22,0.0174,0.7018733452499999
2022-08-17 07:00:00+00:00,761.0,32.71,0.43689999999999996,0.5575485525
2022-08-17 08:00:00+00:00,638.2,32.99,0.5557,0.46717675950000004
2022-08-17 09:00:00+00:00,701.4,32.6,0.1974,0.51405606
2022-08-17 10:00:00+00:00,504.5,31.72,0.1771,0.37074695999999996
2022-08-17 11:00:00+00:00,258.85,30.53,0.2701,0.190916758875
2022-08-17 12:00:00+00:00,71.0,28.7,0.35340000000000005,0.052658924999999995
2022-08-18 01:00:00+00:00,107.03,22.79,0.2953,0.08080470667499999
2022-08-18 02:00:00+00:00,325.12,24.47,0.21969999999999998,0.24422770559999998
2022-08-18 03:00:00+00:00,553.15,26.4,0.1888,0.4131200775
2022-08-18 04:00:00+00:00,735.42,28.02,0.1617,0.5465678211
2022-08-18 05:00:00+00:00,836.35,29.26,0.1322,0.61924608525
2022-08-18 06:00:00+00:00,817.2,29.99,0.2897,0.6037248869999999
2022-08-18 07:00:00+00:00,692.42,30.24,0.6554000000000001,0.5111513682
2022-08-18 08:00:00+00:00,649.4,29.92,0.895,0.47986114199999996
2022-08-18 09:00:00+00:00,575.5,29.39,0.8759,0.42594049875
2022-08-18 10:00:00+00:00,427.33,29.0,0.7754000000000001,0.31665153
2022-08-18 11:00:00+00:00,231.48,28.14,0.8389,0.1719745938
2022-08-18 12:00:00+00:00,64.38,26.81,0.9118,0.048022812449999994
2022-08-19 01:00:00+00:00,74.0,22.18,1.0,0.05596952999999999
2022-08-19 02:00:00+00:00,219.68,23.78,1.0,0.16536302160000002
2022-08-19 03:00:00+00:00,380.33,25.93,0.9948999999999999,0.284451659475
2022-08-19 04:00:00+00:00,531.3,27.96,0.9959,0.394936542
2022-08-19 05:00:00+00:00,686.3,29.67,0.995,0.5075137027499999
2022-08-19 06:00:00+00:00,650.42,30.9,0.9991,0.47918067449999996
2022-08-19 07:00:00+00:00,665.55,31.53,1.0,0.489383906625
2022-08-19 08:00:00+00:00,549.38,31.89,1.0,0.40351823655
2022-08-19 09:00:00+00:00,434.2,31.72,1.0,0.319084896
2022-08-19 10:00:00+00:00,338.12,31.13,1.0,0.24892647990000003
2022-08-19 11:00:00+00:00,177.1,29.94,0.9993000000000001,0.13085653349999998
2022-08-19 12:00:00+00:00,49.72,28.09,0.9956,0.036944321700000005
2022-08-20 01:00:00+00:00,90.8,21.99,0.9581999999999999,0.068714943
2022-08-20 02:00:00+00:00,266.52,23.97,0.9417,0.20050766009999998
2022-08-20 03:00:00+00:00,463.5,26.25,0.9273,0.34632140625
2022-08-20 04:00:00+00:00,633.2,28.3,0.9439,0.4701984900000001
2022-08-20 05:00:00+00:00,760.9,29.99,0.9749,0.56213199525
2022-08-20 06:00:00+00:00,799.17,31.28,0.9773999999999999,0.5880852279
2022-08-20 07:00:00+00:00,754.78,31.89,0.9787,0.55438402305
2022-08-20 08:00:00+00:00,657.3,32.12,0.9963,0.482445054
2022-08-20 09:00:00+00:00,590.83,31.77,0.852,0.43412268202500004
2022-08-20 10:00:00+00:00,395.25,30.97,0.9871,0.29112830437500004
2022-08-20 11:00:00+00:00,209.62,30.02,0.9919,0.1548473421
2022-08-20 12:00:00+00:00,57.17,28.33,0.9914000000000001,0.042449153775
2022-08-21 01:00:00+00:00,74.6,22.28,0.9655,0.056406552
2022-08-21 02:00:00+00:00,212.85,23.76,0.9495,0.16023135149999998
2022-08-21 03:00:00+00:00,398.05,25.47,0.9309999999999999,0.298116562125
2022-08-21 04:00:00+00:00,513.83,27.25,0.9682999999999999,0.382771235625
2022-08-21 05:00:00+00:00,633.53,28.95,1.0,0.4695170021249999
2022-08-21 06:00:00+00:00,676.78,30.0,1.0,0.49997122499999996
2022-08-21 07:00:00+00:00,674.12,30.59,0.9852,0.49711125570000003
2022-08-21 08:00:00+00:00,648.72,30.74,0.9359999999999999,0.4781617812000001
2022-08-21 09:00:00+00:00,532.1,30.43,0.9023,0.39257406825
2022-08-21 10:00:00+00:00,379.3,30.06,0.7737999999999999,0.28015666950000007
2022-08-21 11:00:00+00:00,206.18,29.27,0.8443,0.15265412565
2022-08-21 12:00:00+00:00,58.55,27.56,0.9237000000000001,0.043575252
2022-08-22 01:00:00+00:00,73.07,22.62,0.9809,0.055193789849999994
2022-08-22 02:00:00+00:00,196.73,24.37,0.9692000000000001,0.147826364775
2022-08-22 03:00:00+00:00,372.67,26.58,0.9543,0.27817765815
2022-08-22 04:00:00+00:00,451.08,28.7,0.9118,0.334554759
2022-08-22 05:00:00+00:00,540.6,30.42,0.9329000000000001,0.39885738299999995
2022-08-22 06:00:00+00:00,582.72,31.58,0.9693999999999999,0.4284128304
2022-08-22 07:00:00+00:00,648.5,32.13,0.9336,0.47597143875
2022-08-22 08:00:00+00:00,560.0,32.22,0.6873999999999999,0.4109028
2022-08-22 09:00:00+00:00,617.28,31.83,0.5768,0.4534739495999999
2022-08-22 10:00:00+00:00,411.77,31.36,0.7039,0.30293507129999997
2022-08-22 11:00:00+00:00,203.5,30.26,0.6461,0.15021657749999998
2022-08-22 12:00:00+00:00,54.22,28.42,0.5959,0.0402477771
2022-08-23 01:00:00+00:00,87.88,22.49,0.8156,0.0664063023
2022-08-23 02:00:00+00:00,266.95,24.77,0.8734000000000001,0.200350646625
2022-08-23 03:00:00+00:00,446.3,26.85,0.9276000000000001,0.33286727625
2022-08-23 04:00:00+00:00,629.6,28.43,0.8276,0.46734106200000003
2022-08-23 05:00:00+00:00,716.75,29.6,0.8724,0.5301441374999999
2022-08-23 06:00:00+00:00,744.45,30.37,0.9534,0.5493426828750001
2022-08-23 07:00:00+00:00,685.83,30.94,0.7089,0.50520638205
2022-08-23 08:00:00+00:00,642.4,31.32,0.6412,0.472665072
2022-08-23 09:00:00+00:00,666.85,31.59,0.33149999999999996,0.49024978162500005
2022-08-23 10:00:00+00:00,497.58,31.24,0.2057,0.3661989768
2022-08-23 11:00:00+00:00,268.5,30.33,0.2376,0.19815501375000003
2022-08-23 12:00:00+00:00,66.53,28.44,0.2466,0.049382557800000004
2022-08-24 01:00:00+00:00,75.88,22.57,0.9225,0.05732487389999999
2022-08-24 02:00:00+00:00,225.45,24.52,0.8837999999999999,0.16933098600000002
2022-08-24 03:00:00+00:00,388.67,26.39,0.8528,0.290286934575
2022-08-24 04:00:00+00:00,470.05,27.99,0.9934999999999999,0.349375238625
2022-08-24 05:00:00+00:00,592.3,29.28,0.9972,0.438521151
2022-08-24 06:00:00+00:00,618.95,30.14,0.9975,0.45705434325000005
2022-08-24 07:00:00+00:00,686.88,30.58,0.9998,0.5065362216000001
2022-08-24 08:00:00+00:00,636.58,30.57,0.9712000000000001,0.4694570611500001
2022-08-24 09:00:00+00:00,488.38,30.18,0.9952,0.36059293109999996
2022-08-24 10:00:00+00:00,355.4,29.67,0.9826,0.2628156345
2022-08-24 11:00:00+00:00,174.35,28.98,0.9772,0.12920119575
2022-08-24 12:00:00+00:00,44.2,27.39,0.9754999999999999,0.0329123145
2022-08-25 01:00:00+00:00,71.65,22.35,0.9231,0.054164713125
2022-08-25 02:00:00+00:00,225.88,23.43,0.8887,0.1702079211
2022-08-25 03:00:00+00:00,406.38,24.7,0.8631,0.3050593065
2022-08-25 04:00:00+00:00,514.72,25.86,0.7998999999999999,0.38504401680000006
2022-08-25 05:00:00+00:00,628.38,26.65,0.8547,0.46895213925000007
2022-08-25 06:00:00+00:00,659.95,27.1,0.7177,0.49184423625000007
2022-08-25 07:00:00+00:00,566.58,27.43,0.8087000000000001,0.42183722385000005
2022-08-25 08:00:00+00:00,644.38,27.55,0.5457,0.47958786974999995
2022-08-25 09:00:00+00:00,605.88,27.57,0.4385,0.4509064989
2022-08-25 10:00:00+00:00,467.15,27.23,0.3023,0.348018574875
2022-08-25 11:00:00+00:00,234.9,26.36,0.5009,0.175456206
2022-08-25 12:00:00+00:00,53.6,25.17,0.7468,0.040179498
2022-08-26 01:00:00+00:00,70.07,22.71,0.9834,0.05291353567499999
2022-08-26 02:00:00+00:00,182.02,23.76,0.9834999999999999,0.1370228358
2022-08-26 03:00:00+00:00,322.25,25.5,0.9793000000000001,0.24132496875
2022-08-26 04:00:00+00:00,513.22,27.41,0.9068,0.38213206455000004
2022-08-26 05:00:00+00:00,570.58,28.64,0.9776,0.42326194980000004
2022-08-26 06:00:00+00:00,642.62,29.18,0.9462,0.4759211589
2022-08-26 07:00:00+00:00,689.53,28.91,0.7014,0.511081359825
2022-08-26 08:00:00+00:00,583.3,28.55,0.934,0.4328158912499999
2022-08-26 09:00:00+00:00,516.95,28.18,0.7926000000000001,0.38401372275
2022-08-26 10:00:00+00:00,353.55,27.7,0.7323999999999999,0.26301468375000003
2022-08-26 11:00:00+00:00,181.88,27.01,0.8023,0.13558744769999997
2022-08-26 12:00:00+00:00,41.05,25.93,0.8856999999999999,0.030701602874999998
2022-08-27 01:00:00+00:00,65.3,23.07,0.9884999999999999,0.04925856525
2022-08-27 02:00:00+00:00,180.98,23.47,0.9940000000000001,0.13635802365000002
2022-08-27 03:00:00+00:00,324.3,23.98,0.9883,0.24396926850000003
2022-08-27 04:00:00+00:00,526.88,24.63,0.9845999999999999,0.3955986276
2022-08-27 05:00:00+00:00,626.2,25.25,0.7203,0.46929776250000005
2022-08-27 06:00:00+00:00,682.0,25.71,0.5169,0.5104105050000001
2022-08-27 07:00:00+00:00,675.15,26.08,0.6814,0.5047218855000001
2022-08-27 08:00:00+00:00,601.83,26.33,0.9344,0.44957152372500003
2022-08-27 09:00:00+00:00,426.2,26.38,0.9984999999999999,0.31832664899999996
2022-08-27 10:00:00+00:00,291.27,26.26,0.9899,0.21762674955
2022-08-27 11:00:00+00:00,147.43,25.66,0.9973000000000001,0.11035356645000001
2022-08-27 12:00:00+00:00,36.78,24.53,0.986,0.027623894849999997
2022-08-28 01:00:00+00:00,71.2,22.08,0.9455,0.05386778400000001
2022-08-28 02:00:00+00:00,206.25,23.23,0.9459000000000001,0.15550889062499998
2022-08-28 03:00:00+00:00,366.83,24.65,0.9473,0.275411378625
2022-08-28 04:00:00+00:00,604.17,25.95,0.7467,0.451836086625
2022-08-28 05:00:00+00:00,651.38,26.98,0.9262,0.48563310209999994
2022-08-28 06:00:00+00:00,556.28,27.82,0.9838,0.41368040339999995
2022-08-28 07:00:00+00:00,630.1,28.22,0.9157,0.4680099255
2022-08-28 08:00:00+00:00,556.15,28.16,0.9306,0.41315827349999995
2022-08-28 09:00:00+00:00,361.4,27.9,0.9248000000000001,0.268691865
2022-08-28 10:00:00+00:00,178.43,27.47,0.9634,0.132830875275
2022-08-28 11:00:00+00:00,111.03,26.84,0.9915,0.0828128358
2022-08-28 12:00:00+00:00,28.67,25.92,0.9956999999999999,0.0214431531
2022-08-29 01:00:00+00:00,45.42,22.87,1.0,0.03428267534999999
2022-08-29 02:00:00+00:00,140.88,24.41,1.0,0.1058470182
2022-08-29 03:00:00+00:00,285.4,26.26,0.9971,0.213240891
2022-08-29 04:00:00+00:00,481.75,27.41,0.9259000000000001,0.35870021062500007
2022-08-29 05:00:00+00:00,640.5,28.07,0.9362,0.47595074624999995
2022-08-29 06:00:00+00:00,765.97,28.57,0.8568000000000001,0.568324845975
2022-08-29 07:00:00+00:00,687.7,28.81,0.9932,0.50987969175
2022-08-29 08:00:00+00:00,648.75,28.71,0.9427,0.481147059375
2022-08-29 09:00:00+00:00,529.97,28.42,0.9406,0.39339938085000004
2022-08-29 10:00:00+00:00,366.1,28.16,0.8151,0.271972029
2022-08-29 11:00:00+00:00,207.27,27.42,0.7857,0.15432391485
2022-08-29 12:00:00+00:00,48.38,26.22,0.7675,0.036152196899999996
2022-08-30 01:00:00+00:00,89.3,23.44,0.7242000000000001,0.06728844299999999
2022-08-30 02:00:00+00:00,279.6,24.11,0.6265999999999999,0.210259899
2022-08-30 03:00:00+00:00,495.67,24.89,0.5442,0.37187517832499994
2022-08-30 04:00:00+00:00,695.3,25.85,0.364,0.5201452387499998
2022-08-30 05:00:00+00:00,747.08,26.81,0.419,0.5572675167000001
2022-08-30 06:00:00+00:00,870.72,27.64,0.6253,0.6478679232000001
2022-08-30 07:00:00+00:00,778.1,28.42,0.9815,0.5775875205
2022-08-30 08:00:00+00:00,768.17,29.06,0.7592,0.5691102670499999
2022-08-30 09:00:00+00:00,615.92,29.19,0.6406000000000001,0.4561334141999999
2022-08-30 10:00:00+00:00,458.12,28.91,0.5274,0.3395596893
2022-08-30 11:00:00+00:00,240.45,28.0,0.6232,0.17871446249999998
2022-08-30 12:00:00+00:00,52.8,26.35,0.7286,0.039439619999999995
2022-08-31 01:00:00+00:00,84.68,23.18,0.6288,0.06385676460000002
2022-08-31 02:00:00+00:00,264.17,24.2,0.5389,0.198603006
2022-08-31 03:00:00+00:00,527.97,25.4,0.4623,0.39550232700000004
2022-08-31 04:00:00+00:00,628.33,26.74,0.33630000000000004,0.46878758805000004
2022-08-31 05:00:00+00:00,823.53,28.21,0.2298,0.611699554575
2022-08-31 06:00:00+00:00,789.25,29.1,0.5296,0.58465666875
2022-08-31 07:00:00+00:00,760.75,29.46,0.5782,0.5629283737500002
2022-08-31 08:00:00+00:00,778.25,29.47,0.9506999999999999,0.575860250625
2022-08-31 09:00:00+00:00,596.72,29.19,0.8695,0.44191442220000005
2022-08-31 10:00:00+00:00,386.17,28.81,0.9623999999999999,0.28631705767500004
2022-08-31 11:00:00+00:00,205.55,27.92,0.9806999999999999,0.1528120365
2022-08-31 12:00:00+00:00,48.28,26.3,0.9926,0.03606878100000001
2022-09-01 01:00:00+00:00,103.22,22.42,0.6065,0.0780141921
2022-09-01 02:00:00+00:00,320.77,23.94,0.6082,0.24134253644999998
2022-09-01 03:00:00+00:00,536.88,25.97,0.6114,0.40148825940000005
2022-09-01 04:00:00+00:00,582.08,28.08,0.5526,0.43252618560000006
2022-09-01 05:00:00+00:00,654.12,29.55,0.634,0.4838934465
2022-09-01 06:00:00+00:00,653.83,30.43,0.6126,0.48238433197499997
2022-09-01 07:00:00+00:00,709.12,31.04,0.4573,0.5222030592
2022-09-01 08:00:00+00:00,734.65,31.1,0.8139,0.54090442875
2022-09-01 09:00:00+00:00,499.1,30.46,0.9840000000000001,0.3681935565
2022-09-01 10:00:00+00:00,238.75,29.75,0.9909,0.176510859375
2022-09-01 11:00:00+00:00,122.15,28.58,1.0,0.09062858175000002
2022-09-01 12:00:00+00:00,25.67,27.02,1.0,0.019135829850000004
2022-09-02 01:00:00+00:00,96.7,23.03,0.6154,0.07295362275000002
2022-09-02 02:00:00+00:00,305.35,24.36,0.42450000000000004,0.229452204
2022-09-02 03:00:00+00:00,533.83,25.66,0.2462,0.39957976245000004
2022-09-02 04:00:00+00:00,688.17,26.78,0.3753,0.51337137915
2022-09-02 05:00:00+00:00,725.7,27.77,0.6157,0.5397520747500001
2022-09-02 06:00:00+00:00,618.5,28.39,0.8305,0.45915739125000005
2022-09-02 07:00:00+00:00,716.97,28.69,0.5267000000000001,0.531774856575
2022-09-02 08:00:00+00:00,671.47,28.94,0.46740000000000004,0.49764991844999995
2022-09-02 09:00:00+00:00,668.25,29.17,0.3282,0.494917644375
2022-09-02 10:00:00+00:00,484.8,29.06,0.2619,0.35917135200000005
2022-09-02 11:00:00+00:00,244.1,28.45,0.2864,0.18118017375
2022-09-02 12:00:00+00:00,53.17,27.22,0.2864,0.039611915850000005
2022-09-03 01:00:00+00:00,103.4,23.01,0.47,0.07801297350000001
2022-09-03 02:00:00+00:00,334.77,25.48,0.2753,0.25071594839999994
2022-09-03 03:00:00+00:00,600.08,27.68,0.12,0.4464415176
2022-09-03 04:00:00+00:00,740.45,29.09,0.223,0.548523508875
2022-09-03 05:00:00+00:00,769.6,30.24,0.33840000000000003,0.568126416
2022-09-03 06:00:00+00:00,732.2,31.19,0.5224,0.5389522845
2022-09-03 07:00:00+00:00,696.05,31.86,0.4963,0.51129396825
2022-09-03 08:00:00+00:00,737.28,32.09,0.5747,0.5411985407999998
2022-09-03 09:00:00+00:00,610.72,32.1,0.5243,0.448283748
2022-09-03 10:00:00+00:00,454.2,31.71,0.3796,0.3337927155
2022-09-03 11:00:00+00:00,210.7,30.85,0.5387,0.15525166125
2022-09-03 12:00:00+00:00,37.8,29.53,0.7187,0.0279647235
2022-09-04 01:00:00+00:00,89.05,24.18,0.7851,0.06695179725
2022-09-04 02:00:00+00:00,235.1,25.43,0.8440000000000001,0.17609754075
2022-09-04 03:00:00+00:00,352.95,27.26,0.9076000000000001,0.26291774925
2022-09-04 04:00:00+00:00,636.1,28.35,0.37229999999999996,0.47228039625
2022-09-04 05:00:00+00:00,764.92,28.96,0.349,0.5668745627999999
2022-09-04 06:00:00+00:00,800.2,29.45,0.3822,0.5921379975
2022-09-04 07:00:00+00:00,533.5,29.7,0.8933,0.3944832375
2022-09-04 08:00:00+00:00,774.62,29.95,0.4226,0.5723376697499999
2022-09-04 09:00:00+00:00,631.35,29.86,0.3614,0.46660868775000003
2022-09-04 10:00:00+00:00,344.02,29.6,0.6263000000000001,0.254454393
2022-09-04 11:00:00+00:00,160.75,29.11,0.7269,0.11907596437500001
2022-09-04 12:00:00+00:00,32.2,28.28,0.8679000000000001,0.023912364
2022-09-05 01:00:00+00:00,94.55,24.04,0.77,0.07111672799999999
2022-09-05 02:00:00+00:00,272.65,25.5,0.727,0.20418076875
2022-09-05 03:00:00+00:00,486.12,27.24,0.6528,0.3621399552
2022-09-05 04:00:00+00:00,673.88,28.2,0.4368,0.500558064
2022-09-05 05:00:00+00:00,910.28,28.87,0.0388,0.6747837368999999
2022-09-05 06:00:00+00:00,918.65,29.38,0.16899999999999998,0.67993420425
2022-09-05 07:00:00+00:00,868.25,29.84,0.2205,0.6417322575000001
2022-09-05 08:00:00+00:00,798.55,30.06,0.225,0.58982100825
2022-09-05 09:00:00+00:00,659.22,29.9,0.23149999999999998,0.4871470995
2022-09-05 10:00:00+00:00,451.02,29.41,0.2441,0.33378975405
2022-09-05 11:00:00+00:00,221.55,28.58,0.45649999999999996,0.16437791475000002
2022-09-05 12:00:00+00:00,41.25,27.49,0.6753,0.030706396875
2022-09-06 01:00:00+00:00,106.22,23.58,0.5123,0.0800043729
2022-09-06 02:00:00+00:00,322.65,24.35,0.3553,0.24245937562499997
2022-09-06 03:00:00+00:00,582.9,25.74,0.1375,0.43620447149999997
2022-09-06 04:00:00+00:00,729.45,26.83,0.1929,0.544083989625
2022-09-06 05:00:00+00:00,827.75,27.61,0.2438,0.615951538125
2022-09-06 06:00:00+00:00,902.15,28.25,0.228,0.670015528125
2022-09-06 07:00:00+00:00,885.45,28.69,0.2208,0.656736051375
2022-09-06 08:00:00+00:00,767.05,29.07,0.21280000000000002,0.5682632396249999
2022-09-06 09:00:00+00:00,657.15,29.2,0.2752,0.4866524325
2022-09-06 10:00:00+00:00,425.08,28.96,0.7554000000000001,0.3150225372
2022-09-06 11:00:00+00:00,206.93,28.54,0.8858,0.15354930255
2022-09-06 12:00:00+00:00,41.35,27.4,0.9212,0.030789210000000004
2022-09-07 01:00:00+00:00,73.93,22.84,1.0,0.055806799800000015
2022-09-07 02:00:00+00:00,220.95,24.13,1.0,0.16614500962499998
2022-09-07 03:00:00+00:00,388.42,26.56,0.9945,0.28995164580000005
2022-09-07 04:00:00+00:00,641.8,28.28,0.8863,0.47661351599999996
2022-09-07 05:00:00+00:00,770.62,29.19,0.9122,0.57069997995
2022-09-07 06:00:00+00:00,750.2,29.74,0.8345,0.5546491170000001
2022-09-07 07:00:00+00:00,712.4,30.04,0.7645000000000001,0.526221384
2022-09-07 08:00:00+00:00,748.15,30.17,0.78,0.552409645125
2022-09-07 09:00:00+00:00,564.42,30.0,0.9120999999999999,0.4169652749999999
2022-09-07 10:00:00+00:00,368.3,29.54,0.9603,0.2724628155
2022-09-07 11:00:00+00:00,167.18,28.84,0.9732999999999999,0.1239405648
2022-09-07 12:00:00+00:00,34.72,28.37,0.9777,0.025776735600000003
2022-09-08 01:00:00+00:00,42.22,21.68,1.0,0.0319803834
2022-09-08 02:00:00+00:00,122.0,23.27,1.0,0.091974885
2022-09-08 03:00:00+00:00,223.27,25.48,1.0,0.1672113684
2022-09-08 04:00:00+00:00,261.23,27.15,0.9993000000000001,0.194658799875
2022-09-08 05:00:00+00:00,410.55,28.21,1.0,0.304947302625
2022-09-08 06:00:00+00:00,443.83,28.87,1.0,0.329007850275
2022-09-08 07:00:00+00:00,333.52,29.54,0.9992,0.24673309319999998
2022-09-08 08:00:00+00:00,429.05,29.38,1.0,0.31755921225
2022-09-08 09:00:00+00:00,262.8,29.01,0.9995,0.19472888700000002
2022-09-08 10:00:00+00:00,237.5,28.34,1.0,0.17634018749999997
2022-09-08 11:00:00+00:00,116.22,27.31,1.0,0.08656094655
2022-09-08 12:00:00+00:00,19.3,25.87,1.0,0.014437220250000002
2022-09-09 01:00:00+00:00,75.53,22.8,0.9851000000000001,0.0570213735
2022-09-09 02:00:00+00:00,226.5,23.84,0.9721,0.17046616499999998
2022-09-09 03:00:00+00:00,404.98,25.67,0.9699,0.30312449264999997
2022-09-09 04:00:00+00:00,526.2,27.19,0.9863,0.39205714950000004
2022-09-09 05:00:00+00:00,590.1,28.18,0.9962000000000001,0.43835283450000007
2022-09-09 06:00:00+00:00,621.67,29.04,0.9978,0.46060151969999996
2022-09-09 07:00:00+00:00,602.15,29.63,1.0,0.445339602375
2022-09-09 08:00:00+00:00,588.92,29.78,0.9974,0.4353561654
2022-09-09 09:00:00+00:00,539.95,29.45,0.9036,0.399556250625
2022-09-09 10:00:00+00:00,378.48,28.63,0.9518000000000001,0.2807687646
2022-09-09 11:00:00+00:00,187.9,27.74,0.9614,0.13976659650000003
2022-09-09 12:00:00+00:00,32.72,26.27,0.9803000000000001,0.0244465026
2022-09-10 01:00:00+00:00,54.05,22.28,1.0,0.040868286
2022-09-10 02:00:00+00:00,168.68,23.42,1.0,0.12710965740000002
2022-09-10 03:00:00+00:00,325.58,24.93,1.0,0.24423627885
2022-09-10 04:00:00+00:00,419.55,26.28,1.0,0.313454196
2022-09-10 05:00:00+00:00,496.55,27.18,1.0,0.36997692225
2022-09-10 06:00:00+00:00,578.5,27.7,0.9998,0.4303606125
2022-09-10 07:00:00+00:00,448.12,27.93,1.0,0.3331357689
2022-09-10 08:00:00+00:00,442.62,28.02,1.0,0.32895739710000005
2022-09-10 09:00:00+00:00,370.45,27.93,1.0,0.27539530837500004
2022-09-10 10:00:00+00:00,242.3,27.58,0.9968,0.18031844850000003
2022-09-10 11:00:00+00:00,120.2,26.87,0.9981,0.0896442585
2022-09-10 12:00:00+00:00,19.88,25.62,1.0,0.0148822674
2022-09-11 01:00:00+00:00,75.72,21.29,0.988,0.0574220727
2022-09-11 02:00:00+00:00,225.55,22.35,0.9987,0.17050734187499997
2022-09-11 03:00:00+00:00,400.7,24.29,0.9959,0.30116511825
2022-09-11 04:00:00+00:00,537.5,26.09,0.9974,0.40180678124999997
2022-09-11 05:00:00+00:00,593.97,27.49,0.9998999999999999,0.44214978307499997
2022-09-11 06:00:00+00:00,649.38,28.4,0.9840000000000001,0.482067243
2022-09-11 07:00:00+00:00,702.22,28.98,0.9806,0.5203766199000001
2022-09-11 08:00:00+00:00,640.58,29.25,0.9986,0.47430945375000005
2022-09-11 09:00:00+00:00,412.58,29.27,0.9987,0.30547113765
2022-09-11 10:00:00+00:00,266.98,28.94,0.9963,0.19786822229999998
2022-09-11 11:00:00+00:00,123.5,28.03,0.9941,0.09178303874999999
2022-09-11 12:00:00+00:00,22.42,26.24,0.9965999999999999,0.016752448200000006
2022-09-12 01:00:00+00:00,79.95,21.81,0.988,0.060536341125000004
2022-09-12 02:00:00+00:00,244.9,23.75,0.9884000000000001,0.18436378125
2022-09-12 03:00:00+00:00,431.08,26.25,0.9956,0.32209758749999995
2022-09-12 04:00:00+00:00,579.88,28.24,0.9948,0.4306826748
2022-09-12 05:00:00+00:00,641.88,29.7,0.9901000000000001,0.474622119
2022-09-12 06:00:00+00:00,664.55,30.55,0.9939,0.49011393187499996
2022-09-12 07:00:00+00:00,599.7,30.92,0.9899,0.44178699600000004
2022-09-12 08:00:00+00:00,570.03,30.99,0.9987999999999999,0.4198399206749999
2022-09-12 09:00:00+00:00,478.48,30.82,0.9825,0.3525943044
2022-09-12 10:00:00+00:00,331.8,30.18,0.9787,0.244982871
2022-09-12 11:00:00+00:00,158.77,28.84,0.976,0.11770572720000001
2022-09-12 12:00:00+00:00,27.45,26.8,0.9722,0.0204763275
2022-09-13 01:00:00+00:00,93.2,21.4,0.9351,0.07065492
2022-09-13 02:00:00+00:00,281.0,23.52,0.9107999999999999,0.21168573000000002
2022-09-13 03:00:00+00:00,488.6,25.9,0.8804000000000001,0.36546058500000006
2022-09-13 04:00:00+00:00,631.7,27.82,0.8644,0.4697668635
2022-09-13 05:00:00+00:00,659.15,29.4,0.9462,0.48783691500000004
2022-09-13 06:00:00+00:00,710.83,30.5,0.9628,0.5243259787500001
2022-09-13 07:00:00+00:00,674.45,30.96,0.9687,0.49679312549999993
2022-09-13 08:00:00+00:00,570.65,30.76,0.9704,0.420591876
2022-09-13 09:00:00+00:00,509.08,30.5,0.9645999999999999,0.375510135
2022-09-13 10:00:00+00:00,355.1,29.79,0.9348000000000001,0.26249790975000004
2022-09-13 11:00:00+00:00,168.07,28.81,0.9540000000000001,0.124611719925
2022-09-13 12:00:00+00:00,27.9,26.96,0.9732,0.020801961
2022-09-14 01:00:00+00:00,109.35,21.71,0.22260000000000002,0.08282196337499999
2022-09-14 02:00:00+00:00,328.58,23.67,0.27149999999999996,0.24741827564999996
2022-09-14 03:00:00+00:00,542.9,25.86,0.33659999999999995,0.40612448849999994
2022-09-14 04:00:00+00:00,608.83,27.74,0.6011,0.45286906305
2022-09-14 05:00:00+00:00,502.48,29.19,0.8913,0.37212286980000003
2022-09-14 06:00:00+00:00,560.35,29.86,0.9523,0.41413507274999994
2022-09-14 07:00:00+00:00,556.5,30.11,0.9719,0.41097664125
2022-09-14 08:00:00+00:00,555.35,30.18,0.9983,0.41003989575
2022-09-14 09:00:00+00:00,402.33,29.85,0.9351,0.297357073875
2022-09-14 10:00:00+00:00,350.62,29.07,0.7134,0.25975419735
2022-09-14 11:00:00+00:00,169.23,27.95,0.722,0.125799235875
2022-09-14 12:00:00+00:00,27.12,26.41,0.7356,0.0202539618
2022-09-15 01:00:00+00:00,77.18,21.62,0.9440999999999999,0.058471953900000005
2022-09-15 02:00:00+00:00,232.68,22.59,0.9623999999999999,0.17577170730000002
2022-09-15 03:00:00+00:00,402.38,24.11,0.9841,0.30259076595
2022-09-15 04:00:00+00:00,504.4,25.61,0.7658,0.37760771099999996
2022-09-15 05:00:00+00:00,554.38,26.97,0.8759,0.41332771064999996
2022-09-15 06:00:00+00:00,623.15,28.18,0.9349,0.46290386175000003
2022-09-15 07:00:00+00:00,660.65,29.25,0.9533,0.48917003437499995
2022-09-15 08:00:00+00:00,577.38,29.63,0.6367,0.42702014385000003
2022-09-15 09:00:00+00:00,550.62,29.68,0.6831999999999999,0.4071669714
2022-09-15 10:00:00+00:00,397.95,29.26,0.5921,0.29464814924999994
2022-09-15 11:00:00+00:00,198.48,28.08,0.5836,0.1474845336
2022-09-15 12:00:00+00:00,30.85,26.33,0.5878,0.023045181375
2022-09-16 01:00:00+00:00,98.07,21.72,0.7114,0.07427625659999999
2022-09-16 02:00:00+00:00,302.73,23.64,0.5729,0.22797385380000004
2022-09-16 03:00:00+00:00,508.48,25.77,0.44420000000000004,0.3804790584
2022-09-16 04:00:00+00:00,669.72,27.71,0.3996,0.49820638230000003
2022-09-16 05:00:00+00:00,632.58,29.15,0.6769,0.4685282842500001
2022-09-16 06:00:00+00:00,578.65,29.94,0.7328,0.4275558052499999
2022-09-16 07:00:00+00:00,521.2,30.11,0.9256,0.38490750300000004
2022-09-16 08:00:00+00:00,513.17,29.91,0.9288,0.37920825442499995
2022-09-16 09:00:00+00:00,523.03,29.64,0.625,0.3868120668
2022-09-16 10:00:00+00:00,414.8,28.96,0.47009999999999996,0.307404132
2022-09-16 11:00:00+00:00,182.3,27.89,0.45630000000000004,0.13553959425
2022-09-16 12:00:00+00:00,26.1,26.28,0.469,0.019499832
2022-09-17 01:00:00+00:00,97.9,21.63,0.5001,0.07416732675000001
2022-09-17 02:00:00+00:00,288.67,23.63,0.46270000000000006,0.21739232527500005
2022-09-17 03:00:00+00:00,514.53,26.16,0.4293,0.38455457669999993
2022-09-17 04:00:00+00:00,573.8,28.21,0.4807,0.4262057295
2022-09-17 05:00:00+00:00,665.33,29.52,0.48210000000000003,0.4922310939000001
2022-09-17 06:00:00+00:00,676.28,30.35,0.6537999999999999,0.49906927949999996
2022-09-17 07:00:00+00:00,671.8,30.7,0.7077,0.4952341649999999
2022-09-17 08:00:00+00:00,650.85,30.87,0.5506,0.479541398625
2022-09-17 09:00:00+00:00,547.1,30.82,0.4585,0.40316072550000004
2022-09-17 10:00:00+00:00,470.98,30.27,0.1673,0.34765035465000005
2022-09-17 11:00:00+00:00,234.57,29.06,0.1354,0.17378470305000002
2022-09-17 12:00:00+00:00,34.1,27.06,0.1012,0.025416946500000002
2022-09-18 01:00:00+00:00,101.75,22.04,0.355,0.07699015499999999
2022-09-18 02:00:00+00:00,285.88,23.95,0.49810000000000004,0.2150853915
2022-09-18 03:00:00+00:00,466.98,26.03,0.6353,0.34915277385
2022-09-18 04:00:00+00:00,470.9,27.79,0.8562000000000001,0.35021892525000003
2022-09-18 05:00:00+00:00,603.78,29.09,0.9601000000000001,0.44727871455
2022-09-18 06:00:00+00:00,654.2,29.89,0.8240000000000001,0.48345216450000006
2022-09-18 07:00:00+00:00,683.7,30.27,0.6126,0.50466802725
2022-09-18 08:00:00+00:00,680.47,30.53,0.4188,0.501885752025
2022-09-18 09:00:00+00:00,661.55,30.5,0.29350000000000004,0.48797581874999996
2022-09-18 10:00:00+00:00,460.95,30.13,0.11289999999999999,0.340391984625
2022-09-18 11:00:00+00:00,212.4,29.19,0.2842,0.157297599
2022-09-18 12:00:00+00:00,28.02,27.4,0.4146,0.020863692
2022-09-19 01:00:00+00:00,104.9,21.68,0.6627,0.079458603
2022-09-19 02:00:00+00:00,312.4,23.19,0.7119,0.23557224899999996
2022-09-19 03:00:00+00:00,519.95,25.06,0.7645000000000001,0.38989230675000003
2022-09-19 04:00:00+00:00,712.8,26.7,0.579,0.53187354
2022-09-19 05:00:00+00:00,707.65,27.8,0.8256999999999999,0.526279305
2022-09-19 06:00:00+00:00,623.75,28.51,0.982,0.462886434375
2022-09-19 07:00:00+00:00,595.28,28.97,0.9833,0.44114266139999997
2022-09-19 08:00:00+00:00,590.58,29.24,0.9736,0.43730086679999997
2022-09-19 09:00:00+00:00,440.62,29.36,0.9922,0.32614251780000003
2022-09-19 10:00:00+00:00,285.62,29.07,0.9959,0.21159943485
2022-09-19 11:00:00+00:00,131.27,28.11,0.9848,0.097533938175
2022-09-19 12:00:00+00:00,20.15,25.98,0.9845,0.015068069249999996
2022-09-20 01:00:00+00:00,104.97,20.76,0.9536,0.0797289138
2022-09-20 02:00:00+00:00,312.95,22.3,0.9514,0.23661367125
2022-09-20 03:00:00+00:00,537.65,24.11,0.9375,0.40431414412499994
2022-09-20 04:00:00+00:00,665.05,25.45,0.992,0.49811413687499995
2022-09-20 05:00:00+00:00,710.08,26.66,0.9834,0.5299078512000001
2022-09-20 06:00:00+00:00,709.58,27.7,0.9728,0.5278743015
2022-09-20 07:00:00+00:00,785.97,28.44,0.9285,0.5833940922
2022-09-20 08:00:00+00:00,622.85,28.83,0.7957,0.461770090125
2022-09-20 09:00:00+00:00,603.15,28.66,0.7411,0.44739555975
2022-09-20 10:00:00+00:00,406.23,28.08,0.8359000000000001,0.3018573261
2022-09-20 11:00:00+00:00,185.1,26.85,0.8851,0.13805452124999998
2022-09-20 12:00:00+00:00,24.67,24.52,0.9399,0.018529143600000002
2022-09-21 01:00:00+00:00,96.78,20.45,0.9445999999999999,0.07357578525000001
2022-09-21 02:00:00+00:00,284.67,22.3,0.9475,0.21523187025000004
2022-09-21 03:00:00+00:00,479.65,24.47,0.9472,0.36030948262499995
2022-09-21 04:00:00+00:00,681.55,26.25,0.7851,0.509245640625
2022-09-21 05:00:00+00:00,692.85,27.73,0.4288,0.515381668875
2022-09-21 06:00:00+00:00,685.6,28.82,0.4813,0.5083072679999999
2022-09-21 07:00:00+00:00,633.22,29.52,0.5447,0.46847515259999994
2022-09-21 08:00:00+00:00,539.95,29.8,0.8626999999999999,0.39913104
2022-09-21 09:00:00+00:00,384.1,29.64,0.8603000000000001,0.28406499599999996
2022-09-21 10:00:00+00:00,268.9,29.3,0.8222,0.1990733925
2022-09-21 11:00:00+00:00,123.35,28.12,0.7454999999999999,0.09164658299999999
2022-09-21 12:00:00+00:00,16.67,25.81,0.6717,0.012472118925
2022-09-22 01:00:00+00:00,107.28,20.58,0.2838,0.08152689960000001
2022-09-22 02:00:00+00:00,340.55,22.56,0.3292,0.2572821195
2022-09-22 03:00:00+00:00,572.28,24.93,0.425,0.4293001341
2022-09-22 04:00:00+00:00,757.05,27.02,0.5535,0.5643467077500001
2022-09-22 05:00:00+00:00,783.9,28.7,0.6777,0.5813990324999999
2022-09-22 06:00:00+00:00,827.78,29.77,0.6822,0.61195085115
2022-09-22 07:00:00+00:00,840.78,30.2,0.9393,0.620747874
2022-09-22 08:00:00+00:00,773.05,30.41,1.0,0.5703775488749999
2022-09-22 09:00:00+00:00,551.62,30.15,0.9517,0.40732310325000004
2022-09-22 10:00:00+00:00,360.4,29.52,0.977,0.266634732
2022-09-22 11:00:00+00:00,164.38,28.12,0.9776,0.1221310524
2022-09-22 12:00:00+00:00,21.73,25.65,0.9825,0.016265719875
2022-09-23 01:00:00+00:00,115.55,20.0,0.5227,0.08796243749999999
2022-09-23 02:00:00+00:00,355.65,21.77,0.2944,0.26932218637499994
2022-09-23 03:00:00+00:00,599.5,24.15,0.0882,0.45077154375000006
2022-09-23 04:00:00+00:00,789.92,26.44,0.131,0.5898806592
2022-09-23 05:00:00+00:00,772.45,28.16,0.4214,0.5738453805
2022-09-23 06:00:00+00:00,813.15,29.37,0.49770000000000003,0.601867202625
2022-09-23 07:00:00+00:00,728.88,30.0,0.5390999999999999,0.5384600999999999
2022-09-23 08:00:00+00:00,650.6,29.9,0.4768,0.480777135
2022-09-23 09:00:00+00:00,373.9,29.51,0.8778,0.27663084974999996
2022-09-23 10:00:00+00:00,237.05,28.84,0.9244,0.17573938800000002
2022-09-23 11:00:00+00:00,113.22,27.66,0.8331000000000001,0.0842373783
2022-09-23 12:00:00+00:00,16.85,25.68,0.7173,0.012611719499999998
2022-09-24 01:00:00+00:00,117.12,21.18,0.0776,0.0888466464
2022-09-24 02:00:00+00:00,359.73,22.97,0.0481,0.271440566775
2022-09-24 03:00:00+00:00,594.88,25.24,0.0171,0.4458387648
2022-09-24 04:00:00+00:00,779.33,27.27,0.0342,0.5805170720250001
2022-09-24 05:00:00+00:00,829.5,28.82,0.2271,0.6149954475
2022-09-24 06:00:00+00:00,864.83,29.91,0.2872,0.639068290575
2022-09-24 07:00:00+00:00,817.9,30.49,0.3344,0.60332189025
2022-09-24 08:00:00+00:00,637.33,30.65,0.48479999999999995,0.4698954423750001
2022-09-24 09:00:00+00:00,558.28,30.51,0.6133,0.4117887237
2022-09-24 10:00:00+00:00,353.83,30.07,0.6849,0.26133618427500005
2022-09-24 11:00:00+00:00,154.5,28.81,0.8038,0.11455054875
2022-09-24 12:00:00+00:00,19.73,26.55,0.907,0.014728691625000002
2022-09-25 01:00:00+00:00,112.15,20.97,0.5993999999999999,0.08512942012500001
2022-09-25 02:00:00+00:00,352.67,22.83,0.3875,0.266224411275
2022-09-25 03:00:00+00:00,573.05,25.18,0.1974,0.42955541475
2022-09-25 04:00:00+00:00,727.65,27.21,0.21710000000000002,0.542119260375
2022-09-25 05:00:00+00:00,804.92,28.73,0.25989999999999996,0.5969347088999999
2022-09-25 06:00:00+00:00,787.25,29.83,0.3711,0.5818820606249999
2022-09-25 07:00:00+00:00,698.55,30.55,0.47740000000000005,0.515189356875
2022-09-25 08:00:00+00:00,637.7,30.86,0.45130000000000003,0.4698669255
2022-09-25 09:00:00+00:00,622.2,30.71,0.3926,0.4586562855000001
2022-09-25 10:00:00+00:00,410.38,30.36,0.39020000000000005,0.3028358172
2022-09-25 11:00:00+00:00,182.95,29.14,0.599,0.13550832075000002
2022-09-25 12:00:00+00:00,21.35,27.01,0.7951,0.015915944625
2022-09-26 01:00:00+00:00,50.65,22.44,0.8067,0.038279244
2022-09-26 02:00:00+00:00,128.98,23.78,0.8994,0.09708905009999999
2022-09-26 03:00:00+00:00,233.45,25.76,0.9976,0.1746883005
2022-09-26 04:00:00+00:00,281.25,27.88,0.9992,0.209115
2022-09-26 05:00:00+00:00,299.73,29.09,0.9965,0.22203923467499997
2022-09-26 06:00:00+00:00,309.4,29.96,0.9843000000000001,0.22859709599999997
2022-09-26 07:00:00+00:00,336.3,30.38,0.9958,0.24815408849999995
2022-09-26 08:00:00+00:00,400.27,30.37,0.9984000000000001,0.295366237725
2022-09-26 09:00:00+00:00,331.98,29.94,0.9981,0.2452950423
2022-09-26 10:00:00+00:00,228.93,28.98,0.9925,0.16964743185
2022-09-26 11:00:00+00:00,100.93,27.93,0.9994,0.075032118975
2022-09-26 12:00:00+00:00,15.48,26.2,0.9975,0.011568204
2022-09-27 01:00:00+00:00,80.97,21.42,0.6101,0.061379713350000004
2022-09-27 02:00:00+00:00,236.35,22.52,0.7722,0.17858133299999998
2022-09-27 03:00:00+00:00,383.15,24.12,0.9440999999999999,0.28812113699999997
2022-09-27 04:00:00+00:00,576.95,26.2,0.8896999999999999,0.431154735
2022-09-27 05:00:00+00:00,705.72,27.97,0.6931,0.5245740261
2022-09-27 06:00:00+00:00,786.1,29.38,0.5719,0.5818279845
2022-09-27 07:00:00+00:00,682.1,30.18,0.6888,0.5036251245
2022-09-27 08:00:00+00:00,544.3,30.45,0.8453,0.40155052125
2022-09-27 09:00:00+00:00,497.6,30.11,0.7254,0.367478844
2022-09-27 10:00:00+00:00,322.85,29.55,0.5481,0.238832323125
2022-09-27 11:00:00+00:00,137.4,28.33,0.6396000000000001,0.10202053050000001
2022-09-27 12:00:00+00:00,15.45,26.47,0.7364,0.011536399125
2022-09-28 01:00:00+00:00,90.7,21.8,0.7565999999999999,0.06867804000000001
2022-09-28 02:00:00+00:00,295.98,23.24,0.6986,0.22315708080000002
2022-09-28 03:00:00+00:00,515.78,25.14,0.6485,0.38667252930000007
2022-09-28 04:00:00+00:00,662.47,26.88,0.8198000000000001,0.4940502519
2022-09-28 05:00:00+00:00,685.28,27.94,0.894,0.5094268728
2022-09-28 06:00:00+00:00,608.35,28.26,0.9887,0.45180025275
2022-09-28 07:00:00+00:00,558.05,28.16,0.9917,0.41456976449999994
2022-09-28 08:00:00+00:00,471.95,28.05,0.9994,0.350723743125
2022-09-28 09:00:00+00:00,413.92,27.78,0.9821,0.3078509304
2022-09-28 10:00:00+00:00,253.27,27.58,0.9779000000000001,0.18848226765
2022-09-28 11:00:00+00:00,105.7,27.01,0.9734999999999999,0.07879697175
2022-09-28 12:00:00+00:00,14.38,25.82,0.9811,0.0107584689
2022-09-29 01:00:00+00:00,47.53,21.93,0.9551000000000001,0.03597581347499999
2022-09-29 02:00:00+00:00,115.72,22.8,1.0,0.087362814
2022-09-29 03:00:00+00:00,236.1,24.04,1.0,0.177584976
2022-09-29 04:00:00+00:00,321.15,25.74,1.0,0.24032778524999998
2022-09-29 05:00:00+00:00,454.5,27.3,1.0,0.3385229625
2022-09-29 06:00:00+00:00,588.35,28.36,1.0,0.436814574
2022-09-29 07:00:00+00:00,525.15,28.77,1.0,0.389407915125
2022-09-29 08:00:00+00:00,480.2,28.46,0.9995999999999999,0.356411643
2022-09-29 09:00:00+00:00,360.88,27.96,0.9922,0.26825653920000003
2022-09-29 10:00:00+00:00,218.68,27.08,0.9928,0.16298657760000002
2022-09-29 11:00:00+00:00,88.43,25.87,0.9954999999999999,0.06614939827500001
2022-09-29 12:00:00+00:00,10.73,24.73,0.9956,0.008054018474999999
2022-09-30 01:00:00+00:00,46.58,22.01,0.9759,0.03524836694999999
2022-09-30 02:00:00+00:00,112.1,22.64,0.9898,0.08467025099999999
2022-09-30 03:00:00+00:00,228.85,23.91,1.0,0.172198754625
2022-09-30 04:00:00+00:00,248.1,25.67,1.0,0.18570098925
2022-09-30 05:00:00+00:00,243.38,27.22,1.0,0.1813193169
2022-09-30 06:00:00+00:00,223.62,28.11,1.0,0.16615021905000002
2022-09-30 07:00:00+00:00,204.05,28.38,1.0,0.15148569974999998
2022-09-30 08:00:00+00:00,255.48,28.14,0.9943000000000001,0.1898050338
2022-09-30 09:00:00+00:00,264.02,27.51,0.9956999999999999,0.19652394704999998
2022-09-30 10:00:00+00:00,179.25,26.7,1.0,0.13375186874999997
2022-09-30 11:00:00+00:00,84.22,25.72,1.0,0.06302856359999999
2022-09-30 12:00:00+00:00,8.65,24.54,1.0,0.006496452749999999
2022-10-01 01:00:00+00:00,56.88,22.34,1.0,0.043000426800000005
2022-10-01 02:00:00+00:00,164.05,23.04,1.0,0.1237609605
2022-10-01 03:00:00+00:00,286.85,23.99,0.9989,0.21578936662500006
2022-10-01 04:00:00+00:00,340.9,25.05,0.995,0.25563664875
2022-10-01 05:00:00+00:00,293.4,25.73,0.9997,0.21956809049999998
2022-10-01 06:00:00+00:00,276.05,26.13,0.9978,0.206335642875
2022-10-01 07:00:00+00:00,290.98,26.23,0.9995999999999999,0.21742971285
2022-10-01 08:00:00+00:00,289.0,26.21,0.9973000000000001,0.21596319749999998
2022-10-01 09:00:00+00:00,297.55,26.09,1.0,0.22243275862500003
2022-10-01 10:00:00+00:00,185.65,25.78,0.9952,0.13891168425
2022-10-01 11:00:00+00:00,79.15,25.08,0.9990000000000001,0.05934825300000001
2022-10-01 12:00:00+00:00,7.2,24.02,0.9869,0.005415876
2022-10-02 01:00:00+00:00,76.35,21.12,0.9445,0.0579290355
2022-10-02 02:00:00+00:00,232.23,22.17,0.9243000000000001,0.17565122452499998
2022-10-02 03:00:00+00:00,408.48,23.63,0.9016,0.30761913960000004
2022-10-02 04:00:00+00:00,487.35,25.13,0.9779000000000001,0.365369950125
2022-10-02 05:00:00+00:00,532.25,26.22,0.9864,0.39772647375000003
2022-10-02 06:00:00+00:00,612.5,26.86,1.0,0.4568116875
2022-10-02 07:00:00+00:00,587.8,27.26,1.0,0.43786103699999995
2022-10-02 08:00:00+00:00,553.83,27.61,0.9994,0.412120133325
2022-10-02 09:00:00+00:00,459.25,27.76,0.9923000000000001,0.3415855575
2022-10-02 10:00:00+00:00,257.6,27.47,0.9934999999999999,0.19176838799999998
2022-10-02 11:00:00+00:00,115.97,26.55,0.9995999999999999,0.08657305462499999
2022-10-02 12:00:00+00:00,12.35,24.84,1.0,0.009266946
2022-10-03 01:00:00+00:00,95.78,21.91,0.9902,0.07250091045
2022-10-03 02:00:00+00:00,259.55,23.54,0.9922,0.19551512175000002
2022-10-03 03:00:00+00:00,442.88,25.82,0.9937,0.3313428864
2022-10-03 04:00:00+00:00,615.47,28.03,0.9891,0.457406533275
2022-10-03 05:00:00+00:00,659.1,29.25,0.8953,0.48802235625
2022-10-03 06:00:00+00:00,671.62,29.95,0.9164,0.49623483225000004
2022-10-03 07:00:00+00:00,679.42,30.42,0.9442,0.5012794730999999
2022-10-03 08:00:00+00:00,585.1,30.59,1.0,0.43146590475
2022-10-03 09:00:00+00:00,465.38,30.37,0.985,0.34341204615
2022-10-03 10:00:00+00:00,284.25,29.87,0.9831,0.210072830625
2022-10-03 11:00:00+00:00,117.22,28.34,0.9779000000000001,0.08703409170000001
2022-10-03 12:00:00+00:00,11.77,26.31,0.9786,0.008792807924999998
2022-10-04 01:00:00+00:00,80.62,22.36,0.9533,0.0609438828
2022-10-04 02:00:00+00:00,235.85,23.6,0.9113,0.1776304275
2022-10-04 03:00:00+00:00,387.7,25.43,0.8669,0.29039990025
2022-10-04 04:00:00+00:00,549.25,26.83,0.7809999999999999,0.409675963125
2022-10-04 05:00:00+00:00,626.33,27.66,0.802,0.46599891495000006
2022-10-04 06:00:00+00:00,679.47,28.33,0.9298000000000001,0.504511571025
2022-10-04 07:00:00+00:00,686.0,28.94,0.9317,0.50841861
2022-10-04 08:00:00+00:00,608.5,28.65,0.9998,0.45137769375000003
2022-10-04 09:00:00+00:00,401.77,28.3,0.9928,0.29834435774999996
2022-10-04 10:00:00+00:00,243.38,27.64,1.0,0.1810893228
2022-10-04 11:00:00+00:00,97.9,26.47,0.9936,0.07310119575
2022-10-04 12:00:00+00:00,9.52,25.02,0.9848,0.007139571599999999
2022-10-05 01:00:00+00:00,88.43,22.25,0.8371999999999999,0.06686966062500001
2022-10-05 02:00:00+00:00,240.82,23.36,0.7562000000000001,0.1815036258
2022-10-05 03:00:00+00:00,434.88,24.5,0.6745,0.32664924
2022-10-05 04:00:00+00:00,615.35,24.95,0.5988,0.4615817268750001
2022-10-05 05:00:00+00:00,693.78,25.0,0.8043,0.520335
2022-10-05 06:00:00+00:00,638.5,24.8,0.9845999999999999,0.4791623249999999
2022-10-05 07:00:00+00:00,413.77,24.55,1.0,0.31074644212499997
2022-10-05 08:00:00+00:00,405.02,24.6,0.9976,0.30412951800000004
2022-10-05 09:00:00+00:00,299.8,24.54,0.9974,0.22516029299999998
2022-10-05 10:00:00+00:00,177.35,24.3,0.9965999999999999,0.13329182625
2022-10-05 11:00:00+00:00,71.4,23.85,0.9859,0.0537347475
2022-10-05 12:00:00+00:00,7.75,22.93,0.9759,0.005848595625
2022-10-06 01:00:00+00:00,14.07,21.93,1.0,0.010649688525000001
2022-10-06 02:00:00+00:00,68.9,23.05,1.0,0.05197729874999999
2022-10-06 03:00:00+00:00,96.75,24.35,1.0,0.072703996875
2022-10-06 04:00:00+00:00,157.45,25.73,1.0,0.11782888837499998
2022-10-06 05:00:00+00:00,222.07,26.92,1.0,0.16559315759999998
2022-10-06 06:00:00+00:00,303.1,27.84,1.0,0.22538819100000004
2022-10-06 07:00:00+00:00,225.55,28.25,1.0,0.167513165625
2022-10-06 08:00:00+00:00,327.5,28.26,1.0,0.2432227875
2022-10-06 09:00:00+00:00,261.88,28.0,1.0,0.19464231
2022-10-06 10:00:00+00:00,158.4,27.37,0.9965999999999999,0.11795533200000002
2022-10-06 11:00:00+00:00,68.62,26.21,0.9917,0.051278182049999996
2022-10-06 12:00:00+00:00,6.7,24.75,1.0,0.00502876875
2022-10-07 01:00:00+00:00,74.25,21.23,0.8575,0.056317325625
2022-10-07 02:00:00+00:00,208.68,23.01,0.8776,0.1574443647
2022-10-07 03:00:00+00:00,381.1,25.12,0.8886,0.28572210300000006
2022-10-07 04:00:00+00:00,460.55,26.92,0.9812000000000001,0.343422924
2022-10-07 05:00:00+00:00,527.42,28.22,0.99,0.3917438421
2022-10-07 06:00:00+00:00,567.83,29.03,0.9573999999999999,0.42072370147500004
2022-10-07 07:00:00+00:00,552.28,29.46,0.9702,0.4086678702
2022-10-07 08:00:00+00:00,508.15,29.38,0.8959999999999999,0.37610468174999995
2022-10-07 09:00:00+00:00,461.77,28.97,0.6179,0.34220273947499996
2022-10-07 10:00:00+00:00,265.62,28.42,0.6634,0.19717105410000002
2022-10-07 11:00:00+00:00,113.22,27.37,0.7011,0.08431125435
2022-10-07 12:00:00+00:00,9.55,25.72,0.7439,0.007147029
2022-10-08 01:00:00+00:00,108.38,20.52,0.1959,0.08237747039999999
2022-10-08 02:00:00+00:00,313.4,22.06,0.1606,0.23712314099999998
2022-10-08 03:00:00+00:00,547.97,24.03,0.1057,0.41217344452500004
2022-10-08 04:00:00+00:00,746.8,26.0,0.0256,0.5584197
2022-10-08 05:00:00+00:00,857.22,27.44,0.1153,0.6382088622000001
2022-10-08 06:00:00+00:00,896.72,28.3,0.22030000000000002,0.665881854
2022-10-08 07:00:00+00:00,864.08,28.82,0.24969999999999998,0.6406332324
2022-10-08 08:00:00+00:00,714.83,29.15,0.32020000000000004,0.529447774875
2022-10-08 09:00:00+00:00,551.85,29.17,0.5389,0.4087097673750001
2022-10-08 10:00:00+00:00,348.65,28.72,0.6448999999999999,0.2585692995
2022-10-08 11:00:00+00:00,146.95,27.77,0.7404000000000001,0.10929663412499999
2022-10-08 12:00:00+00:00,10.6,26.24,0.8815999999999999,0.007920426000000001
2022-10-09 01:00:00+00:00,77.2,22.4,0.7031000000000001,0.05835162000000001
2022-10-09 02:00:00+00:00,179.65,23.29,0.8328,0.13542870337500001
2022-10-09 03:00:00+00:00,329.92,24.59,0.9420000000000001,0.24774435120000002
2022-10-09 04:00:00+00:00,378.55,25.34,0.9845,0.28362290925
2022-10-09 05:00:00+00:00,359.85,25.82,1.0,0.26922357674999997
2022-10-09 06:00:00+00:00,374.7,26.38,1.0,0.27986155649999994
2022-10-09 07:00:00+00:00,385.1,26.88,0.9759,0.287196027
2022-10-09 08:00:00+00:00,287.73,27.3,0.982,0.21430849725000004
2022-10-09 09:00:00+00:00,132.23,27.48,0.9984000000000001,0.0984346566
2022-10-09 10:00:00+00:00,94.95,27.21,1.0,0.07074036112500001
2022-10-09 11:00:00+00:00,45.22,26.53,1.0,0.03375933015
2022-10-10 01:00:00+00:00,78.12,22.66,0.9616,0.0590013018
2022-10-10 02:00:00+00:00,218.12,23.82,0.9501999999999999,0.16416910860000003
2022-10-10 03:00:00+00:00,379.33,25.49,0.941,0.28407928867500004
2022-10-10 04:00:00+00:00,471.25,27.1,0.9917,0.35121084375
2022-10-10 05:00:00+00:00,549.78,28.05,0.8779,0.40856213475
2022-10-10 06:00:00+00:00,659.35,28.51,0.9373999999999999,0.489305283375
2022-10-10 07:00:00+00:00,602.45,28.6,0.9863,0.446957655
2022-10-10 08:00:00+00:00,570.12,28.51,0.9578,0.42308747729999996
2022-10-10 09:00:00+00:00,456.27,28.3,0.9804999999999999,0.33881469525
2022-10-10 10:00:00+00:00,301.98,27.86,0.9170999999999999,0.2245417587
2022-10-10 11:00:00+00:00,121.62,27.21,0.8499,0.09061024455
2022-10-10 12:00:00+00:00,9.68,25.86,0.7928000000000001,0.007241269199999999
2022-10-11 01:00:00+00:00,76.55,22.57,0.9693999999999999,0.05783103712499999
2022-10-11 02:00:00+00:00,211.18,24.06,0.9821,0.1588316457
2022-10-11 03:00:00+00:00,378.85,26.07,0.9919,0.283225418625
2022-10-11 04:00:00+00:00,513.15,27.86,0.9863,0.38156037975
2022-10-11 05:00:00+00:00,557.75,28.91,0.9164,0.41340569437499997
2022-10-11 06:00:00+00:00,595.4,29.54,0.9102,0.44046798899999995
2022-10-11 07:00:00+00:00,540.7,29.92,0.8534,0.39953945100000005
2022-10-11 08:00:00+00:00,381.85,30.06,0.9270999999999999,0.28204013775000003
2022-10-11 09:00:00+00:00,306.98,29.55,0.9348000000000001,0.22709229225000002
2022-10-11 10:00:00+00:00,204.05,28.89,0.9366,0.151251552375
2022-10-11 11:00:00+00:00,89.85,27.82,0.9319,0.06681740175
2022-10-11 12:00:00+00:00,7.15,26.44,0.9142,0.005339334
2022-10-12 01:00:00+00:00,74.55,22.86,0.9490000000000001,0.056271458249999996
2022-10-12 02:00:00+00:00,207.02,23.31,0.948,0.15605219355
2022-10-12 03:00:00+00:00,383.3,23.98,0.9426000000000001,0.28835467350000005
2022-10-12 04:00:00+00:00,546.83,24.84,0.7879,0.4103193588000001
2022-10-12 05:00:00+00:00,706.75,25.99,0.5372,0.5284882143749999
2022-10-12 06:00:00+00:00,756.3,27.04,0.4954,0.563753583
2022-10-12 07:00:00+00:00,643.03,27.78,0.9440000000000001,0.47825034735
2022-10-12 08:00:00+00:00,560.05,28.02,0.8695999999999999,0.41623196025
2022-10-12 09:00:00+00:00,455.85,28.01,0.6036,0.338800255875
2022-10-12 10:00:00+00:00,264.6,27.6,0.6819,0.19690209
2022-10-12 11:00:00+00:00,111.05,26.8,0.7625,0.0828377475
2022-10-12 12:00:00+00:00,5.95,25.32,0.9102,0.004458216
2022-10-13 01:00:00+00:00,61.92,22.45,0.9852,0.046795266
2022-10-13 02:00:00+00:00,159.5,23.56,0.9884999999999999,0.12014178000000002
2022-10-13 03:00:00+00:00,284.73,25.07,0.9944,0.21350265502500002
2022-10-13 04:00:00+00:00,467.1,26.69,0.9608,0.34854885225
2022-10-13 05:00:00+00:00,597.5,27.84,0.8271999999999999,0.444306975
2022-10-13 06:00:00+00:00,661.9,28.58,0.7879,0.4910933955
2022-10-13 07:00:00+00:00,664.53,29.03,0.7463,0.4923718742249999
2022-10-13 08:00:00+00:00,553.8,29.26,0.7537,0.41004182699999997
2022-10-13 09:00:00+00:00,458.55,29.01,0.7759999999999999,0.33977523262500003
2022-10-13 10:00:00+00:00,283.77,28.59,0.8262999999999999,0.210535347825
2022-10-13 11:00:00+00:00,115.55,27.52,0.8684000000000001,0.0860073315
2022-10-13 12:00:00+00:00,8.1,25.87,0.9228000000000001,0.00605914425
2022-10-14 01:00:00+00:00,102.93,21.92,0.7829,0.07791080489999999
2022-10-14 02:00:00+00:00,298.7,23.31,0.6073,0.22516080674999994
2022-10-14 03:00:00+00:00,514.35,25.7,0.4337,0.38495239875000004
2022-10-14 04:00:00+00:00,729.92,27.71,0.162,0.5429893128000001
2022-10-14 05:00:00+00:00,818.53,29.19,0.2534,0.606180808425
2022-10-14 06:00:00+00:00,825.3,30.17,0.58,0.60937469775
2022-10-14 07:00:00+00:00,773.17,30.72,0.7691,0.5699268021
2022-10-14 08:00:00+00:00,697.58,30.72,0.6382,0.5142071454
2022-10-14 09:00:00+00:00,552.1,30.32,0.6638,0.40746636300000005
2022-10-14 10:00:00+00:00,343.52,29.67,0.7393000000000001,0.2540304636
2022-10-14 11:00:00+00:00,136.18,28.48,0.8222,0.1010687106
2022-10-14 12:00:00+00:00,7.55,26.53,0.9201999999999999,0.0056365091249999996
2022-10-15 01:00:00+00:00,101.65,22.58,0.5375,0.07679098425
2022-10-15 02:00:00+00:00,288.02,23.36,0.4081,0.21707779380000003
2022-10-15 03:00:00+00:00,497.12,24.57,0.2799,0.3733209636
2022-10-15 04:00:00+00:00,667.65,25.91,0.3791,0.49937048662499994
2022-10-15 05:00:00+00:00,788.55,27.22,0.3517,0.58747369275
2022-10-15 06:00:00+00:00,807.45,28.17,0.45030000000000003,0.599828362875
2022-10-15 07:00:00+00:00,684.47,28.84,0.7664,0.5074386792
2022-10-15 08:00:00+00:00,571.3,28.78,0.8381000000000001,0.42361609349999996
2022-10-15 09:00:00+00:00,419.98,28.16,0.8426,0.3119989422
2022-10-15 10:00:00+00:00,255.23,27.47,0.8695999999999999,0.190004059275
2022-10-15 11:00:00+00:00,105.68,26.47,0.9070999999999999,0.0789104634
2022-10-15 12:00:00+00:00,7.35,25.15,0.9587,0.005510019375
2022-10-16 01:00:00+00:00,67.1,22.53,0.7583,0.05069790824999999
2022-10-16 02:00:00+00:00,194.73,23.87,0.7837000000000001,0.146542601025
2022-10-16 03:00:00+00:00,366.27,25.5,0.7963,0.27429044625
2022-10-16 04:00:00+00:00,509.35,27.04,0.8454,0.3796745835
2022-10-16 05:00:00+00:00,622.22,28.2,0.7311,0.46218501599999995
2022-10-16 06:00:00+00:00,633.35,29.0,0.7145,0.46931234999999993
2022-10-16 07:00:00+00:00,697.42,29.54,0.5093,0.5159408547
2022-10-16 08:00:00+00:00,524.9,29.69,0.7204,0.38813599274999994
2022-10-16 09:00:00+00:00,409.9,29.54,0.7240000000000001,0.30323787150000003
2022-10-16 10:00:00+00:00,237.9,28.82,0.7798999999999999,0.1763802495
2022-10-16 11:00:00+00:00,91.15,27.75,0.8392000000000001,0.06779850937500001
2022-10-16 12:00:00+00:00,5.5,25.95,0.9208,0.00411324375
2022-10-17 01:00:00+00:00,103.88,22.77,0.1527,0.07843121790000002
2022-10-17 02:00:00+00:00,293.52,23.84,0.29960000000000003,0.2209060872
2022-10-17 03:00:00+00:00,508.25,25.0,0.413,0.3811875
2022-10-17 04:00:00+00:00,601.85,26.36,0.5811,0.449545839
2022-10-17 05:00:00+00:00,653.1,27.69,0.7341,0.48587211225
2022-10-17 06:00:00+00:00,779.3,28.56,0.6236999999999999,0.5782328069999999
2022-10-17 07:00:00+00:00,781.78,29.1,0.3969,0.5791230795
2022-10-17 08:00:00+00:00,719.25,29.35,0.3661,0.5323978406250001
2022-10-17 09:00:00+00:00,582.0,29.26,0.1989,0.43092153
2022-10-17 10:00:00+00:00,360.5,28.74,0.2433,0.2673413925
2022-10-17 11:00:00+00:00,142.73,27.69,0.3159,0.10618362667499999
2022-10-17 12:00:00+00:00,7.75,25.75,0.3749,0.005799421875
2022-10-18 01:00:00+00:00,95.05,22.16,0.968,0.07189486950000001
2022-10-18 02:00:00+00:00,267.52,23.81,0.9577,0.2013562848
2022-10-18 03:00:00+00:00,432.17,26.01,0.9469,0.323145393675
2022-10-18 04:00:00+00:00,630.65,27.54,0.8206,0.46938333525
2022-10-18 05:00:00+00:00,718.33,28.41,0.6431999999999999,0.5332361130750001
2022-10-18 06:00:00+00:00,832.15,28.87,0.5607,0.616866553875
2022-10-18 07:00:00+00:00,798.33,29.15,0.48200000000000004,0.5912930936250002
2022-10-18 08:00:00+00:00,675.97,29.19,0.8767,0.5006047928250001
2022-10-18 09:00:00+00:00,508.1,29.13,0.4779,0.37635348074999997
2022-10-18 10:00:00+00:00,315.95,28.81,0.5692,0.234254018625
2022-10-18 11:00:00+00:00,123.8,28.06,0.6507,0.091997637
2022-10-18 12:00:00+00:00,6.82,26.53,0.7555,0.0050915221500000005
2022-10-19 01:00:00+00:00,68.47,22.29,0.9798,0.051769995825
2022-10-19 02:00:00+00:00,205.27,24.01,0.9575,0.15440973892499998
2022-10-19 03:00:00+00:00,362.92,26.1,0.9431,0.27129177300000007
2022-10-19 04:00:00+00:00,532.92,27.51,0.8726,0.3966803343
2022-10-19 05:00:00+00:00,637.58,28.29,0.802,0.47346531405000003
2022-10-19 06:00:00+00:00,786.75,28.92,0.5297999999999999,0.583123365
2022-10-19 07:00:00+00:00,806.85,29.28,0.27190000000000003,0.5973675345000001
2022-10-19 08:00:00+00:00,711.33,29.34,0.1349,0.5265513625499999
2022-10-19 09:00:00+00:00,562.75,29.18,0.1084,0.41676983625
2022-10-19 10:00:00+00:00,334.4,28.84,0.1598,0.24791078399999997
2022-10-19 11:00:00+00:00,124.82,28.17,0.2403,0.09272472134999998
2022-10-19 12:00:00+00:00,6.35,26.69,0.31120000000000003,0.004738354124999999
2022-10-20 01:00:00+00:00,95.07,21.98,0.722,0.07194850065
2022-10-20 02:00:00+00:00,273.65,23.48,0.5561,0.206173383
2022-10-20 03:00:00+00:00,485.6,25.47,0.3935,0.36368647800000004
2022-10-20 04:00:00+00:00,632.35,27.27,0.5154,0.47103277237499996
2022-10-20 05:00:00+00:00,711.78,28.61,0.5711999999999999,0.5280535669499999
2022-10-20 06:00:00+00:00,787.03,29.46,0.4987,0.58237465395
2022-10-20 07:00:00+00:00,761.12,29.77,0.48229999999999995,0.5626712796
2022-10-20 08:00:00+00:00,680.25,29.79,0.3887,0.502856105625
2022-10-20 09:00:00+00:00,534.88,29.54,0.29469999999999996,0.3956962008
2022-10-20 10:00:00+00:00,329.55,28.98,0.3243,0.24421137975
2022-10-20 11:00:00+00:00,126.12,27.88,0.3433,0.09377274240000001
2022-10-20 12:00:00+00:00,6.15,26.06,0.4082,0.00459783225
2022-10-21 01:00:00+00:00,101.75,22.02,0.1778,0.07699473374999999
2022-10-21 02:00:00+00:00,300.42,23.27,0.1461,0.22648438485000003
2022-10-21 03:00:00+00:00,540.03,24.54,0.08310000000000001,0.40558143105
2022-10-21 04:00:00+00:00,727.03,26.1,0.0171,0.54347310075
2022-10-21 05:00:00+00:00,828.5,27.66,0.1186,0.6164164275
2022-10-21 06:00:00+00:00,856.25,28.64,0.2318,0.6351748124999999
2022-10-21 07:00:00+00:00,739.05,29.0,0.4979,0.54763605
2022-10-21 08:00:00+00:00,674.97,29.17,0.3772,0.499894593975
2022-10-21 09:00:00+00:00,517.2,29.03,0.2817,0.383210289
2022-10-21 10:00:00+00:00,307.25,28.59,0.32539999999999997,0.22795568812500003
2022-10-21 11:00:00+00:00,113.53,27.57,0.34340000000000004,0.084491012775
2022-10-21 12:00:00+00:00,5.6,25.75,0.4346,0.0041905499999999995
2022-10-22 01:00:00+00:00,92.78,21.58,0.212,0.0702989421
2022-10-22 02:00:00+00:00,255.18,23.51,0.38539999999999996,0.19224049095
2022-10-22 03:00:00+00:00,440.17,25.39,0.5224,0.329741250825
2022-10-22 04:00:00+00:00,674.0,26.88,0.25,0.50264898
2022-10-22 05:00:00+00:00,815.78,27.81,0.16920000000000002,0.6066772309499999
2022-10-22 06:00:00+00:00,787.47,28.5,0.2934,0.58440117375
2022-10-22 07:00:00+00:00,652.97,28.96,0.5542,0.4839095373
2022-10-22 08:00:00+00:00,664.42,29.14,0.2892,0.4921259277
2022-10-22 09:00:00+00:00,500.5,29.01,0.31079999999999997,0.37085923875
2022-10-22 10:00:00+00:00,304.08,28.49,0.26649999999999996,0.2256722118
2022-10-22 11:00:00+00:00,115.07,27.21,0.19010000000000002,0.08573031442499998
2022-10-22 12:00:00+00:00,5.28,25.18,0.14880000000000002,0.0039578616
2022-10-23 01:00:00+00:00,112.55,17.56,0.0054,0.086296587
2022-10-23 02:00:00+00:00,335.25,19.1,0.0064,0.25588794375
2022-10-23 03:00:00+00:00,568.15,22.31,0.0075,0.42955122787499994
2022-10-23 04:00:00+00:00,754.8,24.41,0.0086,0.567101997
2022-10-23 05:00:00+00:00,876.12,25.86,0.0097,0.6553947078
2022-10-23 06:00:00+00:00,925.3,26.82,0.010700000000000001,0.6901858964999998
2022-10-23 07:00:00+00:00,889.58,27.41,0.0118,0.6623612524500001
2022-10-23 08:00:00+00:00,777.83,27.64,0.0129,0.5787521898000001
2022-10-23 09:00:00+00:00,598.67,27.49,0.0088,0.445648451325
2022-10-23 10:00:00+00:00,369.77,26.99,0.1266,0.275671854825
2022-10-23 11:00:00+00:00,136.3,25.64,0.22690000000000002,0.10202872800000001
2022-10-23 12:00:00+00:00,5.75,22.71,0.38079999999999997,0.004342126875
2022-10-24 01:00:00+00:00,111.32,16.32,0.4806,0.0856640796
2022-10-24 02:00:00+00:00,330.38,18.7,0.2566,0.2524681365
2022-10-24 03:00:00+00:00,581.88,21.74,0.0172,0.4406780897999999
2022-10-24 04:00:00+00:00,771.67,24.84,0.015300000000000001,0.5790303012
2022-10-24 05:00:00+00:00,894.12,25.97,0.013500000000000002,0.6686385831
2022-10-24 06:00:00+00:00,944.45,26.76,0.1458,0.704597478
2022-10-24 07:00:00+00:00,904.4,27.32,0.1407,0.673579032
2022-10-24 08:00:00+00:00,795.15,27.55,0.4731,0.591800326875
2022-10-24 09:00:00+00:00,593.4,27.48,0.43119999999999997,0.441738828
2022-10-24 10:00:00+00:00,367.2,26.97,0.3567,0.273772386
2022-10-24 11:00:00+00:00,139.4,25.68,0.2589,0.104336718
2022-10-24 12:00:00+00:00,5.65,22.6,0.2011,0.00426801
2022-10-25 01:00:00+00:00,114.97,17.58,0.066,0.08814692415
2022-10-25 02:00:00+00:00,343.55,20.32,0.0565,0.26128008150000004
2022-10-25 03:00:00+00:00,575.5,22.63,0.0173,0.43469385375
2022-10-25 04:00:00+00:00,761.8,26.01,0.0149,0.5696188094999999
2022-10-25 05:00:00+00:00,881.8,27.13,0.0124,0.6571239734999998
2022-10-25 06:00:00+00:00,938.9,27.84,0.01,0.6981754290000001
2022-10-25 07:00:00+00:00,900.12,28.31,0.0076,0.6683863563
2022-10-25 08:00:00+00:00,776.78,28.51,0.0051,0.57645037995
2022-10-25 09:00:00+00:00,581.8,28.28,0.004699999999999999,0.43205631600000005
2022-10-25 10:00:00+00:00,355.8,27.75,0.0043,0.26464848750000003
2022-10-25 11:00:00+00:00,132.12,26.49,0.0039000000000000003,0.09864706770000001
2022-10-26 01:00:00+00:00,116.95,18.29,0.0,0.089478152625
2022-10-26 02:00:00+00:00,336.67,19.65,0.0,0.256555165125
2022-10-26 03:00:00+00:00,567.45,22.77,0.0,0.42843468037500004
2022-10-26 04:00:00+00:00,752.92,26.04,0.0,0.5629281671999999
2022-10-26 05:00:00+00:00,871.9,27.09,0.0,0.64982489025
2022-10-26 06:00:00+00:00,936.1,27.8,0.0,0.69617757
2022-10-26 07:00:00+00:00,889.83,28.24,0.0,0.6608856393000001
2022-10-26 08:00:00+00:00,780.58,28.39,0.0001,0.57948112605
2022-10-26 09:00:00+00:00,605.2,28.26,0.0002,0.4494608580000001
2022-10-26 10:00:00+00:00,378.67,27.74,0.0003,0.28166799945
2022-10-26 11:00:00+00:00,143.2,26.58,0.0004,0.106890924
2022-10-26 12:00:00+00:00,5.25,23.28,0.0005,0.0039578175
2022-10-27 01:00:00+00:00,119.38,16.88,0.0105,0.0917160726
2022-10-27 02:00:00+00:00,346.33,19.78,0.0124,0.26381514585
2022-10-27 03:00:00+00:00,577.38,23.31,0.0143,0.43523048745
2022-10-27 04:00:00+00:00,762.83,26.1,0.0161,0.57023449575
2022-10-27 05:00:00+00:00,882.9,27.24,0.018000000000000002,0.657725184
2022-10-27 06:00:00+00:00,910.4,28.05,0.1993,0.67655238
2022-10-27 07:00:00+00:00,771.97,28.57,0.3442,0.5727766509750001
2022-10-27 08:00:00+00:00,719.28,28.83,0.36619999999999997,0.5332616045999999
2022-10-27 09:00:00+00:00,571.85,28.7,0.2005,0.42412684874999995
2022-10-27 10:00:00+00:00,339.3,28.19,0.1975,0.25203967425
2022-10-27 11:00:00+00:00,121.2,26.89,0.16140000000000002,0.09038459700000001
2022-10-28 01:00:00+00:00,89.62,18.67,0.0362,0.06849141285
2022-10-28 02:00:00+00:00,278.08,21.29,0.1649,0.21088127280000002
2022-10-28 03:00:00+00:00,495.9,23.93,0.2097,0.3731188792499999
2022-10-28 04:00:00+00:00,682.17,25.36,0.22440000000000002,0.5110749423
2022-10-28 05:00:00+00:00,702.42,26.44,0.40270000000000006,0.5245391591999999
2022-10-28 06:00:00+00:00,489.55,27.25,0.968,0.36468415312499997
2022-10-28 07:00:00+00:00,290.98,27.73,0.9745999999999999,0.21644765535000002
2022-10-28 08:00:00+00:00,216.23,27.79,0.9953,0.160815116175
2022-10-28 09:00:00+00:00,163.68,27.58,0.9932,0.12180983760000001
2022-10-28 10:00:00+00:00,103.0,26.97,0.9922,0.0767934525
2022-10-28 11:00:00+00:00,35.72,25.94,0.9872,0.0267144522
2022-10-29 01:00:00+00:00,80.0,20.3,0.6212,0.060846
2022-10-29 02:00:00+00:00,243.65,21.96,0.4289,0.184404066
2022-10-29 03:00:00+00:00,476.0,23.57,0.221,0.35853152999999993
2022-10-29 04:00:00+00:00,668.47,25.0,0.1505,0.5013525
2022-10-29 05:00:00+00:00,687.4,26.64,0.4635,0.513013494
2022-10-29 06:00:00+00:00,637.03,27.89,0.6957,0.47363021242500003
2022-10-29 07:00:00+00:00,628.45,28.69,0.5981000000000001,0.4661197938750001
2022-10-29 08:00:00+00:00,568.3,29.08,0.4329,0.42100800599999993
2022-10-29 09:00:00+00:00,430.48,28.46,0.41009999999999996,0.3195087132
2022-10-29 10:00:00+00:00,266.67,27.67,0.4384,0.19840047997500004
2022-10-29 11:00:00+00:00,85.15,26.47,0.4524,0.063580866375
2022-10-30 01:00:00+00:00,76.88,20.26,0.2023,0.058479925199999984
2022-10-30 02:00:00+00:00,257.98,21.24,0.37939999999999996,0.1956675108
2022-10-30 03:00:00+00:00,426.17,23.12,0.5895,0.32143019910000004
2022-10-30 04:00:00+00:00,670.67,25.11,0.1321,0.502836509175
2022-10-30 05:00:00+00:00,737.12,26.5,0.38409999999999994,0.5503522200000001
2022-10-30 06:00:00+00:00,821.22,27.49,0.3299,0.61131411495
2022-10-30 07:00:00+00:00,766.72,28.17,0.3132,0.5695713696
2022-10-30 08:00:00+00:00,653.28,28.47,0.1577,0.4848595163999999
2022-10-30 09:00:00+00:00,488.62,28.31,0.3236,0.36282600254999997
2022-10-30 10:00:00+00:00,275.83,27.83,0.39880000000000004,0.20511615247499995
2022-10-30 11:00:00+00:00,101.32,26.44,0.4628,0.0756617232
2022-10-31 01:00:00+00:00,89.05,18.09,0.1525,0.068172004875
2022-10-31 02:00:00+00:00,293.27,19.23,0.1689,0.22375987777499998
2022-10-31 03:00:00+00:00,514.62,22.03,0.17579999999999998,0.38940394815
2022-10-31 04:00:00+00:00,693.2,24.28,0.18239999999999998,0.521022984
2022-10-31 05:00:00+00:00,807.9,25.71,0.1888,0.60463437975
2022-10-31 06:00:00+00:00,872.33,26.69,0.1945,0.6509304651750001
2022-10-31 07:00:00+00:00,835.22,27.37,0.20129999999999998,0.6219611893500001
2022-10-31 08:00:00+00:00,694.97,27.74,0.3539,0.51694300995
2022-10-31 09:00:00+00:00,498.33,27.79,0.6202000000000001,0.370619233425
2022-10-31 10:00:00+00:00,286.15,27.37,0.6988,0.213086605125
2022-10-31 11:00:00+00:00,96.65,26.2,0.7679,0.07222654499999999
2022-11-01 01:00:00+00:00,55.88,20.63,0.9612999999999999,0.0424594401
2022-11-01 02:00:00+00:00,164.6,21.8,0.9842,0.12463512000000002
2022-11-01 03:00:00+00:00,292.55,22.92,0.9967,0.220781634
2022-11-01 04:00:00+00:00,357.25,23.44,0.9494,0.2691914475
2022-11-01 05:00:00+00:00,342.62,23.72,1.0,0.2579517456
2022-11-01 06:00:00+00:00,263.3,24.04,1.0,0.198043728
2022-11-01 07:00:00+00:00,183.6,24.43,0.9893000000000001,0.137935467
2022-11-01 08:00:00+00:00,212.88,24.76,1.0,0.1597749552
2022-11-01 09:00:00+00:00,130.4,24.87,0.9869,0.097838142
2022-11-01 10:00:00+00:00,80.88,24.71,0.9998999999999999,0.060712774199999986
2022-11-01 11:00:00+00:00,36.9,24.13,0.9909,0.027747231749999997
2022-11-02 01:00:00+00:00,60.83,20.09,0.948,0.04629451942499999
2022-11-02 02:00:00+00:00,185.18,21.3,0.9131999999999999,0.1404266235
2022-11-02 03:00:00+00:00,323.62,22.74,0.8795999999999999,0.2443606077
2022-11-02 04:00:00+00:00,352.0,24.13,0.9826999999999999,0.26468904
2022-11-02 05:00:00+00:00,336.58,25.55,1.0,0.25201848224999995
2022-11-02 06:00:00+00:00,302.33,26.88,0.9998999999999999,0.2254686441
2022-11-02 07:00:00+00:00,354.05,27.33,0.997,0.26368139287500003
2022-11-02 08:00:00+00:00,237.52,27.15,1.0,0.17699099700000004
2022-11-02 09:00:00+00:00,203.95,26.31,0.9994,0.152361357375
2022-11-02 10:00:00+00:00,123.88,25.33,1.0,0.09281801909999998
2022-11-02 11:00:00+00:00,51.15,24.29,0.9961,0.038444212125
2022-11-03 01:00:00+00:00,62.58,18.37,0.8737999999999999,0.047868537149999994
2022-11-03 02:00:00+00:00,176.4,20.35,0.8461,0.13414558499999998
2022-11-03 03:00:00+00:00,341.2,22.98,0.8118000000000001,0.257450754
2022-11-03 04:00:00+00:00,430.55,25.06,0.836,0.32285437575
2022-11-03 05:00:00+00:00,382.02,26.66,0.8803,0.2850881553
2022-11-03 06:00:00+00:00,403.65,27.68,0.9223,0.3003034905
2022-11-03 07:00:00+00:00,463.45,28.18,0.9309000000000001,0.34427151525
2022-11-03 08:00:00+00:00,426.4,28.32,0.8551000000000001,0.316614792
2022-11-03 09:00:00+00:00,313.23,27.9,0.8691,0.23287867425
2022-11-03 10:00:00+00:00,177.62,27.16,0.7889,0.1323517668
2022-11-03 11:00:00+00:00,65.75,25.71,0.6947,0.049207464375
2022-11-04 01:00:00+00:00,70.55,19.7,0.2671,0.05375380875
2022-11-04 02:00:00+00:00,216.85,21.71,0.4022,0.16424273212499998
2022-11-04 03:00:00+00:00,417.0,23.65,0.5074000000000001,0.31401663750000003
2022-11-04 04:00:00+00:00,652.6,25.67,0.0385,0.4884662055000001
2022-11-04 05:00:00+00:00,746.28,27.18,0.2243,0.5560494965999999
2022-11-04 06:00:00+00:00,812.5,28.26,0.39759999999999995,0.6034153125
2022-11-04 07:00:00+00:00,735.15,28.9,0.4414,0.54491155875
2022-11-04 08:00:00+00:00,586.28,29.1,0.3978,0.43430156700000005
2022-11-04 09:00:00+00:00,491.02,28.87,0.3461,0.36398944334999994
2022-11-04 10:00:00+00:00,282.7,28.02,0.2778,0.21010405350000003
2022-11-04 11:00:00+00:00,104.43,26.71,0.1825,0.077920705575
2022-11-05 01:00:00+00:00,88.78,19.51,0.21539999999999998,0.06768165495
2022-11-05 02:00:00+00:00,270.05,21.61,0.335,0.204597306375
2022-11-05 03:00:00+00:00,456.62,24.37,0.4322,0.34311225885
2022-11-05 04:00:00+00:00,703.75,26.06,0.1427,0.5261340562500001
2022-11-05 05:00:00+00:00,840.72,27.48,0.0131,0.6258487824
2022-11-05 06:00:00+00:00,895.03,28.55,0.0352,0.6641234478749999
2022-11-05 07:00:00+00:00,849.35,29.23,0.077,0.628928811375
2022-11-05 08:00:00+00:00,686.67,29.49,0.2104,0.508065416325
2022-11-05 09:00:00+00:00,560.1,29.37,0.1226,0.41456781675000004
2022-11-05 10:00:00+00:00,343.88,28.88,0.1066,0.25490792760000003
2022-11-05 11:00:00+00:00,129.32,27.6,0.0746,0.09623347799999998
2022-11-06 01:00:00+00:00,77.9,19.71,0.3664,0.059352204750000005
2022-11-06 02:00:00+00:00,211.9,22.24,0.6668999999999999,0.16024089900000002
2022-11-06 03:00:00+00:00,374.5,24.48,0.9621999999999999,0.281313165
2022-11-06 04:00:00+00:00,520.75,26.11,0.8579000000000001,0.38926192687500005
2022-11-06 05:00:00+00:00,694.45,27.24,0.44229999999999997,0.5173374720000001
2022-11-06 06:00:00+00:00,680.7,28.0,0.5549000000000001,0.5059302750000001
2022-11-06 07:00:00+00:00,607.5,28.43,0.4487,0.4509366187500001
2022-11-06 08:00:00+00:00,532.42,28.57,0.5042,0.39503833634999996
2022-11-06 09:00:00+00:00,408.55,28.37,0.4193,0.30331466962500003
2022-11-06 10:00:00+00:00,240.4,27.86,0.34340000000000004,0.178753026
2022-11-06 11:00:00+00:00,92.62,26.57,0.2216,0.06913781985
2022-11-07 01:00:00+00:00,83.12,19.08,0.0371,0.0634471584
2022-11-07 02:00:00+00:00,277.42,20.76,0.0809,0.21071158680000002
2022-11-07 03:00:00+00:00,490.88,23.23,0.1073,0.3701149296
2022-11-07 04:00:00+00:00,660.03,25.08,0.147,0.4949036946
2022-11-07 05:00:00+00:00,777.22,26.43,0.15,0.58041429465
2022-11-07 06:00:00+00:00,845.28,27.5,0.1589,0.6292053
2022-11-07 07:00:00+00:00,810.28,28.23,0.1699,0.6018212901
2022-11-07 08:00:00+00:00,707.9,28.63,0.08869999999999999,0.52514322675
2022-11-07 09:00:00+00:00,539.12,28.61,0.0478,0.39996099780000005
2022-11-07 10:00:00+00:00,321.12,28.24,0.0496,0.23849903520000001
2022-11-07 11:00:00+00:00,112.68,27.0,0.0449,0.08400294
2022-11-08 01:00:00+00:00,81.2,17.69,0.0683,0.06223553700000001
2022-11-08 02:00:00+00:00,282.27,19.74,0.0924,0.21504316544999993
2022-11-08 03:00:00+00:00,499.23,22.67,0.0885,0.377039713275
2022-11-08 04:00:00+00:00,673.78,25.13,0.1294,0.50513791935
2022-11-08 05:00:00+00:00,782.35,26.42,0.1938,0.5842628917499999
2022-11-08 06:00:00+00:00,835.67,27.44,0.17420000000000002,0.6221646716999999
2022-11-08 07:00:00+00:00,816.05,28.1,0.0128,0.60634555125
2022-11-08 08:00:00+00:00,704.3,28.46,0.0048,0.5227420245
2022-11-08 09:00:00+00:00,528.38,28.18,0.0052,0.3925044411
2022-11-08 10:00:00+00:00,311.73,27.74,0.005600000000000001,0.23187568455
2022-11-08 11:00:00+00:00,109.8,26.66,0.006,0.081939897
2022-11-09 01:00:00+00:00,73.85,18.93,0.0535,0.056396106375000005
2022-11-09 02:00:00+00:00,253.48,20.99,0.0371,0.1923970233
2022-11-09 03:00:00+00:00,468.25,23.93,0.0171,0.35231481187499997
2022-11-09 04:00:00+00:00,654.83,25.83,0.0128,0.489899604975
2022-11-09 05:00:00+00:00,779.03,27.26,0.0085,0.58031113245
2022-11-09 06:00:00+00:00,833.1,28.34,0.028900000000000002,0.6185642535000001
2022-11-09 07:00:00+00:00,794.67,29.03,0.0493,0.5887968297749999
2022-11-09 08:00:00+00:00,652.75,29.37,0.2518,0.48314433562500003
2022-11-09 09:00:00+00:00,492.3,29.19,0.23809999999999998,0.36458384175
2022-11-09 10:00:00+00:00,285.15,28.65,0.2686,0.21152070562499994
2022-11-09 11:00:00+00:00,98.65,27.34,0.2766,0.07346810775
2022-11-10 01:00:00+00:00,70.68,18.87,0.0774,0.0539848539
2022-11-10 02:00:00+00:00,253.05,21.19,0.1232,0.191956771125
2022-11-10 03:00:00+00:00,465.23,23.61,0.1259,0.350377506825
2022-11-10 04:00:00+00:00,646.65,25.51,0.047599999999999996,0.48424546912499994
2022-11-10 05:00:00+00:00,763.8,26.96,0.1361,0.569481642
2022-11-10 06:00:00+00:00,789.45,28.05,0.273,0.5866698993750001
2022-11-10 07:00:00+00:00,693.67,28.78,0.3822,0.51435283665
2022-11-10 08:00:00+00:00,550.6,29.14,0.3912,0.407821161
2022-11-10 09:00:00+00:00,359.5,28.98,0.5471,0.2664056775
2022-11-10 10:00:00+00:00,204.38,28.31,0.6327,0.15176287995
2022-11-10 11:00:00+00:00,67.4,26.58,0.75,0.050310393
2022-11-11 01:00:00+00:00,65.53,19.4,0.9420999999999999,0.049973178
2022-11-11 02:00:00+00:00,203.85,21.26,0.9631000000000001,0.15460289775000002
2022-11-11 03:00:00+00:00,358.05,23.58,0.9915,0.26968146975
2022-11-11 04:00:00+00:00,463.08,25.4,0.9339,0.346893228
2022-11-11 05:00:00+00:00,538.78,26.86,0.9703,0.4018302056999999
2022-11-11 06:00:00+00:00,518.9,27.91,0.9922,0.38577750225
2022-11-11 07:00:00+00:00,463.8,28.56,1.0,0.344134962
2022-11-11 08:00:00+00:00,419.45,28.66,0.9963,0.31113332925000003
2022-11-11 09:00:00+00:00,305.38,27.99,0.9944,0.22698055604999998
2022-11-11 10:00:00+00:00,168.75,26.67,0.9956,0.12592842187500003
2022-11-11 11:00:00+00:00,59.12,25.3,0.9915999999999999,0.044300094
2022-11-12 01:00:00+00:00,35.22,19.74,0.9990000000000001,0.026831828699999997
2022-11-12 02:00:00+00:00,155.27,20.35,1.0,0.118077012375
2022-11-12 03:00:00+00:00,275.38,20.97,1.0,0.20903200815
2022-11-12 04:00:00+00:00,392.65,21.71,0.9771,0.297394091625
2022-11-12 05:00:00+00:00,457.15,22.35,0.8945000000000001,0.345588256875
2022-11-12 06:00:00+00:00,464.3,23.06,0.9702,0.3502516695
2022-11-12 07:00:00+00:00,333.0,24.06,0.9982,0.25045429500000005
2022-11-12 08:00:00+00:00,228.07,25.01,0.9869,0.171047368425
2022-11-12 09:00:00+00:00,187.38,25.65,0.9998999999999999,0.14026095675
2022-11-12 10:00:00+00:00,102.0,25.75,1.0,0.076327875
2022-11-12 11:00:00+00:00,30.75,24.81,1.0,0.023075645625
2022-11-13 01:00:00+00:00,48.42,21.02,0.9573,0.0367486011
2022-11-13 02:00:00+00:00,151.93,21.45,0.9462,0.11516104087500001
2022-11-13 03:00:00+00:00,272.73,21.9,0.9315000000000001,0.20644979175000003
2022-11-13 04:00:00+00:00,382.77,22.36,0.841,0.2893511538
2022-11-13 05:00:00+00:00,411.75,23.2,0.9571999999999999,0.3104800875
2022-11-13 06:00:00+00:00,469.75,24.52,0.9749,0.35281983000000006
2022-11-13 07:00:00+00:00,368.17,25.65,0.9998999999999999,0.27558905137499995
2022-11-13 08:00:00+00:00,382.0,26.0,0.9697,0.28564049999999996
2022-11-13 09:00:00+00:00,319.38,25.99,0.8884000000000001,0.23882358104999998
2022-11-13 10:00:00+00:00,182.02,25.67,0.8689,0.13624060485
2022-11-13 11:00:00+00:00,74.38,24.78,0.8434,0.05582181810000001
2022-11-14 01:00:00+00:00,62.83,21.35,0.5182,0.047638491375
2022-11-14 02:00:00+00:00,208.82,22.01,0.5439,0.15801983655
2022-11-14 03:00:00+00:00,360.98,22.83,0.545,0.27249748485
2022-11-14 04:00:00+00:00,485.23,24.12,0.6868000000000001,0.3648832554
2022-11-14 05:00:00+00:00,600.67,25.47,0.695,0.44986729147499993
2022-11-14 06:00:00+00:00,640.22,26.52,0.6801,0.4779754476
2022-11-14 07:00:00+00:00,595.92,27.2,0.6081,0.443990196
2022-11-14 08:00:00+00:00,431.73,27.11,0.747,0.32174786182500004
2022-11-14 09:00:00+00:00,324.02,26.85,0.7263,0.24166626674999997
2022-11-14 10:00:00+00:00,173.8,26.44,0.779,0.12978688800000002
2022-11-14 11:00:00+00:00,66.05,25.43,0.8289,0.049473596625
2022-11-15 01:00:00+00:00,50.22,20.49,0.6854,0.03817460745000001
2022-11-15 02:00:00+00:00,170.88,22.32,0.7348,0.1291904064
2022-11-15 03:00:00+00:00,346.58,23.94,0.7837999999999999,0.26076159330000004
2022-11-15 04:00:00+00:00,511.83,25.46,0.6809000000000001,0.38334275595
2022-11-15 05:00:00+00:00,646.1,26.64,0.633,0.48219089099999995
2022-11-15 06:00:00+00:00,714.03,27.47,0.7191,0.5315542782749999
2022-11-15 07:00:00+00:00,634.53,28.01,0.8965000000000001,0.47160014557499996
2022-11-15 08:00:00+00:00,535.8,28.3,0.9701000000000001,0.3978716849999999
2022-11-15 09:00:00+00:00,398.12,28.34,0.9115000000000001,0.29559812820000003
2022-11-15 10:00:00+00:00,227.55,27.89,0.9059,0.169182856125
2022-11-15 11:00:00+00:00,76.72,26.69,0.8935,0.05724827219999999
2022-11-16 01:00:00+00:00,57.35,19.9,0.2632,0.04367059125
2022-11-16 02:00:00+00:00,221.4,21.5,0.4464,0.167793525
2022-11-16 03:00:00+00:00,352.1,23.24,0.6431999999999999,0.265469316
2022-11-16 04:00:00+00:00,517.62,24.95,0.452,0.38827323225
2022-11-16 05:00:00+00:00,676.53,26.36,0.22699999999999998,0.5053273182
2022-11-16 06:00:00+00:00,736.2,27.37,0.3454,0.5482242135000001
2022-11-16 07:00:00+00:00,681.17,28.06,0.3151,0.50618764455
2022-11-16 08:00:00+00:00,626.28,28.36,0.2426,0.46497532319999996
2022-11-16 09:00:00+00:00,479.77,28.25,0.18780000000000002,0.35631918187499995
2022-11-16 10:00:00+00:00,282.2,27.79,0.1722,0.20987848950000002
2022-11-16 11:00:00+00:00,98.22,26.32,0.12119999999999999,0.07337328660000002
2022-11-17 01:00:00+00:00,76.62,16.37,0.027999999999999997,0.058952768850000004
2022-11-17 02:00:00+00:00,276.35,18.3,0.0335,0.21142847625000002
2022-11-17 03:00:00+00:00,501.9,21.13,0.0391,0.38079529424999997
2022-11-17 04:00:00+00:00,689.53,24.35,0.026099999999999998,0.5181559376249999
2022-11-17 05:00:00+00:00,811.53,26.31,0.0352,0.606255515325
2022-11-17 06:00:00+00:00,881.22,27.46,0.0391,0.6560374473
2022-11-17 07:00:00+00:00,846.4,28.27,0.0067,0.6285726119999999
2022-11-17 08:00:00+00:00,727.72,28.67,0.0217,0.5397808521
2022-11-17 09:00:00+00:00,528.53,28.56,0.114,0.3921639747
2022-11-17 10:00:00+00:00,301.4,27.77,0.2016,0.2241715245
2022-11-17 11:00:00+00:00,95.82,25.91,0.2433,0.07166880854999999
2022-11-18 01:00:00+00:00,59.33,14.96,0.9784999999999999,0.0458377647
2022-11-18 02:00:00+00:00,228.07,18.1,0.9779000000000001,0.17459328675
2022-11-18 03:00:00+00:00,377.9,21.46,0.972,0.2864349735
2022-11-18 04:00:00+00:00,509.3,24.47,0.9887999999999999,0.38258234024999993
2022-11-18 05:00:00+00:00,614.92,25.84,0.9217,0.4600278012
2022-11-18 06:00:00+00:00,689.15,26.84,0.9246,0.514009419
2022-11-18 07:00:00+00:00,698.75,27.59,0.7879,0.519990534375
2022-11-18 08:00:00+00:00,587.28,28.06,0.8231,0.43641657720000004
2022-11-18 09:00:00+00:00,434.65,28.03,0.7584000000000001,0.32302427362499997
2022-11-18 10:00:00+00:00,253.73,27.2,0.8220000000000001,0.1890415365
2022-11-18 11:00:00+00:00,92.05,25.2,0.8945000000000001,0.0689960775
2022-11-19 01:00:00+00:00,68.62,15.18,0.4178,0.0529811589
2022-11-19 02:00:00+00:00,257.48,17.68,0.484,0.19735069560000001
2022-11-19 03:00:00+00:00,461.3,20.97,0.5303,0.35015783775
2022-11-19 04:00:00+00:00,643.05,23.94,0.4648,0.48382117424999993
2022-11-19 05:00:00+00:00,780.75,25.44,0.3095,0.5847895575
2022-11-19 06:00:00+00:00,775.97,26.57,0.36719999999999997,0.579236385975
2022-11-19 07:00:00+00:00,742.08,27.39,0.5061,0.5525694648
2022-11-19 08:00:00+00:00,645.65,27.79,0.9712000000000001,0.480184432125
2022-11-19 09:00:00+00:00,459.02,27.76,0.6853,0.3414144858
2022-11-19 10:00:00+00:00,259.0,27.08,0.7835,0.19303788
2022-11-19 11:00:00+00:00,89.53,25.19,0.8806999999999999,0.067109225925
2022-11-20 01:00:00+00:00,61.35,15.17,0.47130000000000005,0.047369408625
2022-11-20 02:00:00+00:00,230.62,17.25,0.4412,0.17698643625
2022-11-20 03:00:00+00:00,427.6,20.56,0.406,0.324971724
2022-11-20 04:00:00+00:00,569.03,23.1,0.521,0.42920510324999994
2022-11-20 05:00:00+00:00,655.17,24.8,0.7076,0.49167232649999987
2022-11-20 06:00:00+00:00,622.92,25.91,0.9237000000000001,0.4659145712999999
2022-11-20 07:00:00+00:00,620.78,26.69,0.9525,0.46322448405
2022-11-20 08:00:00+00:00,553.05,27.07,0.9847,0.41221166962499994
2022-11-20 09:00:00+00:00,371.73,26.98,0.9890000000000001,0.27714144285000003
2022-11-20 10:00:00+00:00,210.48,26.25,0.9939,0.157268025
2022-11-20 11:00:00+00:00,76.7,24.12,0.9776,0.05767686600000001
2022-11-21 01:00:00+00:00,40.25,17.37,0.7807,0.030878491875
2022-11-21 02:00:00+00:00,125.05,18.8,0.8914,0.09553194749999999
2022-11-21 03:00:00+00:00,236.52,20.75,0.9754999999999999,0.1796517225
2022-11-21 04:00:00+00:00,367.88,22.29,0.9658,0.2781531483
2022-11-21 05:00:00+00:00,453.92,22.83,0.9143000000000001,0.34265626439999997
2022-11-21 06:00:00+00:00,532.67,22.63,0.8529000000000001,0.402342962775
2022-11-21 07:00:00+00:00,490.88,22.7,0.9648,0.3707003039999999
2022-11-21 08:00:00+00:00,390.67,22.82,0.9737,0.29491873635
2022-11-21 09:00:00+00:00,308.58,22.94,0.9878,0.23286526829999998
2022-11-21 10:00:00+00:00,168.73,22.96,0.9852,0.12732197069999995
2022-11-21 11:00:00+00:00,66.38,22.56,0.9745,0.05014942619999999
2022-11-22 01:00:00+00:00,54.22,19.1,0.8689,0.0413847705
2022-11-22 02:00:00+00:00,197.3,20.9,0.7831,0.1497950925
2022-11-22 03:00:00+00:00,374.42,22.57,0.68,0.28286214135000004
2022-11-22 04:00:00+00:00,546.22,23.85,0.6089,0.41107834425000006
2022-11-22 05:00:00+00:00,578.42,24.85,0.8175,0.43401021674999996
2022-11-22 06:00:00+00:00,522.58,25.71,0.9470000000000001,0.39110017845000006
2022-11-22 07:00:00+00:00,318.33,26.24,0.9889,0.23785935930000002
2022-11-22 08:00:00+00:00,252.62,26.34,0.9948,0.1887033507
2022-11-22 09:00:00+00:00,114.05,25.93,0.9963,0.08529885037500001
2022-11-22 10:00:00+00:00,75.18,25.33,1.0,0.05632917885
2022-11-22 11:00:00+00:00,35.08,24.47,1.0,0.0263518329
2022-11-23 01:00:00+00:00,46.03,20.72,0.4882,0.0349657689
2022-11-23 02:00:00+00:00,145.43,21.89,0.7204999999999999,0.11009014642500001
2022-11-23 03:00:00+00:00,267.35,23.4,0.9187000000000001,0.20147496
2022-11-23 04:00:00+00:00,363.77,25.16,0.9995999999999999,0.2726965428
2022-11-23 05:00:00+00:00,389.17,27.13,0.9792000000000001,0.290012402775
2022-11-23 06:00:00+00:00,389.67,28.32,1.0,0.28934166510000003
2022-11-23 07:00:00+00:00,341.6,28.85,0.9906999999999999,0.25324089
2022-11-23 08:00:00+00:00,319.23,28.37,0.9284,0.237001938525
2022-11-23 09:00:00+00:00,255.77,27.46,0.98,0.19041181304999996
2022-11-23 10:00:00+00:00,148.38,26.52,0.9540000000000001,0.1107775404
2022-11-23 11:00:00+00:00,59.08,25.4,0.9170999999999999,0.044256828000000005
2022-11-24 01:00:00+00:00,44.53,21.15,0.9984999999999999,0.033783241124999995
2022-11-24 02:00:00+00:00,149.7,22.7,0.9897,0.11304969749999999
2022-11-24 03:00:00+00:00,262.05,24.68,0.9671,0.19672617600000003
2022-11-24 04:00:00+00:00,423.4,26.68,0.9122,0.31594954799999997
2022-11-24 05:00:00+00:00,431.95,28.05,0.9675,0.32099824312499997
2022-11-24 06:00:00+00:00,542.55,29.0,0.9429000000000001,0.40202955
2022-11-24 07:00:00+00:00,534.92,29.55,0.9047,0.3957137564999999
2022-11-24 08:00:00+00:00,459.58,29.71,0.8793000000000001,0.33981460095000005
2022-11-24 09:00:00+00:00,358.83,29.58,0.698,0.26542475685
2022-11-24 10:00:00+00:00,195.27,29.06,0.6104999999999999,0.14466870855
2022-11-24 11:00:00+00:00,75.9,27.57,0.5096,0.05648610825000001
2022-11-25 01:00:00+00:00,54.78,19.4,0.20579999999999998,0.041775228
2022-11-25 02:00:00+00:00,223.55,21.4,0.4068,0.169473255
2022-11-25 03:00:00+00:00,407.6,24.42,0.5726,0.30623191800000005
2022-11-25 04:00:00+00:00,649.35,26.8,0.1466,0.48438263249999997
2022-11-25 05:00:00+00:00,774.67,28.43,0.084,0.575023984275
2022-11-25 06:00:00+00:00,819.15,29.55,0.0431,0.6059764518749999
2022-11-25 07:00:00+00:00,775.05,30.27,0.10369999999999999,0.572097344625
2022-11-25 08:00:00+00:00,596.7,30.6,0.268,0.44000658
2022-11-25 09:00:00+00:00,482.9,30.54,0.22940000000000002,0.35615565150000006
2022-11-25 10:00:00+00:00,268.33,30.0,0.33039999999999997,0.19822878749999998
2022-11-25 11:00:00+00:00,95.0,28.49,0.4276,0.0705040125
2022-11-26 01:00:00+00:00,46.7,20.27,0.2767,0.035522004749999996
2022-11-26 02:00:00+00:00,216.95,22.55,0.3173,0.16390843687499998
2022-11-26 03:00:00+00:00,423.1,25.34,0.31679999999999997,0.3170013285
2022-11-26 04:00:00+00:00,585.15,27.4,0.3057,0.43570268999999995
2022-11-26 05:00:00+00:00,727.7,28.85,0.17679999999999998,0.53947129875
2022-11-26 06:00:00+00:00,718.92,29.86,0.4048,0.5313286098000001
2022-11-26 07:00:00+00:00,654.17,30.53,0.524,0.48248798977499996
2022-11-26 08:00:00+00:00,550.9,30.81,0.33770000000000006,0.40597335975
2022-11-26 09:00:00+00:00,405.52,30.64,0.34840000000000004,0.29899395119999994
2022-11-26 10:00:00+00:00,241.52,29.98,0.2482,0.17843376840000003
2022-11-26 11:00:00+00:00,84.75,28.62,0.0974,0.06287221125
2022-11-27 01:00:00+00:00,42.8,20.0,0.0064,0.03258149999999999
2022-11-27 02:00:00+00:00,211.43,21.82,0.0053,0.16008528165000002
2022-11-27 03:00:00+00:00,366.8,25.04,0.0043,0.275066988
2022-11-27 04:00:00+00:00,542.28,27.52,0.042699999999999995,0.4036352724
2022-11-27 05:00:00+00:00,661.15,29.08,0.029900000000000003,0.489793143
2022-11-27 06:00:00+00:00,738.65,30.13,0.042699999999999995,0.5454616323750001
2022-11-27 07:00:00+00:00,634.78,30.93,0.31370000000000003,0.46761544785
2022-11-27 08:00:00+00:00,505.38,31.27,0.5054,0.37190535164999994
2022-11-27 09:00:00+00:00,368.55,31.27,0.3679,0.271213180875
2022-11-27 10:00:00+00:00,216.3,30.74,0.3115,0.1594314855
2022-11-27 11:00:00+00:00,67.85,29.56,0.3007,0.05019135899999999
2022-11-28 01:00:00+00:00,33.4,20.24,0.3404,0.025407714
2022-11-28 02:00:00+00:00,145.57,22.25,0.5602,0.11007821437500002
2022-11-28 03:00:00+00:00,279.7,25.16,0.7883,0.20967430799999998
2022-11-28 04:00:00+00:00,461.88,27.21,0.0857,0.3441133017
2022-11-28 05:00:00+00:00,579.9,28.9,0.013000000000000001,0.4298363775
2022-11-28 06:00:00+00:00,665.0,29.95,0.22899999999999998,0.4913435625
2022-11-28 07:00:00+00:00,577.33,30.58,0.503,0.42574912185
2022-11-28 08:00:00+00:00,481.12,30.78,0.5195000000000001,0.3545830344
2022-11-28 09:00:00+00:00,372.2,30.51,0.2718,0.2745356505
2022-11-28 10:00:00+00:00,221.98,29.71,0.1807,0.16413256695
2022-11-28 11:00:00+00:00,70.0,28.36,0.1384,0.051970800000000004
2022-11-29 01:00:00+00:00,36.45,19.31,0.0842,0.027804151125
2022-11-29 02:00:00+00:00,178.82,20.94,0.1522,0.1357485207
2022-11-29 03:00:00+00:00,331.6,23.24,0.2579,0.25001313599999997
2022-11-29 04:00:00+00:00,508.17,25.4,0.21050000000000002,0.380670147
2022-11-29 05:00:00+00:00,631.75,27.28,0.1691,0.47057162250000006
2022-11-29 06:00:00+00:00,709.67,28.78,0.2481,0.5262167566499999
2022-11-29 07:00:00+00:00,660.25,29.69,0.447,0.488220211875
2022-11-29 08:00:00+00:00,544.35,30.19,0.5294,0.40190585287499997
2022-11-29 09:00:00+00:00,388.65,30.01,0.2822,0.28710644287500003
2022-11-29 10:00:00+00:00,236.73,29.14,0.21780000000000002,0.17534236005
2022-11-29 11:00:00+00:00,76.88,27.58,0.1491,0.05721371159999999
2022-11-30 01:00:00+00:00,47.78,15.87,0.018799999999999997,0.036816520650000004
2022-11-30 02:00:00+00:00,222.07,18.59,0.0204,0.16975530457500002
2022-11-30 03:00:00+00:00,430.67,21.8,0.022000000000000002,0.32610332399999997
2022-11-30 04:00:00+00:00,616.67,24.43,0.0219,0.463293379275
2022-11-30 05:00:00+00:00,741.35,26.37,0.0433,0.553727288625
2022-11-30 06:00:00+00:00,813.78,27.92,0.054000000000000006,0.6049884654
2022-11-30 07:00:00+00:00,777.25,28.87,0.0641,0.576169595625
2022-11-30 08:00:00+00:00,667.12,29.3,0.0739,0.493885614
2022-11-30 09:00:00+00:00,492.38,29.25,0.08650000000000001,0.36457661625
2022-11-30 10:00:00+00:00,281.92,28.55,0.1521,0.209188164
2022-11-30 11:00:00+00:00,94.43,26.46,0.18460000000000001,0.07051229745
2022-12-01 01:00:00+00:00,41.53,18.81,0.0043,0.031725909075
2022-12-01 02:00:00+00:00,215.07,21.21,0.0043,0.163136509425
2022-12-01 03:00:00+00:00,384.42,23.55,0.0043,0.28956917025000006
2022-12-01 04:00:00+00:00,549.8,25.8,0.0043,0.41136036000000004
2022-12-01 05:00:00+00:00,620.35,27.6,0.2901,0.4616334525
2022-12-01 06:00:00+00:00,573.28,28.86,0.46509999999999996,0.4249810632
2022-12-01 07:00:00+00:00,443.67,29.72,0.6983,0.3280407246
2022-12-01 08:00:00+00:00,317.42,30.14,0.8448,0.23439403770000003
2022-12-01 09:00:00+00:00,266.02,30.11,0.7962,0.19645643505000002
2022-12-01 10:00:00+00:00,171.02,29.55,0.6877,0.12651418275
2022-12-01 11:00:00+00:00,57.85,28.03,0.6017,0.04299310762499999
2022-12-02 01:00:00+00:00,35.0,21.19,0.3454,0.026550037500000005
2022-12-02 02:00:00+00:00,174.7,23.28,0.33049999999999996,0.13170108900000002
2022-12-02 03:00:00+00:00,352.23,25.51,0.3211,0.263768316075
2022-12-02 04:00:00+00:00,449.8,27.5,0.46049999999999996,0.33481987500000004
2022-12-02 05:00:00+00:00,573.42,29.14,0.3005,0.42472359269999993
2022-12-02 06:00:00+00:00,651.12,30.29,0.6057,0.48059004419999996
2022-12-02 07:00:00+00:00,622.28,31.02,0.4361,0.4582812174
2022-12-02 08:00:00+00:00,551.05,31.29,0.5542,0.40548876487499996
2022-12-02 09:00:00+00:00,421.23,31.12,0.5327000000000001,0.3101221629
2022-12-02 10:00:00+00:00,254.98,30.35,0.4036,0.18816567825
2022-12-02 11:00:00+00:00,99.15,28.77,0.2587,0.073521460125
2022-12-03 01:00:00+00:00,51.22,20.95,0.1282,0.03888174225000001
2022-12-03 02:00:00+00:00,235.4,22.93,0.23370000000000002,0.17764637549999998
2022-12-03 03:00:00+00:00,438.73,25.19,0.3131,0.328859942925
2022-12-03 04:00:00+00:00,652.35,27.26,0.0273,0.48594530025
2022-12-03 05:00:00+00:00,762.03,28.99,0.1252,0.5646813756749999
2022-12-03 06:00:00+00:00,807.1,30.25,0.1576,0.5957911312499999
2022-12-03 07:00:00+00:00,743.1,31.1,0.2623,0.5471259525
2022-12-03 08:00:00+00:00,655.4,31.43,0.2376,0.4820680005
2022-12-03 09:00:00+00:00,496.23,31.28,0.2668,0.36516077010000003
2022-12-03 10:00:00+00:00,296.8,30.5,0.2034,0.21892710000000004
2022-12-03 11:00:00+00:00,114.93,28.89,0.1059,0.08519157517500002
2022-12-04 01:00:00+00:00,49.08,20.32,0.1606,0.0373268124
2022-12-04 02:00:00+00:00,241.43,22.38,0.12619999999999998,0.18249572984999998
2022-12-04 03:00:00+00:00,455.8,24.62,0.0754,0.342239709
2022-12-04 04:00:00+00:00,640.3,26.75,0.021400000000000002,0.47770381875
2022-12-04 05:00:00+00:00,761.58,28.55,0.0256,0.56510187975
2022-12-04 06:00:00+00:00,815.17,29.94,0.0085,0.6023168854499998
2022-12-04 07:00:00+00:00,752.15,30.82,0.1101,0.55426309575
2022-12-04 08:00:00+00:00,662.22,31.18,0.1242,0.4874568309
2022-12-04 09:00:00+00:00,475.75,31.13,0.2116,0.35025071812499997
2022-12-04 10:00:00+00:00,273.48,30.57,0.2084,0.2016826119
2022-12-04 11:00:00+00:00,97.95,28.9,0.1642,0.07260298875000001
2022-12-05 01:00:00+00:00,33.12,20.73,0.2691,0.025158200399999997
2022-12-05 02:00:00+00:00,177.32,22.26,0.25120000000000003,0.13408317779999998
2022-12-05 03:00:00+00:00,360.6,24.33,0.25739999999999996,0.27099360450000004
2022-12-05 04:00:00+00:00,502.0,26.2,0.217,0.3751446
2022-12-05 05:00:00+00:00,637.1,27.58,0.1259,0.47412663450000003
2022-12-05 06:00:00+00:00,760.88,28.38,0.1315,0.5648735075999999
2022-12-05 07:00:00+00:00,689.4,28.76,0.2227,0.511217676
2022-12-05 08:00:00+00:00,558.5,29.02,0.4765,0.41382336750000004
2022-12-05 09:00:00+00:00,440.2,29.15,0.1272,0.3260396325
2022-12-05 10:00:00+00:00,255.07,29.24,0.0837,0.1888691322
2022-12-05 11:00:00+00:00,81.1,27.98,0.0405,0.060281224499999994
2022-12-06 01:00:00+00:00,28.7,19.59,0.6674,0.021874350749999997
2022-12-06 02:00:00+00:00,141.57,21.56,0.8259000000000001,0.10727325180000002
2022-12-06 03:00:00+00:00,263.65,23.72,0.9847,0.19849681200000002
2022-12-06 04:00:00+00:00,389.9,25.75,0.9793999999999999,0.29176704375
2022-12-06 05:00:00+00:00,487.08,27.43,0.7974,0.36264689009999995
2022-12-06 06:00:00+00:00,571.3,28.7,0.9129,0.42371892749999995
2022-12-06 07:00:00+00:00,541.08,29.53,0.8497,0.4002950421
2022-12-06 08:00:00+00:00,494.73,29.92,0.9275,0.3655708389
2022-12-06 09:00:00+00:00,359.95,29.83,0.7917000000000001,0.266050743375
2022-12-06 10:00:00+00:00,227.3,29.22,0.6742,0.16831678649999998
2022-12-06 11:00:00+00:00,76.72,27.53,0.5621,0.057103271399999996
2022-12-07 01:00:00+00:00,35.3,17.99,0.973,0.02703176925
2022-12-07 02:00:00+00:00,168.77,19.72,0.9661,0.12858248760000002
2022-12-07 03:00:00+00:00,338.55,22.65,0.9688,0.255702583125
2022-12-07 04:00:00+00:00,507.55,24.76,0.9277,0.38093657700000005
2022-12-07 05:00:00+00:00,646.72,26.56,0.8902,0.48277001280000004
2022-12-07 06:00:00+00:00,668.35,28.23,0.7112,0.49640526637499993
2022-12-07 07:00:00+00:00,665.72,29.54,0.7963,0.4924896702
2022-12-07 08:00:00+00:00,544.72,30.21,0.9043000000000001,0.4021545198
2022-12-07 09:00:00+00:00,382.12,30.13,0.9201,0.2821793799
2022-12-07 10:00:00+00:00,226.88,29.28,0.9619,0.16797514560000001
2022-12-07 11:00:00+00:00,85.43,26.45,0.9586,0.063793784625
2022-12-08 01:00:00+00:00,33.72,16.82,0.9251999999999999,0.0259106166
2022-12-08 02:00:00+00:00,167.73,18.8,0.9353,0.1281373335
2022-12-08 03:00:00+00:00,315.83,20.36,0.9368000000000001,0.24016976519999997
2022-12-08 04:00:00+00:00,538.08,22.56,0.4622,0.4065140592
2022-12-08 05:00:00+00:00,682.9,24.18,0.34729999999999994,0.5134349504999999
2022-12-08 06:00:00+00:00,732.8,25.49,0.578,0.548792088
2022-12-08 07:00:00+00:00,758.83,26.53,0.6502,0.566510227725
2022-12-08 08:00:00+00:00,645.33,27.54,0.5073,0.4803094390500001
2022-12-08 09:00:00+00:00,514.92,28.09,0.3086,0.38261001869999994
2022-12-08 10:00:00+00:00,307.27,27.73,0.5138,0.228565094025
2022-12-08 11:00:00+00:00,115.12,25.45,0.6960999999999999,0.086223441
2022-12-09 01:00:00+00:00,20.8,15.83,1.0,0.016029156
2022-12-09 02:00:00+00:00,102.6,17.21,1.0,0.07874832149999998
2022-12-09 03:00:00+00:00,224.93,19.53,0.9861,0.171465825975
2022-12-09 04:00:00+00:00,292.0,21.79,0.9987999999999999,0.22110897
2022-12-09 05:00:00+00:00,373.92,24.05,1.0,0.28123925400000005
2022-12-09 06:00:00+00:00,376.52,25.66,1.0,0.2818308678
2022-12-09 07:00:00+00:00,344.52,26.84,0.9990000000000001,0.2569636872
2022-12-09 08:00:00+00:00,342.45,27.18,1.0,0.25515778275
2022-12-09 09:00:00+00:00,294.4,26.36,1.0,0.219899136
2022-12-09 10:00:00+00:00,149.62,25.05,0.9984000000000001,0.11219816775000001
2022-12-09 11:00:00+00:00,62.97,23.54,0.9942,0.04743435645
2022-12-10 01:00:00+00:00,13.35,18.15,1.0,0.010218256875
2022-12-10 02:00:00+00:00,67.85,18.61,0.9788,0.05186301337499999
2022-12-10 03:00:00+00:00,144.98,19.52,0.9712999999999999,0.1105226034
2022-12-10 04:00:00+00:00,200.5,20.46,0.9971,0.15242310750000002
2022-12-10 05:00:00+00:00,185.55,21.63,0.9965,0.14056943287500004
2022-12-10 06:00:00+00:00,174.05,22.98,0.99,0.13132855725
2022-12-10 07:00:00+00:00,171.2,24.26,0.9743,0.12868504799999997
2022-12-10 08:00:00+00:00,107.43,24.84,0.9693,0.0806111748
2022-12-10 09:00:00+00:00,60.8,25.02,0.9864,0.045597264000000005
2022-12-10 10:00:00+00:00,42.78,24.71,0.9954999999999999,0.03211291395
2022-12-10 11:00:00+00:00,18.5,23.88,1.0,0.01392162
2022-12-11 01:00:00+00:00,17.48,20.4,1.0,0.013290918
2022-12-11 02:00:00+00:00,88.4,21.89,1.0,0.066918579
2022-12-11 03:00:00+00:00,159.18,23.51,1.0,0.11991865095000001
2022-12-11 04:00:00+00:00,232.88,25.05,0.996,0.174633801
2022-12-11 05:00:00+00:00,314.55,26.24,0.9719,0.2350349055
2022-12-11 06:00:00+00:00,345.08,27.06,0.9984000000000001,0.2572105542
2022-12-11 07:00:00+00:00,286.05,27.55,0.9839,0.212896288125
2022-12-11 08:00:00+00:00,228.43,27.36,0.987,0.17010953669999998
2022-12-11 09:00:00+00:00,180.05,26.98,0.9945,0.13423537725
2022-12-11 10:00:00+00:00,105.43,26.23,0.9745999999999999,0.07878072247500001
2022-12-11 11:00:00+00:00,40.53,25.04,0.9501999999999999,0.0303938523
2022-12-12 01:00:00+00:00,19.2,20.6,0.9573999999999999,0.014590080000000002
2022-12-12 02:00:00+00:00,91.43,21.36,0.9783,0.06932131170000001
2022-12-12 03:00:00+00:00,171.77,22.43,0.988,0.12982076002500004
2022-12-12 04:00:00+00:00,266.0,23.38,0.9932,0.20046957000000004
2022-12-12 05:00:00+00:00,319.7,24.22,0.9821,0.2403360735
2022-12-12 06:00:00+00:00,329.15,24.86,0.9998,0.24696618225
2022-12-12 07:00:00+00:00,341.33,25.23,0.9973000000000001,0.255820861725
2022-12-12 08:00:00+00:00,253.57,25.04,0.9925,0.1901546787
2022-12-12 09:00:00+00:00,220.52,24.5,0.9738,0.16563808500000002
2022-12-12 10:00:00+00:00,104.88,23.79,0.9975,0.07894553580000001
2022-12-12 11:00:00+00:00,36.6,23.01,1.0,0.027613876500000002
2022-12-13 01:00:00+00:00,15.23,21.07,0.9248000000000001,0.011557171275
2022-12-13 02:00:00+00:00,96.03,22.12,0.9431999999999999,0.0726447744
2022-12-13 03:00:00+00:00,199.85,23.69,0.9579000000000001,0.150476557875
2022-12-13 04:00:00+00:00,284.6,25.49,0.9779000000000001,0.21313622850000002
2022-12-13 05:00:00+00:00,332.75,26.71,0.9704999999999999,0.248282244375
2022-12-13 06:00:00+00:00,406.92,27.34,0.9968,0.3030475662
2022-12-13 07:00:00+00:00,517.88,27.75,0.7514,0.38520561750000004
2022-12-13 08:00:00+00:00,466.48,27.9,0.7646999999999999,0.346816218
2022-12-13 09:00:00+00:00,262.3,27.9,0.9428,0.19501349250000002
2022-12-13 10:00:00+00:00,153.25,27.53,0.9538,0.114065124375
2022-12-13 11:00:00+00:00,51.95,26.26,0.9709,0.038815221750000004
2022-12-14 01:00:00+00:00,32.88,19.92,0.6301,0.0250358184
2022-12-14 02:00:00+00:00,181.77,21.42,0.7056,0.13779165735
2022-12-14 03:00:00+00:00,332.8,23.2,0.7881,0.25094784000000003
2022-12-14 04:00:00+00:00,461.67,25.37,0.8665,0.345868159725
2022-12-14 05:00:00+00:00,603.05,27.06,0.9623,0.44949236324999997
2022-12-14 06:00:00+00:00,643.38,28.2,1.0,0.4779026639999999
2022-12-14 07:00:00+00:00,588.83,28.91,0.9967,0.43644226807500003
2022-12-14 08:00:00+00:00,511.67,29.18,0.9925,0.37894024365000006
2022-12-14 09:00:00+00:00,396.9,29.04,0.9659,0.29406717899999996
2022-12-14 10:00:00+00:00,233.65,28.46,0.8037000000000001,0.17341853475
2022-12-14 11:00:00+00:00,89.53,27.09,0.6466,0.066726485175
2022-12-15 01:00:00+00:00,37.1,19.58,0.1873,0.0282774345
2022-12-15 02:00:00+00:00,221.15,21.62,0.1911,0.16754434575000002
2022-12-15 03:00:00+00:00,420.5,23.78,0.19949999999999998,0.31652927249999996
2022-12-15 04:00:00+00:00,638.45,25.91,0.1012,0.477530273625
2022-12-15 05:00:00+00:00,771.38,27.62,0.0175,0.5739877149
2022-12-15 06:00:00+00:00,843.35,28.84,0.0087,0.6252259560000001
2022-12-15 07:00:00+00:00,824.25,29.63,0.0,0.609600875625
2022-12-15 08:00:00+00:00,737.4,29.98,0.0,0.544787433
2022-12-15 09:00:00+00:00,580.17,29.74,0.0003,0.42893998695
2022-12-15 10:00:00+00:00,373.42,28.8,0.0007000000000000001,0.276872259
2022-12-15 11:00:00+00:00,145.3,26.63,0.001,0.10844211225000003
2022-12-15 12:00:00+00:00,5.0,22.86,0.0013,0.003774075
2022-12-16 01:00:00+00:00,39.3,17.04,0.002,0.03017886299999999
2022-12-16 02:00:00+00:00,240.68,19.84,0.0017000000000000001,0.1833042948
2022-12-16 03:00:00+00:00,459.15,23.0,0.0014000000000000002,0.346428675
2022-12-16 04:00:00+00:00,641.9,26.34,0.0011,0.4794896715
2022-12-16 05:00:00+00:00,766.28,28.12,0.0009,0.5693307143999999
2022-12-16 06:00:00+00:00,825.17,29.37,0.0006,0.610764015975
2022-12-16 07:00:00+00:00,804.9,30.12,0.0003,0.5944025519999999
2022-12-16 08:00:00+00:00,712.75,30.39,0.0,0.525918624375
2022-12-16 09:00:00+00:00,555.58,30.12,0.0005,0.4102847184000001
2022-12-16 10:00:00+00:00,350.62,29.29,0.0011,0.25958064045
2022-12-16 11:00:00+00:00,130.55,27.35,0.0016,0.097222216875
2022-12-17 01:00:00+00:00,29.38,17.79,0.0075,0.02251161705
2022-12-17 02:00:00+00:00,196.85,20.41,0.0086,0.149670468375
2022-12-17 03:00:00+00:00,379.55,23.5,0.0097,0.28594348124999996
2022-12-17 04:00:00+00:00,554.47,26.36,0.010700000000000001,0.41415582180000005
2022-12-17 05:00:00+00:00,676.88,27.93,0.0118,0.5031976686
2022-12-17 06:00:00+00:00,788.38,29.23,0.0129,0.58378159335
2022-12-17 07:00:00+00:00,758.65,29.89,0.0388,0.560640453375
2022-12-17 08:00:00+00:00,653.17,30.04,0.09880000000000001,0.48247055219999996
2022-12-17 09:00:00+00:00,483.23,29.72,0.1642,0.3572905974
2022-12-17 10:00:00+00:00,286.33,28.87,0.1354,0.21225428152499998
2022-12-17 11:00:00+00:00,99.18,27.18,0.046900000000000004,0.0738985221
2022-12-18 01:00:00+00:00,22.95,19.39,0.294,0.017502186374999996
2022-12-18 02:00:00+00:00,146.32,21.27,0.4476,0.11096799060000001
2022-12-18 03:00:00+00:00,315.75,23.47,0.601,0.237899469375
2022-12-18 04:00:00+00:00,421.88,25.5,0.777,0.315935385
2022-12-18 05:00:00+00:00,523.45,27.09,0.7967,0.39012597637500007
2022-12-18 06:00:00+00:00,609.72,28.25,0.8813,0.4528314225
2022-12-18 07:00:00+00:00,588.28,29.06,0.8456999999999999,0.4358360622
2022-12-18 08:00:00+00:00,528.45,29.49,0.7659999999999999,0.39099883387500006
2022-12-18 09:00:00+00:00,398.48,29.3,0.7017,0.295004706
2022-12-18 10:00:00+00:00,237.32,28.62,0.6556000000000001,0.17605702860000003
2022-12-18 11:00:00+00:00,88.35,26.95,0.6024,0.065874864375
2022-12-19 01:00:00+00:00,25.6,17.83,0.5887,0.019612992
2022-12-19 02:00:00+00:00,163.85,19.55,0.5249,0.124896710625
2022-12-19 03:00:00+00:00,334.4,21.99,0.4296,0.25306472399999996
2022-12-19 04:00:00+00:00,519.58,24.11,0.3832,0.39072545895000005
2022-12-19 05:00:00+00:00,699.58,25.72,0.2425,0.5235516804
2022-12-19 06:00:00+00:00,768.05,26.65,0.2414,0.573186114375
2022-12-19 07:00:00+00:00,749.25,27.22,0.2061,0.55819499625
2022-12-19 08:00:00+00:00,682.35,27.31,0.0944,0.508215985875
2022-12-19 09:00:00+00:00,525.8,26.8,0.09300000000000001,0.39222050999999997
2022-12-19 10:00:00+00:00,323.3,26.11,0.0795,0.24166755825000003
2022-12-19 11:00:00+00:00,117.12,24.61,0.06709999999999999,0.08794277279999999
2022-12-20 01:00:00+00:00,29.52,14.67,0.058899999999999994,0.0228261186
2022-12-20 02:00:00+00:00,215.15,18.06,0.042800000000000005,0.16472206725000002
2022-12-20 03:00:00+00:00,422.73,21.37,0.025699999999999997,0.320500147275
2022-12-20 04:00:00+00:00,612.1,24.47,0.0087,0.45980492925
2022-12-20 05:00:00+00:00,742.38,26.53,0.0172,0.5542293568500001
2022-12-20 06:00:00+00:00,826.8,28.11,0.025699999999999997,0.614314467
2022-12-20 07:00:00+00:00,807.33,29.15,0.034300000000000004,0.597959056125
2022-12-20 08:00:00+00:00,714.6,29.63,0.0336,0.5285056545000001
2022-12-20 09:00:00+00:00,556.35,29.43,0.033,0.41171708137499996
2022-12-20 10:00:00+00:00,349.38,28.39,0.032400000000000005,0.25937010404999994
2022-12-20 11:00:00+00:00,132.07,25.72,0.0318,0.09883854659999998
2022-12-20 12:00:00+00:00,5.28,21.63,0.031200000000000002,0.0040000356
2022-12-21 01:00:00+00:00,29.05,16.34,0.10679999999999999,0.02235353925
2022-12-21 02:00:00+00:00,204.55,17.82,0.166,0.15671700524999999
2022-12-21 03:00:00+00:00,406.73,20.83,0.2919,0.308863644225
2022-12-21 04:00:00+00:00,581.78,23.67,0.3893,0.4380759766499999
2022-12-21 05:00:00+00:00,706.97,25.51,0.456,0.529416251925
2022-12-21 06:00:00+00:00,793.88,26.8,0.3953,0.592194786
2022-12-21 07:00:00+00:00,770.5,27.99,0.4633,0.5726914612499999
2022-12-21 08:00:00+00:00,708.03,28.81,0.3887,0.5249529128249999
2022-12-21 09:00:00+00:00,548.72,28.85,0.22519999999999998,0.406786713
2022-12-21 10:00:00+00:00,348.2,28.09,0.1718,0.2587291395
2022-12-21 11:00:00+00:00,134.25,25.63,0.10949999999999999,0.10049720062500002
2022-12-21 12:00:00+00:00,5.62,21.58,0.0626,0.0042582459
2022-12-22 01:00:00+00:00,29.35,15.44,0.1404,0.022643818500000003
2022-12-22 02:00:00+00:00,212.48,17.87,0.086,0.16276871040000002
2022-12-22 03:00:00+00:00,426.98,21.19,0.0935,0.32389528605000006
2022-12-22 04:00:00+00:00,614.78,24.6,0.0676,0.461638302
2022-12-22 05:00:00+00:00,745.95,26.86,0.0424,0.55634069925
2022-12-22 06:00:00+00:00,804.7,28.54,0.0175,0.5971155645000001
2022-12-22 07:00:00+00:00,786.03,29.51,0.0091,0.5815462605749999
2022-12-22 08:00:00+00:00,693.65,29.87,0.0006,0.512636830125
2022-12-22 09:00:00+00:00,535.62,29.54,0.0040999999999999995,0.3962436417
2022-12-22 10:00:00+00:00,331.25,28.49,0.0076,0.24583635937499998
2022-12-22 11:00:00+00:00,124.22,26.27,0.0111,0.09281004135
2022-12-22 12:00:00+00:00,5.32,22.72,0.014499999999999999,0.0040172916
2022-12-23 01:00:00+00:00,26.42,16.87,0.003,0.020298287850000003
2022-12-23 02:00:00+00:00,203.52,18.12,0.0026,0.1557904896
2022-12-23 03:00:00+00:00,406.4,20.56,0.0021,0.30885993599999995
2022-12-23 04:00:00+00:00,594.9,23.06,0.0017000000000000001,0.44877173849999996
2022-12-23 05:00:00+00:00,727.88,25.31,0.0013,0.5454023037
2022-12-23 06:00:00+00:00,826.0,27.69,0.0009,0.614500635
2022-12-23 07:00:00+00:00,810.25,29.17,0.0004,0.600085329375
2022-12-23 08:00:00+00:00,720.47,29.86,0.0,0.53247416055
2022-12-23 09:00:00+00:00,564.6,29.89,0.0002,0.4172379885
2022-12-23 10:00:00+00:00,359.0,29.06,0.0005,0.265970535
2022-12-23 11:00:00+00:00,139.27,26.67,0.0007000000000000001,0.10392919297500001
2022-12-23 12:00:00+00:00,6.15,22.63,0.001,0.004645294875
2022-12-24 01:00:00+00:00,27.2,17.77,0.48719999999999997,0.020842476
2022-12-24 02:00:00+00:00,201.38,20.23,0.3243,0.15319631085000002
2022-12-24 03:00:00+00:00,415.85,22.87,0.16879999999999998,0.31388046112499995
2022-12-24 04:00:00+00:00,608.78,25.37,0.0043,0.45607819065
2022-12-24 05:00:00+00:00,741.05,27.42,0.0086,0.55175248275
2022-12-24 06:00:00+00:00,819.03,28.91,0.0044,0.6070670835749999
2022-12-24 07:00:00+00:00,802.0,29.83,0.0038,0.592784265
2022-12-24 08:00:00+00:00,710.97,30.23,0.0183,0.524861160525
2022-12-24 09:00:00+00:00,553.9,30.1,0.0268,0.4090689974999999
2022-12-24 10:00:00+00:00,349.12,29.26,0.057300000000000004,0.25849368479999996
2022-12-24 11:00:00+00:00,133.4,27.0,0.061799999999999994,0.09944970000000002
2022-12-24 12:00:00+00:00,6.22,23.14,0.11789999999999999,0.0046910306999999995
2022-12-25 01:00:00+00:00,21.08,18.65,0.7787999999999999,0.0161111805
2022-12-25 02:00:00+00:00,141.6,20.78,0.7273999999999999,0.10754449199999999
2022-12-25 03:00:00+00:00,281.98,23.34,0.6884,0.2125381953
2022-12-25 04:00:00+00:00,459.95,25.37,0.6437,0.3445795916249999
2022-12-25 05:00:00+00:00,533.12,27.17,0.7794,0.3972370416
2022-12-25 06:00:00+00:00,432.75,28.52,0.8751000000000001,0.32113512000000005
2022-12-25 07:00:00+00:00,421.15,29.36,0.9536,0.3117310185
2022-12-25 08:00:00+00:00,486.23,30.0,0.7911,0.3592024125
2022-12-25 09:00:00+00:00,367.42,29.68,0.772,0.27169606739999996
2022-12-25 10:00:00+00:00,221.9,28.92,0.8086,0.16446784200000003
2022-12-25 11:00:00+00:00,88.7,27.36,0.8345,0.066054003
2022-12-26 01:00:00+00:00,23.0,20.45,0.4208,0.0174854625
2022-12-26 02:00:00+00:00,150.85,22.28,0.5934,0.11406070199999999
2022-12-26 03:00:00+00:00,286.6,24.27,0.7359,0.2154207405
2022-12-26 04:00:00+00:00,424.67,26.52,0.88,0.31705012860000004
2022-12-26 05:00:00+00:00,508.55,28.37,0.865,0.3775564196250001
2022-12-26 06:00:00+00:00,544.08,29.66,0.9214,0.4023553212
2022-12-26 07:00:00+00:00,507.7,30.42,0.9584,0.3745835985
2022-12-26 08:00:00+00:00,448.65,30.71,0.8953,0.330723469125
2022-12-26 09:00:00+00:00,365.98,30.41,0.8595,0.27003010845000003
2022-12-26 10:00:00+00:00,217.55,29.54,0.7406999999999999,0.16094022675000003
2022-12-26 11:00:00+00:00,88.82,28.11,0.6187,0.06599348205
2022-12-26 12:00:00+00:00,5.4,25.78,0.4836,0.004040523
2022-12-27 01:00:00+00:00,24.58,20.66,0.1202,0.0186750237
2022-12-27 02:00:00+00:00,187.25,22.05,0.2023,0.141680371875
2022-12-27 03:00:00+00:00,368.12,24.28,0.3093,0.2766863544
2022-12-27 04:00:00+00:00,540.55,26.62,0.3956,0.40344219524999997
2022-12-27 05:00:00+00:00,724.12,28.43,0.038599999999999995,0.5375016038999999
2022-12-27 06:00:00+00:00,782.55,29.72,0.2761,0.578601819
2022-12-27 07:00:00+00:00,752.17,30.5,0.3543,0.55481939625
2022-12-27 08:00:00+00:00,578.53,30.78,0.4233,0.42637371734999996
2022-12-27 09:00:00+00:00,490.25,30.35,0.46399999999999997,0.361786115625
2022-12-27 10:00:00+00:00,305.65,29.48,0.3565,0.22615654799999999
2022-12-27 11:00:00+00:00,126.7,28.11,0.2581,0.09413841675000001
2022-12-27 12:00:00+00:00,7.05,25.42,0.1553,0.00528083775
2022-12-28 01:00:00+00:00,27.17,20.25,0.010700000000000001,0.020667879375000007
2022-12-28 02:00:00+00:00,220.43,22.54,0.0103,0.16654258005
2022-12-28 03:00:00+00:00,441.02,25.43,0.009899999999999999,0.33033831314999995
2022-12-28 04:00:00+00:00,627.38,27.96,0.0095,0.46635664920000003
2022-12-28 05:00:00+00:00,757.1,29.84,0.009000000000000001,0.5595801810000001
2022-12-28 06:00:00+00:00,825.72,31.03,0.0086,0.6080870439
2022-12-28 07:00:00+00:00,793.85,31.59,0.1606,0.5836166891250001
2022-12-28 08:00:00+00:00,682.78,31.71,0.12539999999999998,0.5017767289499999
2022-12-28 09:00:00+00:00,547.65,31.37,0.2139,0.402888306375
2022-12-28 10:00:00+00:00,351.1,30.7,0.1751,0.2588221425
2022-12-28 11:00:00+00:00,146.52,29.01,0.11230000000000001,0.10856802330000001
2022-12-28 12:00:00+00:00,7.97,25.99,0.0622,0.005959746825
2022-12-29 01:00:00+00:00,25.25,18.99,0.0108,0.019278943125000003
2022-12-29 02:00:00+00:00,207.62,20.95,0.0129,0.15760693725
2022-12-29 03:00:00+00:00,400.1,25.16,0.0151,0.29993096399999997
2022-12-29 04:00:00+00:00,594.03,28.35,0.0172,0.4410449988749999
2022-12-29 05:00:00+00:00,733.97,29.88,0.0259,0.5424185093999999
2022-12-29 06:00:00+00:00,806.33,30.95,0.1882,0.593952757125
2022-12-29 07:00:00+00:00,748.03,31.55,0.2927,0.549998407875
2022-12-29 08:00:00+00:00,682.75,31.6,0.1771,0.5019236625
2022-12-29 09:00:00+00:00,525.45,31.39,0.17859999999999998,0.38653284262500004
2022-12-29 10:00:00+00:00,328.95,30.61,0.1437,0.24256032862499996
2022-12-29 11:00:00+00:00,133.55,28.73,0.053399999999999996,0.099041681625
2022-12-29 12:00:00+00:00,7.9,25.62,0.053200000000000004,0.0059139795
2022-12-30 01:00:00+00:00,26.83,18.05,0.010700000000000001,0.020542054125000004
2022-12-30 02:00:00+00:00,215.8,20.51,0.0129,0.16403011950000004
2022-12-30 03:00:00+00:00,436.12,24.11,0.015,0.32796333029999997
2022-12-30 04:00:00+00:00,626.42,28.24,0.0172,0.4652483982
2022-12-30 05:00:00+00:00,760.38,29.79,0.019299999999999998,0.5620900045499999
2022-12-30 06:00:00+00:00,822.8,30.84,0.021400000000000002,0.606288408
2022-12-30 07:00:00+00:00,812.33,31.45,0.0236,0.5974585608749999
2022-12-30 08:00:00+00:00,721.25,31.65,0.0949,0.530145796875
2022-12-30 09:00:00+00:00,574.08,31.34,0.07139999999999999,0.42237074880000003
2022-12-30 10:00:00+00:00,373.42,30.41,0.0653,0.27551954505000004
2022-12-30 11:00:00+00:00,155.73,28.19,0.0449,0.11567974792499999
2022-12-30 12:00:00+00:00,8.88,24.01,0.0368,0.006679780200000001
2022-12-31 01:00:00+00:00,24.15,17.12,0.0349,0.018540679499999997
2022-12-31 02:00:00+00:00,201.7,19.51,0.0417,0.15376649925
2022-12-31 03:00:00+00:00,414.77,23.1,0.048499999999999995,0.31285064175
2022-12-31 04:00:00+00:00,601.72,27.3,0.0669,0.448176099
2022-12-31 05:00:00+00:00,736.35,29.14,0.0721,0.5454033997500001
2022-12-31 06:00:00+00:00,793.3,30.36,0.0768,0.5854078020000001
2022-12-31 07:00:00+00:00,783.78,31.08,0.08199999999999999,0.5771128895999998
2022-12-31 08:00:00+00:00,689.05,31.39,0.07339999999999999,0.5068806836249999
2022-12-31 09:00:00+00:00,553.47,31.21,0.043899999999999995,0.407369140425
2022-12-31 10:00:00+00:00,351.8,30.48,0.0382,0.259512306
2022-12-31 11:00:00+00:00,147.1,28.55,0.0325,0.10915003874999997
2022-12-31 12:00:00+00:00,8.38,24.59,0.0269,0.006292730550000001
