timestamp,wind_speed,wind_direction,temperature,generation_fraction
2022-01-01 00:00:00+00:00,4.100360262079392,96.6,18.2,0.001827583236896953
2022-01-01 01:00:00+00:00,4.906532788183137,97.2,18.23,0.009506164109132393
2022-01-01 02:00:00+00:00,7.158256050748769,99.3,19.61,0.0986293466205349
2022-01-01 03:00:00+00:00,8.33971578728012,100.7,22.17,0.20884635364241086
2022-01-01 04:00:00+00:00,8.631605839834924,102.0,24.6,0.2450017709091073
2022-01-01 05:00:00+00:00,8.159021945222383,103.7,26.42,0.18835389152432733
2022-01-01 06:00:00+00:00,7.491844682239973,105.7,27.81,0.1243216210946221
2022-01-01 07:00:00+00:00,6.76906931400903,108.2,28.74,0.0734471324484032
2022-01-01 08:00:00+00:00,6.074092998402354,109.9,29.18,0.03984955509228037
2022-01-01 09:00:00+00:00,5.532011472229145,108.6,29.02,0.02226739837477213
2022-01-01 10:00:00+00:00,5.198422840737941,105.5,28.22,0.014574919150395974
2022-01-01 11:00:00+00:00,4.545145104067665,100.2,26.96,0.005060346808923484
2022-01-01 12:00:00+00:00,3.1829915254785788,94.0,23.98,8.405535843187353e-06
2022-01-01 13:00:00+00:00,3.627776367466852,91.1,22.7,0.0003393808709624709
2022-01-01 14:00:00+00:00,3.891867367397389,90.8,22.06,0.0009731354487117983
2022-01-01 15:00:00+00:00,4.086460735767258,93.7,21.46,0.0017591974176414424
2022-01-01 16:00:00+00:00,4.4061498409463296,101.3,20.97,0.0038138822272128117
2022-01-01 17:00:00+00:00,5.226221893362208,109.4,20.44,0.01513483950649421
2022-01-01 18:00:00+00:00,5.893399156344618,114.7,19.73,0.03322748902038412
2022-01-01 19:00:00+00:00,5.5876095774776795,116.9,18.82,0.02376669109065298
2022-01-01 20:00:00+00:00,5.073327103928739,117.1,18.14,0.012225762279898732
2022-01-01 21:00:00+00:00,4.614642735628332,114.8,17.94,0.005774332669084107
2022-01-01 22:00:00+00:00,4.308853156761395,111.4,17.9,0.0030757090183491102
2022-01-01 23:00:00+00:00,4.392250314634197,110.4,17.81,0.0037018979789288364
2022-01-02 00:00:00+00:00,4.698039893501134,109.9,17.71,0.006716084311952335
2022-01-02 01:00:00+00:00,5.337418103859276,107.6,17.79,0.01751788544293783
2022-01-02 02:00:00+00:00,6.560576419327027,105.9,19.07,0.06192035044261896
2022-01-02 03:00:00+00:00,7.255552734933704,102.1,21.56,0.10571592196770735
2022-01-02 04:00:00+00:00,7.422347050679306,97.3,24.26,0.11863994488375919
2022-01-02 05:00:00+00:00,7.116557471812369,94.6,26.46,0.09569186541311687
2022-01-02 06:00:00+00:00,6.671772629824095,96.3,28.12,0.06790469646486533
2022-01-02 07:00:00+00:00,6.282585893084356,101.2,29.21,0.04851999730082746
2022-01-02 08:00:00+00:00,5.768303419535417,104.8,29.78,0.02910137700652688
2022-01-02 09:00:00+00:00,5.295719524922876,105.5,29.79,0.01659697559275541
2022-01-02 10:00:00+00:00,5.045528051304472,103.7,29.21,0.01174055940615806
2022-01-02 11:00:00+00:00,4.350551735697795,100.3,27.72,0.0033791397091431905
2022-01-02 12:00:00+00:00,3.4470825254091157,98.4,24.13,0.00012258449944002242
2022-01-02 13:00:00+00:00,3.919666420021656,99.0,22.92,0.001066997641704432
2022-01-02 14:00:00+00:00,4.253255051512861,100.7,22.44,0.002700168478815222
2022-01-02 15:00:00+00:00,4.586843683004066,104.2,21.77,0.0054811907186705505
2022-01-02 16:00:00+00:00,5.0594275776166056,108.6,21.08,0.011981523497830396
2022-01-02 17:00:00+00:00,5.504212419604879,112.0,20.31,0.0215419972920859
2022-01-02 18:00:00+00:00,5.935097735281017,114.2,19.59,0.03468487818959025
2022-01-02 19:00:00+00:00,5.7822029458475495,114.9,18.69,0.029541931720889748
2022-01-02 20:00:00+00:00,5.3235185775471425,114.6,17.86,0.017207228239273998
2022-01-02 21:00:00+00:00,4.739738472437534,115.4,17.28,0.007223112420395537
2022-01-02 22:00:00+00:00,4.030862630518724,114.4,17.1,0.001502708908312643
2022-01-02 23:00:00+00:00,3.488781104345516,110.5,17.06,0.0001601827320135531
2022-01-03 00:00:00+00:00,3.711173525339653,110.8,17.16,0.0004934000786581087
2022-01-03 01:00:00+00:00,4.503446525131265,113.9,17.39,0.0046616152798153255
2022-01-03 02:00:00+00:00,6.226987787835823,115.0,18.83,0.04609612698116098
2022-01-03 03:00:00+00:00,7.172155577060903,110.4,21.39,0.09962170161831257
2022-01-03 04:00:00+00:00,7.130456998124502,104.1,24.04,0.0966644506195374
2022-01-03 05:00:00+00:00,6.352083524645025,98.6,26.15,0.05166744266506765
2022-01-03 06:00:00+00:00,5.476413366980611,94.5,27.66,0.020832523975831782
2022-01-03 07:00:00+00:00,4.6702408408768665,93.9,28.67,0.006391602652921991
2022-01-03 08:00:00+00:00,3.8362692621488548,93.1,29.23,0.0008022521214967887
2022-01-03 09:00:00+00:00,3.433182999096983,88.8,29.24,0.00011150303355417385
2022-01-03 10:00:00+00:00,3.5026806306576503,84.5,28.72,0.00017424042651131133
2022-01-03 11:00:00+00:00,3.141292946542178,83.7,27.34,3.869313493322774e-06
2022-01-03 12:00:00+00:00,2.877201946611641,87.8,23.98,0.0
2022-01-03 13:00:00+00:00,3.6416758937789857,90.9,22.2,0.00036242624901630525
2022-01-03 14:00:00+00:00,3.989164051582324,93.0,21.36,0.0013276311875834244
2022-01-03 15:00:00+00:00,4.142058841015793,96.6,20.69,0.002043327180885438
2022-01-03 16:00:00+00:00,4.183757419952193,102.7,20.05,0.0022754149878147487
2022-01-03 17:00:00+00:00,4.21155647257646,108.5,19.36,0.0024395148042953133
2022-01-03 18:00:00+00:00,4.253255051512861,112.9,18.74,0.002700168478815222
2022-01-03 19:00:00+00:00,4.322752683073529,114.7,18.17,0.003174741909170927
2022-01-03 20:00:00+00:00,4.308853156761395,114.8,17.59,0.0030757090183491102
2022-01-03 21:00:00+00:00,3.9057668937095227,112.8,16.92,0.0010193464164257086
2022-01-03 22:00:00+00:00,3.8779678410852556,110.3,16.74,0.000928342636962328
2022-01-03 23:00:00+00:00,3.97526452527019,108.8,16.72,0.00127244715047499
2022-01-04 00:00:00+00:00,4.253255051512861,109.9,16.88,0.002700168478815222
2022-01-04 01:00:00+00:00,5.073327103928739,114.6,17.14,0.012225762279898732
2022-01-04 02:00:00+00:00,6.713471208760496,117.1,18.68,0.07024455328385079
2022-01-04 03:00:00+00:00,7.575241840112775,114.3,21.51,0.13137557719050022
2022-01-04 04:00:00+00:00,7.644739471673443,107.7,24.3,0.1374537360408224
2022-01-04 05:00:00+00:00,7.047059840251701,101.3,26.42,0.09092668325778094
2022-01-04 06:00:00+00:00,6.268686366772223,96.6,27.96,0.047906255528068174
2022-01-04 07:00:00+00:00,5.5181119459170125,94.5,29.03,0.02190269581182482
2022-01-04 08:00:00+00:00,4.948231367119537,93.7,29.57,0.010143645561108344
2022-01-04 09:00:00+00:00,4.795336577686069,93.2,29.55,0.00793798198934463
2022-01-04 10:00:00+00:00,4.906532788183137,93.6,28.88,0.009506164109132393
2022-01-04 11:00:00+00:00,4.086460735767258,96.4,27.15,0.0017591974176414424
2022-01-04 12:00:00+00:00,3.7667716305881873,103.2,22.77,0.000618401565641259
2022-01-04 13:00:00+00:00,4.3366522093856625,106.8,21.06,0.0032758781055688304
2022-01-04 14:00:00+00:00,4.517346051443398,109.8,20.21,0.004792105694336564
2022-01-04 15:00:00+00:00,4.6007432093161995,113.5,19.37,0.005626489025085531
2022-01-04 16:00:00+00:00,4.628542261940466,118.7,18.51,0.0059247437522666705
2022-01-04 17:00:00+00:00,4.698039893501134,124.2,17.67,0.006716084311952335
2022-01-04 18:00:00+00:00,4.920432314495271,128.2,16.96,0.009715596884865342
2022-01-04 19:00:00+00:00,5.101126156553006,130.9,16.35,0.01272415232162491
2022-01-04 20:00:00+00:00,4.809236103998202,130.3,15.73,0.008123781027553128
2022-01-04 21:00:00+00:00,4.281054104137128,128.1,15.11,0.002883864747032247
2022-01-04 22:00:00+00:00,4.378350788322063,126.6,15.21,0.0035921275442228223
2022-01-04 23:00:00+00:00,4.420049367258463,125.8,15.12,0.0039281023906751365
2022-01-05 00:00:00+00:00,4.4756474725069975,124.6,15.19,0.004407784228315372
2022-01-05 01:00:00+00:00,4.823135630310336,121.8,15.28,0.008312456927350872
2022-01-05 02:00:00+00:00,5.879499630032485,120.2,16.93,0.032750923672286346
2022-01-05 03:00:00+00:00,6.115791577338754,116.7,19.94,0.04149327063112731
2022-01-05 04:00:00+00:00,5.476413366980611,112.7,23.7,0.020832523975831782
2022-01-05 05:00:00+00:00,4.253255051512861,110.3,26.35,0.002700168478815222
2022-01-05 06:00:00+00:00,3.4192834727848487,111.7,27.77,0.00010111037082036194
2022-01-05 07:00:00+00:00,2.6548095256175044,117.8,28.7,0.0
2022-01-05 08:00:00+00:00,2.112727999444297,127.2,29.18,0.0
2022-01-05 09:00:00+00:00,2.0293308415714955,132.2,29.18,0.0
2022-01-05 10:00:00+00:00,2.1822256310049646,130.4,28.57,0.0
2022-01-05 11:00:00+00:00,2.08492894682003,126.3,27.06,0.0
2022-01-05 12:00:00+00:00,2.4185175783112345,119.9,23.33,0.0
2022-01-05 13:00:00+00:00,3.057895788669377,115.6,21.55,2.6620327539076553e-07
2022-01-05 14:00:00+00:00,3.405383946472716,111.5,20.51,9.138440963821283e-05
2022-01-05 15:00:00+00:00,3.655575420091119,109.8,19.47,0.0003864919542278135
2022-01-05 16:00:00+00:00,3.8362692621488548,109.9,18.39,0.0008022521214967887
2022-01-05 17:00:00+00:00,3.989164051582324,112.1,17.37,0.0013276311875834244
2022-01-05 18:00:00+00:00,4.16985789364006,115.7,16.54,0.0021961995647331533
2022-01-05 19:00:00+00:00,4.364451262009929,119.6,15.89,0.0034845488214943995
2022-01-05 20:00:00+00:00,4.559044630379798,122.7,15.34,0.005198141712189899
2022-01-05 21:00:00+00:00,4.545145104067665,123.4,14.78,0.005060346808923484
2022-01-05 22:00:00+00:00,4.267154577824994,121.8,14.23,0.002791009163336437
2022-01-05 23:00:00+00:00,3.989164051582324,118.5,13.75,0.0013276311875834244
2022-01-06 00:00:00+00:00,3.9335659463337898,115.8,13.63,0.0011161112261483472
2022-01-06 01:00:00+00:00,4.809236103998202,114.3,14.25,0.008123781027553128
2022-01-06 02:00:00+00:00,6.213088261523689,112.8,16.64,0.045503042717314215
2022-01-06 03:00:00+00:00,6.4354806825178255,111.5,20.1,0.0556205148143814
2022-01-06 04:00:00+00:00,6.282585893084356,110.2,24.03,0.04851999730082746
2022-01-06 05:00:00+00:00,5.017728998680205,112.2,26.64,0.011268366887599923
2022-01-06 06:00:00+00:00,4.0169631042065905,119.8,28.28,0.0014427399649018734
2022-01-06 07:00:00+00:00,3.3497858412241817,130.0,29.35,5.8705548418717294e-05
2022-01-06 08:00:00+00:00,2.918900525548042,141.8,29.91,0.0
2022-01-06 09:00:00+00:00,2.6548095256175044,151.6,29.94,0.0
2022-01-06 10:00:00+00:00,2.4880152098719024,159.7,29.39,0.0
2022-01-06 11:00:00+00:00,1.987632262635095,164.2,27.86,0.0
2022-01-06 12:00:00+00:00,1.9181346310744274,163.5,24.19,0.0
2022-01-06 13:00:00+00:00,1.876436052138027,166.3,22.35,0.0
2022-01-06 14:00:00+00:00,1.6957422100802908,170.1,21.09,0.0
2022-01-06 15:00:00+00:00,1.932034157386561,171.3,19.9,0.0
2022-01-06 16:00:00+00:00,2.265622788877766,173.3,18.89,0.0
2022-01-06 17:00:00+00:00,2.112727999444297,177.7,18.07,0.0
2022-01-06 18:00:00+00:00,1.876436052138027,180.0,17.35,0.0
2022-01-06 19:00:00+00:00,1.876436052138027,173.6,16.86,0.0
2022-01-06 20:00:00+00:00,2.1822256310049646,161.8,16.46,0.0
2022-01-06 21:00:00+00:00,2.5297137888083028,152.2,15.94,0.0
2022-01-06 22:00:00+00:00,2.821603841363107,143.4,15.39,0.0
2022-01-06 23:00:00+00:00,3.0439962623572434,135.4,14.69,1.168207045471248e-07
2022-01-07 00:00:00+00:00,3.3914844201605816,130.7,14.29,8.230304840734889e-05
2022-01-07 01:00:00+00:00,4.100360262079392,130.1,14.8,0.001827583236896953
2022-01-07 02:00:00+00:00,6.518877840390627,132.7,17.61,0.059770245921690696
2022-01-07 03:00:00+00:00,7.088758419188101,138.3,21.02,0.09376631008043017
2022-01-07 04:00:00+00:00,6.8941650508182315,147.9,24.66,0.08100569192835308
2022-01-07 05:00:00+00:00,6.213088261523689,156.8,27.18,0.045503042717314215
2022-01-07 06:00:00+00:00,5.712705314286882,164.0,28.71,0.027382955853223256
2022-01-07 07:00:00+00:00,5.365217156483543,171.8,29.57,0.018150372119076427
2022-01-07 08:00:00+00:00,5.1289252091772735,179.7,30.11,0.013235906344139632
2022-01-07 09:00:00+00:00,4.8648342092467365,188.9,30.02,0.008895966812283286
2022-01-07 10:00:00+00:00,4.628542261940466,198.5,29.3,0.0059247437522666705
2022-01-07 11:00:00+00:00,3.6416758937789857,211.3,27.46,0.00036242624901630525
2022-01-07 12:00:00+00:00,3.0717953149815105,220.2,24.16,5.076457881257117e-07
2022-01-07 13:00:00+00:00,3.5304796832819174,232.7,22.74,0.00020477585056895208
2022-01-07 14:00:00+00:00,3.7667716305881873,244.4,21.68,0.000618401565641259
2022-01-07 15:00:00+00:00,3.516580156969783,252.8,20.82,0.00018909743216298478
2022-01-07 16:00:00+00:00,3.3914844201605816,258.4,20.02,8.230304840734889e-05
2022-01-07 17:00:00+00:00,3.1273934202300446,262.1,19.25,2.83604726549443e-06
2022-01-07 18:00:00+00:00,2.7521062098024394,266.0,18.74,0.0
2022-01-07 19:00:00+00:00,2.3212208941263,270.3,18.57,0.0
2022-01-07 20:00:00+00:00,1.8208379468894929,270.9,18.27,0.0
2022-01-07 21:00:00+00:00,1.334354525964819,274.2,18.05,0.0
2022-01-07 22:00:00+00:00,0.9729668418493472,281.5,17.82,0.0
2022-01-07 23:00:00+00:00,0.5559810524853414,284.4,17.7,0.0
2022-01-08 00:00:00+00:00,0.13899526312133534,253.3,17.55,0.0
2022-01-08 01:00:00+00:00,0.2779905262426707,126.9,17.62,0.0
2022-01-08 02:00:00+00:00,0.9312682629129467,132.6,19.16,0.0
2022-01-08 03:00:00+00:00,1.6957422100802908,182.3,22.17,0.0
2022-01-08 04:00:00+00:00,2.55751284143257,209.2,24.75,0.0
2022-01-08 05:00:00+00:00,2.8911014729237747,219.1,26.75,0.0
2022-01-08 06:00:00+00:00,3.002297683420843,225.4,28.35,1.6639606180337144e-11
2022-01-08 07:00:00+00:00,3.1551924728543117,232.2,29.41,5.127249265297204e-06
2022-01-08 08:00:00+00:00,3.3636853675363145,236.6,29.99,6.598571939797699e-05
2022-01-08 09:00:00+00:00,3.5721782622183174,237.1,29.95,0.0002569605983163631
2022-01-08 10:00:00+00:00,3.7945706832124544,234.4,29.39,0.0006881293520976709
2022-01-08 11:00:00+00:00,3.5999773148425844,233.8,27.94,0.00029626268992632233
2022-01-08 12:00:00+00:00,3.169091999166445,237.4,23.91,6.6319561817934365e-06
2022-01-08 13:00:00+00:00,3.9057668937095227,245.6,22.03,0.0010193464164257086
2022-01-08 14:00:00+00:00,4.253255051512861,255.4,21.08,0.002700168478815222
2022-01-08 15:00:00+00:00,4.503446525131265,262.9,20.44,0.0046616152798153255
2022-01-08 16:00:00+00:00,4.656341314564734,268.6,19.57,0.006233356642585244
2022-01-08 17:00:00+00:00,4.225455998888594,274.0,18.75,0.002524443400895039
2022-01-08 18:00:00+00:00,3.5582787359061845,278.1,18.09,0.00023868533204526545
2022-01-08 19:00:00+00:00,2.9883981571087093,281.5,17.45,0.0
2022-01-08 20:00:00+00:00,2.640909999305371,286.8,16.98,0.0
2022-01-08 21:00:00+00:00,2.4324171046233682,294.2,16.47,0.0
2022-01-08 22:00:00+00:00,2.0710294205078963,305.7,16.24,0.0
2022-01-08 23:00:00+00:00,1.6262445785196231,322.0,16.33,0.0
2022-01-09 00:00:00+00:00,1.2370578417798843,347.7,16.42,0.0
2022-01-09 01:00:00+00:00,1.0146654207857477,27.6,16.59,0.0
2022-01-09 02:00:00+00:00,1.2092587891556172,55.8,18.34,0.0
2022-01-09 03:00:00+00:00,0.8617706313522789,133.7,22.34,0.0
2022-01-09 04:00:00+00:00,1.598445525895356,198.7,24.97,0.0
2022-01-09 05:00:00+00:00,2.4880152098719024,214.0,27.06,0.0
2022-01-09 06:00:00+00:00,3.3080872622877804,216.0,28.75,4.0113790378131155e-05
2022-01-09 07:00:00+00:00,4.072561209455126,218.5,29.76,0.0016925391767556356
2022-01-09 08:00:00+00:00,4.698039893501134,221.9,30.25,0.006716084311952335
2022-01-09 09:00:00+00:00,5.087226630240873,225.6,30.24,0.01247329785396345
2022-01-09 10:00:00+00:00,5.39301620910781,230.1,29.46,0.018797902497632125
2022-01-09 11:00:00+00:00,5.254020945986475,236.4,27.88,0.015708919500994498
2022-01-09 12:00:00+00:00,3.8779678410852556,246.6,24.24,0.000928342636962328
2022-01-09 13:00:00+00:00,4.837035156622469,255.4,22.64,0.008504031790338215
2022-01-09 14:00:00+00:00,5.712705314286882,260.6,21.64,0.027382955853223256
2022-01-09 15:00:00+00:00,5.406915735419944,263.7,20.46,0.01912736432931732
2022-01-09 16:00:00+00:00,4.6702408408768665,269.3,19.48,0.006391602652921991
2022-01-09 17:00:00+00:00,4.225455998888594,277.2,18.77,0.002524443400895039
2022-01-09 18:00:00+00:00,3.474881578033383,282.9,18.12,0.00014690224706933659
2022-01-09 19:00:00+00:00,2.6826085782417715,285.6,17.29,0.0
2022-01-09 20:00:00+00:00,2.4463166309355016,289.3,16.74,0.0
2022-01-09 21:00:00+00:00,2.3351204204384333,295.0,16.31,0.0
2022-01-09 22:00:00+00:00,2.1683261046928313,298.7,16.02,0.0
2022-01-09 23:00:00+00:00,2.0988284731321634,305.6,15.88,0.0
2022-01-10 00:00:00+00:00,2.2100246836292317,315.8,15.89,0.0
2022-01-10 01:00:00+00:00,2.7521062098024394,326.6,16.17,0.0
2022-01-10 02:00:00+00:00,2.640909999305371,337.8,17.77,0.0
2022-01-10 03:00:00+00:00,0.8756701576644126,324.0,22.21,0.0
2022-01-10 04:00:00+00:00,1.876436052138027,215.9,25.62,0.0
2022-01-10 05:00:00+00:00,2.932800051860175,207.7,27.39,0.0
2022-01-10 06:00:00+00:00,3.808470209524588,201.6,28.65,0.0007248773616684016
2022-01-10 07:00:00+00:00,4.753637998749668,200.0,29.68,0.007397625028250831
2022-01-10 08:00:00+00:00,5.476413366980611,202.2,30.16,0.020832523975831782
2022-01-10 09:00:00+00:00,5.9072986826567515,208.3,30.03,0.03370865515490046
2022-01-10 10:00:00+00:00,6.143590629963021,217.8,29.4,0.042613816214480814
2022-01-10 11:00:00+00:00,5.935097735281017,227.0,27.98,0.03468487818959025
2022-01-10 12:00:00+00:00,3.9335659463337898,239.5,24.33,0.0011161112261483472
2022-01-10 13:00:00+00:00,4.378350788322063,250.9,22.77,0.0035921275442228223
2022-01-10 14:00:00+00:00,4.878733735558869,258.8,21.86,0.009096371174441733
2022-01-10 15:00:00+00:00,4.711939419813268,267.0,20.66,0.00688236416384667
2022-01-10 16:00:00+00:00,4.461747946194864,276.3,19.68,0.004284399388135919
2022-01-10 17:00:00+00:00,4.12815931470366,286.1,19.03,0.001969626016918578
2022-01-10 18:00:00+00:00,3.46098205172125,296.3,18.5,0.00013437687007828548
2022-01-10 19:00:00+00:00,2.905000999235908,308.0,18.05,0.0
2022-01-10 20:00:00+00:00,2.8355033676752406,321.2,17.72,0.0
2022-01-10 21:00:00+00:00,2.55751284143257,332.2,17.53,0.0
2022-01-10 22:00:00+00:00,2.1266275257564304,338.1,17.22,0.0
2022-01-10 23:00:00+00:00,2.112727999444297,338.8,16.9,0.0
2022-01-11 00:00:00+00:00,2.2239242099413654,336.8,16.59,0.0
2022-01-11 01:00:00+00:00,2.2100246836292317,337.8,16.62,0.0
2022-01-11 02:00:00+00:00,2.0710294205078963,338.4,18.66,0.0
2022-01-11 03:00:00+00:00,1.2231583154677508,196.6,23.19,0.0
2022-01-11 04:00:00+00:00,3.7389725779639202,197.3,26.27,0.0005535507454290738
2022-01-11 05:00:00+00:00,4.837035156622469,203.4,28.12,0.008504031790338215
2022-01-11 06:00:00+00:00,5.698805787974748,209.5,29.47,0.02696418948293244
2022-01-11 07:00:00+00:00,6.421581156205692,215.0,30.45,0.0549481415100816
2022-01-11 08:00:00+00:00,7.047059840251701,220.8,30.83,0.09092668325778094
2022-01-11 09:00:00+00:00,7.533543261176375,226.3,30.54,0.12781615965387816
2022-01-11 10:00:00+00:00,7.811533787419045,230.6,29.56,0.1527999074452072
2022-01-11 11:00:00+00:00,7.658638997985576,235.3,27.84,0.138691436168683
2022-01-11 12:00:00+00:00,5.434714788044212,244.1,24.43,0.01979779178550429
2022-01-11 13:00:00+00:00,6.421581156205692,255.8,22.58,0.0549481415100816
2022-01-11 14:00:00+00:00,6.7551697876968975,265.5,21.22,0.07263755313040274
2022-01-11 15:00:00+00:00,6.032394419465953,273.6,19.92,0.03824983251844433
2022-01-11 16:00:00+00:00,5.434714788044212,281.5,18.93,0.01979779178550429
2022-01-11 17:00:00+00:00,4.6702408408768665,287.0,18.08,0.006391602652921991
2022-01-11 18:00:00+00:00,3.7389725779639202,290.0,17.28,0.0005535507454290738
2022-01-11 19:00:00+00:00,3.3358863149120475,292.1,16.55,5.198157098923984e-05
2022-01-11 20:00:00+00:00,3.141292946542178,293.7,15.92,3.869313493322774e-06
2022-01-11 21:00:00+00:00,3.057895788669377,296.2,15.34,2.6620327539076553e-07
2022-01-11 22:00:00+00:00,2.8077043150509735,299.4,14.78,0.0
2022-01-11 23:00:00+00:00,2.4324171046233682,303.3,14.24,0.0
2022-01-12 00:00:00+00:00,2.2100246836292317,308.6,13.78,0.0
2022-01-12 01:00:00+00:00,2.265622788877766,313.5,13.87,0.0
2022-01-12 02:00:00+00:00,2.279522315189899,317.0,16.23,0.0
2022-01-12 03:00:00+00:00,1.2092587891556172,236.7,20.82,0.0
2022-01-12 04:00:00+00:00,3.294187735975647,202.3,24.01,3.492578399574811e-05
2022-01-12 05:00:00+00:00,4.531245577755532,200.8,26.2,0.004925008836839162
2022-01-12 06:00:00+00:00,5.504212419604879,204.6,27.94,0.0215419972920859
2022-01-12 07:00:00+00:00,6.226987787835823,209.8,29.07,0.04609612698116098
2022-01-12 08:00:00+00:00,6.8246674192575645,217.2,29.54,0.07674560260883129
2022-01-12 09:00:00+00:00,7.311150840182238,223.3,29.4,0.10991377571107316
2022-01-12 10:00:00+00:00,7.519643734864241,228.8,28.49,0.12664413416099704
2022-01-12 11:00:00+00:00,7.130456998124502,233.0,26.78,0.0966644506195374
2022-01-12 12:00:00+00:00,4.878733735558869,243.2,23.09,0.009096371174441733
2022-01-12 13:00:00+00:00,5.893399156344618,255.4,21.17,0.03322748902038412
2022-01-12 14:00:00+00:00,5.921198208968884,259.7,19.76,0.034194444177435696
2022-01-12 15:00:00+00:00,5.35131763017141,261.0,18.56,0.017832259369005187
2022-01-12 16:00:00+00:00,4.656341314564734,261.2,17.65,0.006233356642585244
2022-01-12 17:00:00+00:00,3.989164051582324,261.8,16.87,0.0013276311875834244
2022-01-12 18:00:00+00:00,3.5999773148425844,264.0,16.2,0.00029626268992632233
2022-01-12 19:00:00+00:00,3.5304796832819174,268.0,15.71,0.00020477585056895208
2022-01-12 20:00:00+00:00,3.989164051582324,274.0,15.38,0.0013276311875834244
2022-01-12 21:00:00+00:00,4.267154577824994,281.6,15.28,0.002791009163336437
2022-01-12 22:00:00+00:00,4.044762156830858,286.4,14.95,0.0015643170236916096
2022-01-12 23:00:00+00:00,3.3358863149120475,282.2,14.63,5.198157098923984e-05
2022-01-13 00:00:00+00:00,2.4880152098719024,271.0,14.32,0.0
2022-01-13 01:00:00+00:00,2.7104076308660385,264.4,14.4,0.0
2022-01-13 02:00:00+00:00,3.3914844201605816,255.5,16.43,8.230304840734889e-05
2022-01-13 03:00:00+00:00,4.795336577686069,233.4,19.72,0.00793798198934463
2022-01-13 04:00:00+00:00,6.01849489315382,222.3,22.51,0.03772626473414412
2022-01-13 05:00:00+00:00,7.088758419188101,217.8,24.91,0.09376631008043017
2022-01-13 06:00:00+00:00,7.811533787419045,219.0,26.64,0.1527999074452072
2022-01-13 07:00:00+00:00,8.42311294515292,224.1,27.73,0.21878544164950336
2022-01-13 08:00:00+00:00,8.840098734516927,230.2,28.11,0.27323293054954223
2022-01-13 09:00:00+00:00,8.951294945013995,234.2,27.77,0.28913914651179634
2022-01-13 10:00:00+00:00,8.687203945083457,236.5,26.79,0.25232999501966724
2022-01-13 11:00:00+00:00,7.9366295242282465,238.3,25.12,0.16503044868431418
2022-01-13 12:00:00+00:00,5.101126156553006,242.2,21.96,0.01272415232162491
2022-01-13 13:00:00+00:00,4.753637998749668,249.8,20.04,0.007397625028250831
2022-01-13 14:00:00+00:00,4.711939419813268,257.4,19.2,0.00688236416384667
2022-01-13 15:00:00+00:00,4.447848419882731,264.3,18.26,0.004163338869536317
2022-01-13 16:00:00+00:00,4.3366522093856625,269.8,17.35,0.0032758781055688304
2022-01-13 17:00:00+00:00,4.253255051512861,273.0,16.55,0.002700168478815222
2022-01-13 18:00:00+00:00,4.044762156830858,273.4,15.8,0.0015643170236916096
2022-01-13 19:00:00+00:00,3.864068314773122,273.5,15.16,0.000884945879576919
2022-01-13 20:00:00+00:00,3.780671156900321,274.4,14.67,0.0006526447872887494
2022-01-13 21:00:00+00:00,3.683374472715386,276.5,14.22,0.00043777275252535725
2022-01-13 22:00:00+00:00,3.488781104345516,279.4,13.79,0.0001601827320135531
2022-01-13 23:00:00+00:00,3.2524891570392462,283.1,13.67,2.2080081336773903e-05
2022-01-14 00:00:00+00:00,3.474881578033383,289.4,13.96,0.00014690224706933659
2022-01-14 01:00:00+00:00,4.0169631042065905,297.8,14.29,0.0014427399649018734
2022-01-14 02:00:00+00:00,4.420049367258463,301.1,16.36,0.0039281023906751365
2022-01-14 03:00:00+00:00,4.572944156691932,276.8,20.08,0.005338415648238799
2022-01-14 04:00:00+00:00,5.101126156553006,247.8,22.94,0.01272415232162491
2022-01-14 05:00:00+00:00,6.06019347209022,234.1,25.19,0.039311455595912086
2022-01-14 06:00:00+00:00,6.935863629754633,229.6,26.86,0.08363587392701052
2022-01-14 07:00:00+00:00,7.561342313800642,230.8,28.07,0.13018185906702937
2022-01-14 08:00:00+00:00,7.9366295242282465,234.5,28.46,0.16503044868431418
2022-01-14 09:00:00+00:00,8.089524313661716,237.8,28.16,0.18084397814470093
2022-01-14 10:00:00+00:00,7.964428576852515,240.8,27.28,0.1678341264014513
2022-01-14 11:00:00+00:00,7.422347050679306,245.2,25.71,0.11863994488375919
2022-01-14 12:00:00+00:00,4.711939419813268,249.3,22.36,0.00688236416384667
2022-01-14 13:00:00+00:00,4.364451262009929,251.0,20.25,0.0034845488214943995
2022-01-14 14:00:00+00:00,4.16985789364006,252.4,19.18,0.0021961995647331533
2022-01-14 15:00:00+00:00,3.891867367397389,255.1,18.2,0.0009731354487117983
2022-01-14 16:00:00+00:00,3.725073051651787,260.3,17.38,0.0005228989436636271
2022-01-14 17:00:00+00:00,3.655575420091119,268.0,16.67,0.0003864919542278135
2022-01-14 18:00:00+00:00,3.683374472715386,277.2,16.04,0.00043777275252535725
2022-01-14 19:00:00+00:00,3.725073051651787,286.5,15.52,0.0005228989436636271
2022-01-14 20:00:00+00:00,3.752872104276054,295.2,15.05,0.0005853775855548267
2022-01-14 21:00:00+00:00,3.7389725779639202,301.6,14.61,0.0005535507454290738
2022-01-14 22:00:00+00:00,3.627776367466852,306.1,14.18,0.0003393808709624709
2022-01-14 23:00:00+00:00,3.5721782622183174,311.1,13.79,0.0002569605983163631
2022-01-15 00:00:00+00:00,3.5721782622183174,317.7,13.49,0.0002569605983163631
2022-01-15 01:00:00+00:00,3.7389725779639202,323.5,13.73,0.0005535507454290738
2022-01-15 02:00:00+00:00,4.6424417882526,328.4,16.58,0.006077744376233591
2022-01-15 03:00:00+00:00,3.516580156969783,347.0,21.07,0.00018909743216298478
2022-01-15 04:00:00+00:00,1.5428474206468221,38.4,24.55,0.0
2022-01-15 05:00:00+00:00,1.5011488417104215,132.7,26.85,0.0
2022-01-15 06:00:00+00:00,2.376818999374834,162.3,28.58,0.0
2022-01-15 07:00:00+00:00,2.905000999235908,177.8,29.78,0.0
2022-01-15 08:00:00+00:00,3.1134938939179113,188.5,30.44,2.0053489814363437e-06
2022-01-15 09:00:00+00:00,3.1273934202300446,199.7,30.51,2.83604726549443e-06
2022-01-15 10:00:00+00:00,3.03009673604511,211.1,30.0,3.739647521900956e-08
2022-01-15 11:00:00+00:00,2.6548095256175044,220.1,28.68,0.0
2022-01-15 12:00:00+00:00,2.4880152098719024,230.4,24.94,0.0
2022-01-15 13:00:00+00:00,3.0717953149815105,238.3,23.02,5.076457881257117e-07
2022-01-15 14:00:00+00:00,3.196891051790712,247.0,21.83,1.0470089849854629e-05
2022-01-15 15:00:00+00:00,3.210790578102846,253.1,20.67,1.2847719802171193e-05
2022-01-15 16:00:00+00:00,3.1134938939179113,257.4,19.72,2.0053489814363437e-06
2022-01-15 17:00:00+00:00,2.7938047887388398,263.7,19.38,0.0
2022-01-15 18:00:00+00:00,2.4602161572476353,271.3,18.96,0.0
2022-01-15 19:00:00+00:00,2.1961251573170983,278.7,18.6,0.0
2022-01-15 20:00:00+00:00,1.6679431574560237,281.5,18.6,0.0
2022-01-15 21:00:00+00:00,0.9868663681614808,288.2,18.59,0.0
2022-01-15 22:00:00+00:00,0.36138768411547184,57.5,18.43,0.0
2022-01-15 23:00:00+00:00,1.6679431574560237,92.4,17.99,0.0
2022-01-16 00:00:00+00:00,2.7382066834903056,99.7,17.46,0.0
2022-01-16 01:00:00+00:00,3.961364998958057,102.1,17.47,0.0012188138789332506
2022-01-16 02:00:00+00:00,6.727370735072629,103.1,20.25,0.07103628564972683
2022-01-16 03:00:00+00:00,7.922729997916114,106.6,23.29,0.1636403954590566
2022-01-16 04:00:00+00:00,7.8671318926675795,110.6,25.77,0.15815823774275664
2022-01-16 05:00:00+00:00,7.186055103373036,115.6,27.63,0.10062069074974332
2022-01-16 06:00:00+00:00,6.324284472020757,119.9,28.92,0.05039262881288134
2022-01-16 07:00:00+00:00,5.462513840668478,121.9,29.62,0.020483704976115853
2022-01-16 08:00:00+00:00,4.892633261871003,120.8,29.82,0.009299762906191316
2022-01-16 09:00:00+00:00,4.586843683004066,115.7,29.77,0.0054811907186705505
2022-01-16 10:00:00+00:00,4.6007432093161995,106.7,29.08,0.005626489025085531
2022-01-16 11:00:00+00:00,4.684140367189,97.5,27.89,0.006552504508844232
2022-01-16 12:00:00+00:00,3.488781104345516,89.3,25.33,0.0001601827320135531
2022-01-16 13:00:00+00:00,4.072561209455126,83.1,24.14,0.0016925391767556356
2022-01-16 14:00:00+00:00,5.017728998680205,81.7,23.69,0.011268366887599923
2022-01-16 15:00:00+00:00,5.823901524783951,86.3,23.2,0.030890228112073235
2022-01-16 16:00:00+00:00,6.33818399833289,95.7,22.56,0.05102738172015916
2022-01-16 17:00:00+00:00,7.158256050748769,105.8,22.0,0.0986293466205349
2022-01-16 18:00:00+00:00,7.7420361558583775,112.2,21.31,0.14627397197485198
2022-01-16 19:00:00+00:00,7.894930945291846,114.7,20.46,0.16088374976716124
2022-01-16 20:00:00+00:00,6.782968840321163,113.8,19.72,0.07426270495364592
2022-01-16 21:00:00+00:00,5.726604840599015,111.2,19.31,0.027806035689127713
2022-01-16 22:00:00+00:00,4.920432314495271,108.4,19.1,0.009715596884865342
2022-01-16 23:00:00+00:00,4.433948893570597,108.8,18.92,0.00404458057091618
2022-01-17 00:00:00+00:00,4.698039893501134,109.0,18.83,0.006716084311952335
2022-01-17 01:00:00+00:00,5.254020945986475,107.7,18.92,0.015708919500994498
2022-01-17 02:00:00+00:00,7.060959366563835,109.5,20.55,0.09186676084394715
2022-01-17 03:00:00+00:00,7.908830471603981,109.8,22.94,0.16225816985387245
2022-01-17 04:00:00+00:00,7.519643734864241,106.8,25.52,0.12664413416099704
2022-01-17 05:00:00+00:00,6.352083524645025,102.4,27.66,0.05166744266506765
2022-01-17 06:00:00+00:00,5.15672426180154,98.5,29.07,0.013761201160245875
2022-01-17 07:00:00+00:00,4.21155647257646,96.1,29.9,0.0024395148042953133
2022-01-17 08:00:00+00:00,3.627776367466852,92.4,30.07,0.0003393808709624709
2022-01-17 09:00:00+00:00,3.5304796832819174,85.7,29.92,0.00020477585056895208
2022-01-17 10:00:00+00:00,3.8779678410852556,75.9,29.03,0.000928342636962328
2022-01-17 11:00:00+00:00,4.420049367258463,68.6,27.97,0.0039281023906751365
2022-01-17 12:00:00+00:00,3.516580156969783,66.2,25.44,0.00018909743216298478
2022-01-17 13:00:00+00:00,4.239355525200727,68.1,24.23,0.0026113205918682114
2022-01-17 14:00:00+00:00,5.0594275776166056,72.4,23.58,0.011981523497830396
2022-01-17 15:00:00+00:00,5.406915735419944,77.1,22.67,0.01912736432931732
2022-01-17 16:00:00+00:00,5.5181119459170125,81.3,21.84,0.02190269581182482
2022-01-17 17:00:00+00:00,5.267920472298608,85.5,21.09,0.016001324616646363
2022-01-17 18:00:00+00:00,4.8648342092467365,91.1,20.34,0.008895966812283286
2022-01-17 19:00:00+00:00,4.531245577755532,98.3,19.63,0.004925008836839162
2022-01-17 20:00:00+00:00,4.294953630449261,105.8,18.93,0.0029787573315030076
2022-01-17 21:00:00+00:00,4.142058841015793,112.1,18.38,0.002043327180885438
2022-01-17 22:00:00+00:00,3.8223697358367215,115.2,17.84,0.0007629109176013152
2022-01-17 23:00:00+00:00,3.5026806306576503,115.3,17.33,0.00017424042651131133
2022-01-18 00:00:00+00:00,3.433182999096983,115.9,17.09,0.00011150303355417385
2022-01-18 01:00:00+00:00,4.253255051512861,117.9,17.55,0.002700168478815222
2022-01-18 02:00:00+00:00,6.1713896825872885,116.6,19.7,0.0437543562587356
2022-01-18 03:00:00+00:00,6.352083524645025,106.9,22.58,0.05166744266506765
2022-01-18 04:00:00+00:00,5.962896787905286,93.3,25.25,0.03567976958915885
2022-01-18 05:00:00+00:00,5.573710051165546,82.1,27.37,0.023385751338868273
2022-01-18 06:00:00+00:00,5.254020945986475,75.3,28.92,0.015708919500994498
2022-01-18 07:00:00+00:00,4.989929946055938,68.8,30.03,0.010809007911421285
2022-01-18 08:00:00+00:00,4.850934682934603,62.7,30.64,0.008698527718115565
2022-01-18 09:00:00+00:00,4.976030419743805,57.8,30.73,0.010584085747723354
2022-01-18 10:00:00+00:00,5.267920472298608,53.8,30.24,0.016001324616646363
2022-01-18 11:00:00+00:00,5.087226630240873,53.8,28.96,0.01247329785396345
2022-01-18 12:00:00+00:00,3.655575420091119,58.7,24.8,0.0003864919542278135
2022-01-18 13:00:00+00:00,4.16985789364006,62.2,22.82,0.0021961995647331533
2022-01-18 14:00:00+00:00,4.308853156761395,62.9,21.93,0.0030757090183491102
2022-01-18 15:00:00+00:00,4.364451262009929,64.7,21.11,0.0034845488214943995
2022-01-18 16:00:00+00:00,4.3366522093856625,68.9,20.3,0.0032758781055688304
2022-01-18 17:00:00+00:00,4.183757419952193,75.5,19.46,0.0022754149878147487
2022-01-18 18:00:00+00:00,4.0169631042065905,84.3,18.66,0.0014427399649018734
2022-01-18 19:00:00+00:00,3.9057668937095227,91.4,17.94,0.0010193464164257086
2022-01-18 20:00:00+00:00,3.7945706832124544,96.1,17.27,0.0006881293520976709
2022-01-18 21:00:00+00:00,3.655575420091119,100.8,16.63,0.0003864919542278135
2022-01-18 22:00:00+00:00,3.5304796832819174,106.7,16.03,0.00020477585056895208
2022-01-18 23:00:00+00:00,3.4470825254091157,112.7,15.52,0.00012258449944002242
2022-01-19 00:00:00+00:00,3.3636853675363145,118.4,15.3,6.598571939797699e-05
2022-01-19 01:00:00+00:00,3.8362692621488548,123.2,15.92,0.0008022521214967887
2022-01-19 02:00:00+00:00,4.962130893431671,123.5,18.53,0.010362305664819162
2022-01-19 03:00:00+00:00,5.226221893362208,117.0,22.51,0.01513483950649421
2022-01-19 04:00:00+00:00,4.684140367189,102.0,26.05,0.006552504508844232
2022-01-19 05:00:00+00:00,4.100360262079392,84.8,28.2,0.001827583236896953
2022-01-19 06:00:00+00:00,3.655575420091119,71.2,29.65,0.0003864919542278135
2022-01-19 07:00:00+00:00,3.3497858412241817,54.3,30.7,5.8705548418717294e-05
2022-01-19 08:00:00+00:00,3.3636853675363145,36.6,31.28,6.598571939797699e-05
2022-01-19 09:00:00+00:00,3.711173525339653,22.7,31.33,0.0004934000786581087
2022-01-19 10:00:00+00:00,4.225455998888594,15.9,30.81,0.002524443400895039
2022-01-19 11:00:00+00:00,4.100360262079392,15.9,29.41,0.001827583236896953
2022-01-19 12:00:00+00:00,3.46098205172125,20.5,24.78,0.00013437687007828548
2022-01-19 13:00:00+00:00,4.12815931470366,25.7,22.69,0.001969626016918578
2022-01-19 14:00:00+00:00,4.433948893570597,29.9,21.59,0.00404458057091618
2022-01-19 15:00:00+00:00,4.517346051443398,34.9,20.55,0.004792105694336564
2022-01-19 16:00:00+00:00,4.392250314634197,40.9,19.52,0.0037018979789288364
2022-01-19 17:00:00+00:00,4.225455998888594,48.1,18.58,0.002524443400895039
2022-01-19 18:00:00+00:00,4.044762156830858,56.2,17.8,0.0015643170236916096
2022-01-19 19:00:00+00:00,3.780671156900321,66.2,17.14,0.0006526447872887494
2022-01-19 20:00:00+00:00,3.4470825254091157,79.1,16.64,0.00012258449944002242
2022-01-19 21:00:00+00:00,3.0161972097329763,93.4,16.38,5.82898703062398e-09
2022-01-19 22:00:00+00:00,2.5297137888083028,105.3,16.33,0.0
2022-01-19 23:00:00+00:00,1.959833210010828,114.4,16.4,0.0
2022-01-20 00:00:00+00:00,1.2509573680920179,122.3,16.39,0.0
2022-01-20 01:00:00+00:00,0.5698805787974748,135.0,16.67,0.0
2022-01-20 02:00:00+00:00,0.25019147361840355,199.4,18.48,0.0
2022-01-20 03:00:00+00:00,0.3474881578033383,130.1,22.37,0.0
2022-01-20 04:00:00+00:00,1.7930388942652258,18.0,27.63,0.0
2022-01-20 05:00:00+00:00,2.6548095256175044,14.5,29.84,0.0
2022-01-20 06:00:00+00:00,2.8077043150509735,11.1,31.38,0.0
2022-01-20 07:00:00+00:00,2.918900525548042,1.4,32.47,0.0
2022-01-20 08:00:00+00:00,3.3358863149120475,349.4,33.06,5.198157098923984e-05
2022-01-20 09:00:00+00:00,3.8362692621488548,339.7,33.15,0.0008022521214967887
2022-01-20 10:00:00+00:00,4.253255051512861,333.6,32.65,0.002700168478815222
2022-01-20 11:00:00+00:00,3.627776367466852,329.3,31.13,0.0003393808709624709
2022-01-20 12:00:00+00:00,2.8077043150509735,318.0,26.22,0.0
2022-01-20 13:00:00+00:00,3.03009673604511,308.9,24.2,3.739647521900956e-08
2022-01-20 14:00:00+00:00,3.4192834727848487,303.0,23.08,0.00010111037082036194
2022-01-20 15:00:00+00:00,4.086460735767258,297.3,21.88,0.0017591974176414424
2022-01-20 16:00:00+00:00,4.447848419882731,296.6,20.59,0.004163338869536317
2022-01-20 17:00:00+00:00,4.322752683073529,299.3,19.4,0.003174741909170927
2022-01-20 18:00:00+00:00,4.072561209455126,303.1,18.44,0.0016925391767556356
2022-01-20 19:00:00+00:00,3.9335659463337898,309.7,17.69,0.0011161112261483472
2022-01-20 20:00:00+00:00,3.919666420021656,317.4,17.1,0.001066997641704432
2022-01-20 21:00:00+00:00,4.058661683142991,324.6,16.61,0.0016275864126391443
2022-01-20 22:00:00+00:00,4.142058841015793,330.7,16.14,0.002043327180885438
2022-01-20 23:00:00+00:00,4.0169631042065905,335.2,15.6,0.0014427399649018734
2022-01-21 00:00:00+00:00,3.8223697358367215,339.1,15.07,0.0007629109176013152
2022-01-21 01:00:00+00:00,3.7667716305881873,341.7,15.22,0.000618401565641259
2022-01-21 02:00:00+00:00,4.976030419743805,342.8,18.46,0.010584085747723354
2022-01-21 03:00:00+00:00,3.7389725779639202,344.5,22.75,0.0005535507454290738
2022-01-21 04:00:00+00:00,4.4061498409463296,349.3,28.59,0.0038138822272128117
2022-01-21 05:00:00+00:00,4.753637998749668,340.7,31.33,0.007397625028250831
2022-01-21 06:00:00+00:00,5.462513840668478,338.2,32.8,0.020483704976115853
2022-01-21 07:00:00+00:00,5.990695840529551,339.3,33.69,0.03669350616640907
2022-01-21 08:00:00+00:00,6.226987787835823,341.1,34.02,0.04609612698116098
2022-01-21 09:00:00+00:00,6.4354806825178255,343.1,33.84,0.0556205148143814
2022-01-21 10:00:00+00:00,6.602274998263428,345.7,33.08,0.06412140993267662
2022-01-21 11:00:00+00:00,5.657107209038348,348.8,31.4,0.025733550149738323
2022-01-21 12:00:00+00:00,3.7945706832124544,349.2,26.0,0.0006881293520976709
2022-01-21 13:00:00+00:00,3.780671156900321,346.8,23.65,0.0006526447872887494
2022-01-21 14:00:00+00:00,3.474881578033383,336.4,22.41,0.00014690224706933659
2022-01-21 15:00:00+00:00,3.3358863149120475,315.5,21.53,5.198157098923984e-05
2022-01-21 16:00:00+00:00,3.752872104276054,292.4,20.59,0.0005853775855548267
2022-01-21 17:00:00+00:00,4.3366522093856625,279.8,19.42,0.0032758781055688304
2022-01-21 18:00:00+00:00,4.447848419882731,274.8,18.54,0.004163338869536317
2022-01-21 19:00:00+00:00,4.350551735697795,272.7,17.69,0.0033791397091431905
2022-01-21 20:00:00+00:00,4.100360262079392,271.6,16.91,0.001827583236896953
2022-01-21 21:00:00+00:00,3.669474946403253,271.3,16.16,0.00041160008819737294
2022-01-21 22:00:00+00:00,3.3775848938484487,270.2,15.52,7.38441855273961e-05
2022-01-21 23:00:00+00:00,3.2524891570392462,267.3,14.99,2.2080081336773903e-05
2022-01-22 00:00:00+00:00,3.196891051790712,262.5,14.55,1.0470089849854629e-05
2022-01-22 01:00:00+00:00,3.3497858412241817,256.3,15.06,5.8705548418717294e-05
2022-01-22 02:00:00+00:00,4.461747946194864,249.2,17.87,0.004284399388135919
2022-01-22 03:00:00+00:00,4.225455998888594,245.7,22.31,0.002524443400895039
2022-01-22 04:00:00+00:00,3.891867367397389,242.5,26.64,0.0009731354487117983
2022-01-22 05:00:00+00:00,4.072561209455126,241.7,29.53,0.0016925391767556356
2022-01-22 06:00:00+00:00,4.781437051373935,247.2,31.37,0.007755037711124997
2022-01-22 07:00:00+00:00,5.712705314286882,253.3,32.44,0.027382955853223256
2022-01-22 08:00:00+00:00,6.713471208760496,257.0,32.81,0.07024455328385079
2022-01-22 09:00:00+00:00,7.658638997985576,257.6,32.49,0.138691436168683
2022-01-22 10:00:00+00:00,8.325816260967986,256.6,31.48,0.2072196852388606
2022-01-22 11:00:00+00:00,8.742802050331992,254.6,29.64,0.25980291045973297
2022-01-22 12:00:00+00:00,7.575241840112775,250.9,26.3,0.13137557719050022
2022-01-22 13:00:00+00:00,8.520409629337856,249.6,23.95,0.23077373866680695
2022-01-22 14:00:00+00:00,7.922729997916114,251.0,22.24,0.1636403954590566
2022-01-22 15:00:00+00:00,6.76906931400903,254.4,20.91,0.0734471324484032
2022-01-22 16:00:00+00:00,6.06019347209022,258.8,19.79,0.039311455595912086
2022-01-22 17:00:00+00:00,5.768303419535417,262.4,18.74,0.02910137700652688
2022-01-22 18:00:00+00:00,5.5181119459170125,265.5,17.78,0.02190269581182482
2022-01-22 19:00:00+00:00,5.170623788113674,268.9,16.96,0.014028981619896769
2022-01-22 20:00:00+00:00,5.406915735419944,272.1,16.77,0.01912736432931732
2022-01-22 21:00:00+00:00,5.226221893362208,273.7,16.58,0.01513483950649421
2022-01-22 22:00:00+00:00,4.6702408408768665,274.1,16.34,0.006391602652921991
2022-01-22 23:00:00+00:00,4.003063577894457,273.6,16.1,0.0013843880918589244
2022-01-23 00:00:00+00:00,3.69727399902752,273.4,16.01,0.0004650320488121447
2022-01-23 01:00:00+00:00,4.586843683004066,277.5,16.31,0.0054811907186705505
2022-01-23 02:00:00+00:00,5.935097735281017,281.3,18.11,0.03468487818959025
2022-01-23 03:00:00+00:00,6.115791577338754,285.4,21.25,0.04149327063112731
2022-01-23 04:00:00+00:00,6.3659830509571576,287.0,24.62,0.05231283374920702
2022-01-23 05:00:00+00:00,6.379882577269291,280.9,27.2,0.05296357707417774
2022-01-23 06:00:00+00:00,6.713471208760496,271.2,29.05,0.07024455328385079
2022-01-23 07:00:00+00:00,7.464045629615707,262.1,30.22,0.12202767791009429
2022-01-23 08:00:00+00:00,8.478711050401454,256.1,30.64,0.2255836711866327
2022-01-23 09:00:00+00:00,9.340481681753733,253.9,30.22,0.3496545855615667
2022-01-23 10:00:00+00:00,9.813065576366274,253.6,29.07,0.43381061927760595
2022-01-23 11:00:00+00:00,9.729668418493473,254.3,27.23,0.41807429952774805
2022-01-23 12:00:00+00:00,8.033926208413181,254.9,24.69,0.17498185115760465
2022-01-23 13:00:00+00:00,7.227753682309437,255.7,22.93,0.10365768396195829
2022-01-23 14:00:00+00:00,6.268686366772223,260.0,21.67,0.047906255528068174
2022-01-23 15:00:00+00:00,5.810001998471816,266.8,20.58,0.03043633517206254
2022-01-23 16:00:00+00:00,5.337418103859276,273.7,19.55,0.01751788544293783
2022-01-23 17:00:00+00:00,4.9343318408074035,280.7,18.57,0.009928083334990526
2022-01-23 18:00:00+00:00,4.656341314564734,287.7,17.64,0.006233356642585244
2022-01-23 19:00:00+00:00,4.4061498409463296,294.4,16.72,0.0038138822272128117
2022-01-23 20:00:00+00:00,4.12815931470366,300.8,15.81,0.001969626016918578
2022-01-23 21:00:00+00:00,3.864068314773122,307.0,14.94,0.000884945879576919
2022-01-23 22:00:00+00:00,3.655575420091119,313.5,14.16,0.0003864919542278135
2022-01-23 23:00:00+00:00,3.46098205172125,320.0,13.47,0.00013437687007828548
2022-01-24 00:00:00+00:00,3.2802882096635133,326.0,12.86,3.0205564761644622e-05
2022-01-24 01:00:00+00:00,3.6138768411547186,331.0,12.92,0.0003173337184659358
2022-01-24 02:00:00+00:00,4.559044630379798,331.4,15.64,0.005198141712189899
2022-01-24 03:00:00+00:00,3.780671156900321,296.4,19.45,0.0006526447872887494
2022-01-24 04:00:00+00:00,3.7945706832124544,260.3,22.27,0.0006881293520976709
2022-01-24 05:00:00+00:00,4.030862630518724,244.5,24.62,0.001502708908312643
2022-01-24 06:00:00+00:00,4.322752683073529,236.8,26.45,0.003174741909170927
2022-01-24 07:00:00+00:00,4.656341314564734,235.8,27.87,0.006233356642585244
2022-01-24 08:00:00+00:00,5.045528051304472,238.8,28.67,0.01174055940615806
2022-01-24 09:00:00+00:00,5.462513840668478,241.9,28.77,0.020483704976115853
2022-01-24 10:00:00+00:00,5.837801051096084,242.9,28.14,0.031348611330500535
2022-01-24 11:00:00+00:00,6.087992524714487,241.6,26.66,0.04039254269587205
2022-01-24 12:00:00+00:00,4.698039893501134,240.4,22.95,0.006716084311952335
2022-01-24 13:00:00+00:00,6.185289208899422,241.2,20.97,0.04433217945770191
2022-01-24 14:00:00+00:00,7.422347050679306,244.4,19.77,0.11863994488375919
2022-01-24 15:00:00+00:00,7.269452261245838,249.5,18.5,0.1067551800346648
2022-01-24 16:00:00+00:00,6.588375471951294,256.5,17.63,0.06338202493675352
2022-01-24 17:00:00+00:00,5.851700577408217,266.5,16.92,0.031811506928944924
2022-01-24 18:00:00+00:00,5.281819998610742,278.2,16.23,0.016297335946699874
2022-01-24 19:00:00+00:00,4.823135630310336,289.5,15.53,0.008312456927350872
2022-01-24 20:00:00+00:00,4.378350788322063,300.6,14.83,0.0035921275442228223
2022-01-24 21:00:00+00:00,3.961364998958057,311.3,14.2,0.0012188138789332506
2022-01-24 22:00:00+00:00,3.655575420091119,321.8,13.64,0.0003864919542278135
2022-01-24 23:00:00+00:00,3.4470825254091157,331.1,13.15,0.00012258449944002242
2022-01-25 00:00:00+00:00,3.294187735975647,339.0,12.71,3.492578399574811e-05
2022-01-25 01:00:00+00:00,3.8362692621488548,345.7,12.9,0.0008022521214967887
2022-01-25 02:00:00+00:00,4.4756474725069975,351.6,15.44,0.004407784228315372
2022-01-25 03:00:00+00:00,2.7382066834903056,17.1,20.24,0.0
2022-01-25 04:00:00+00:00,1.598445525895356,108.7,23.74,0.0
2022-01-25 05:00:00+00:00,3.057895788669377,150.6,26.29,2.6620327539076553e-07
2022-01-25 06:00:00+00:00,3.752872104276054,165.9,28.1,0.0005853775855548267
2022-01-25 07:00:00+00:00,4.183757419952193,181.1,29.42,0.0022754149878147487
2022-01-25 08:00:00+00:00,4.489546998819131,195.1,30.18,0.0045335154916750515
2022-01-25 09:00:00+00:00,4.823135630310336,206.7,30.25,0.008312456927350872
2022-01-25 10:00:00+00:00,5.142824735489407,217.2,29.65,0.01349685010219363
2022-01-25 11:00:00+00:00,5.379116682795677,228.5,28.21,0.01847224579475195
2022-01-25 12:00:00+00:00,4.6424417882526,242.4,24.24,0.006077744376233591
2022-01-25 13:00:00+00:00,5.823901524783951,252.2,21.74,0.030890228112073235
2022-01-25 14:00:00+00:00,6.032394419465953,259.0,20.26,0.03824983251844433
2022-01-25 15:00:00+00:00,5.921198208968884,265.3,18.97,0.034194444177435696
2022-01-25 16:00:00+00:00,5.087226630240873,272.5,17.75,0.01247329785396345
2022-01-25 17:00:00+00:00,4.392250314634197,281.9,16.87,0.0037018979789288364
2022-01-25 18:00:00+00:00,4.086460735767258,293.0,16.23,0.0017591974176414424
2022-01-25 19:00:00+00:00,4.12815931470366,304.0,15.71,0.001969626016918578
2022-01-25 20:00:00+00:00,4.197656946264327,311.9,15.23,0.0023565127004686816
2022-01-25 21:00:00+00:00,3.752872104276054,315.9,14.68,0.0005853775855548267
2022-01-25 22:00:00+00:00,3.1829915254785788,318.2,14.1,8.405535843187353e-06
2022-01-25 23:00:00+00:00,2.8633024202995077,321.3,13.61,0.0
2022-01-26 00:00:00+00:00,2.668709051929638,326.5,13.23,0.0
2022-01-26 01:00:00+00:00,2.376818999374834,337.3,13.58,0.0
2022-01-26 02:00:00+00:00,2.696508104553905,354.7,16.23,0.0
2022-01-26 03:00:00+00:00,2.0988284731321634,36.9,21.14,0.0
2022-01-26 04:00:00+00:00,2.0710294205078963,68.4,24.78,0.0
2022-01-26 05:00:00+00:00,1.8069384205773593,90.9,27.32,0.0
2022-01-26 06:00:00+00:00,1.3482540522769526,101.9,29.01,0.0
2022-01-26 07:00:00+00:00,0.7644739471673443,105.8,30.16,0.0
2022-01-26 08:00:00+00:00,0.18069384205773592,81.2,30.8,0.0
2022-01-26 09:00:00+00:00,0.29189005255480416,346.0,30.94,0.0
2022-01-26 10:00:00+00:00,0.5142824735489406,355.4,30.47,0.0
2022-01-26 11:00:00+00:00,0.7227753682309437,8.9,29.32,0.0
2022-01-26 12:00:00+00:00,0.8478711050401454,13.3,26.2,0.0
2022-01-26 13:00:00+00:00,1.3621535785890861,12.9,23.95,0.0
2022-01-26 14:00:00+00:00,1.9737327363229615,13.1,22.42,0.0
2022-01-26 15:00:00+00:00,2.3907185256869674,11.8,21.03,0.0
2022-01-26 16:00:00+00:00,2.4880152098719024,11.6,19.89,0.0
2022-01-26 17:00:00+00:00,2.3212208941263,15.3,18.94,0.0
2022-01-26 18:00:00+00:00,1.959833210010828,28.4,18.11,0.0
2022-01-26 19:00:00+00:00,1.7235412627045579,55.2,17.36,0.0
2022-01-26 20:00:00+00:00,1.9459336836986945,80.1,16.85,0.0
2022-01-26 21:00:00+00:00,2.3212208941263,93.4,16.49,0.0
2022-01-26 22:00:00+00:00,2.696508104553905,101.9,16.12,0.0
2022-01-26 23:00:00+00:00,3.0995943676057776,108.0,15.8,1.3551170407727066e-06
2022-01-27 00:00:00+00:00,3.488781104345516,109.3,15.7,0.0001601827320135531
2022-01-27 01:00:00+00:00,4.420049367258463,104.8,16.31,0.0039281023906751365
2022-01-27 02:00:00+00:00,6.324284472020757,97.6,18.76,0.05039262881288134
2022-01-27 03:00:00+00:00,7.575241840112775,94.1,21.8,0.13137557719050022
2022-01-27 04:00:00+00:00,7.797634261106912,89.7,24.54,0.15147950714299685
2022-01-27 05:00:00+00:00,7.352849419118638,85.6,26.72,0.11313406773439343
2022-01-27 06:00:00+00:00,6.588375471951294,83.1,28.26,0.06338202493675352
2022-01-27 07:00:00+00:00,5.851700577408217,80.7,29.46,0.031811506928944924
2022-01-27 08:00:00+00:00,5.309619051235009,77.3,30.14,0.016900265656413307
2022-01-27 09:00:00+00:00,5.15672426180154,72.2,30.17,0.013761201160245875
2022-01-27 10:00:00+00:00,5.490312893292746,67.7,29.69,0.02118528071395504
2022-01-27 11:00:00+00:00,5.657107209038348,65.3,28.5,0.025733550149738323
2022-01-27 12:00:00+00:00,4.142058841015793,64.4,24.94,0.002043327180885438
2022-01-27 13:00:00+00:00,4.892633261871003,63.7,23.33,0.009299762906191316
2022-01-27 14:00:00+00:00,5.657107209038348,63.2,22.7,0.025733550149738323
2022-01-27 15:00:00+00:00,6.087992524714487,64.0,21.93,0.04039254269587205
2022-01-27 16:00:00+00:00,6.240887314147956,66.8,21.06,0.04669434246983532
2022-01-27 17:00:00+00:00,6.421581156205692,72.7,20.22,0.0549481415100816
2022-01-27 18:00:00+00:00,6.838566945569697,81.3,19.46,0.07758536887904664
2022-01-27 19:00:00+00:00,7.116557471812369,90.6,18.71,0.09569186541311687
2022-01-27 20:00:00+00:00,7.116557471812369,98.8,18.05,0.09569186541311687
2022-01-27 21:00:00+00:00,7.297251313870104,102.4,17.52,0.10885408480474731
2022-01-27 22:00:00+00:00,7.6725385242977096,102.2,17.07,0.13993654398621
2022-01-27 23:00:00+00:00,8.089524313661716,100.2,16.62,0.18084397814470093
2022-01-28 00:00:00+00:00,7.978328103164648,96.9,16.11,0.16924779509653126
2022-01-28 01:00:00+00:00,7.783734734794778,92.2,15.72,0.15016673554645646
2022-01-28 02:00:00+00:00,9.535075050123604,90.3,17.57,0.3828460847843906
2022-01-28 03:00:00+00:00,11.45320968119803,93.0,20.77,0.828585629595812
2022-01-28 04:00:00+00:00,11.050123418146159,94.8,23.68,0.7156160751455486
2022-01-28 05:00:00+00:00,9.924261786863342,95.3,26.23,0.4553998765830705
2022-01-28 06:00:00+00:00,8.798400155580525,95.3,28.18,0.26742193173172774
2022-01-28 07:00:00+00:00,7.8671318926675795,93.8,29.57,0.15815823774275664
2022-01-28 08:00:00+00:00,7.24165320862157,90.8,30.36,0.10468343064400529
2022-01-28 09:00:00+00:00,7.060959366563835,86.8,30.55,0.09186676084394715
2022-01-28 10:00:00+00:00,7.102657945500235,83.9,30.05,0.09472582593394793
2022-01-28 11:00:00+00:00,6.852466471881831,81.6,28.74,0.07843123884450616
2022-01-28 12:00:00+00:00,4.4756474725069975,78.6,24.49,0.004407784228315372
2022-01-28 13:00:00+00:00,4.837035156622469,75.8,22.22,0.008504031790338215
2022-01-28 14:00:00+00:00,5.11502568286514,74.9,21.39,0.012978347784483516
2022-01-28 15:00:00+00:00,5.184523314425808,76.2,20.49,0.014300213582746675
2022-01-28 16:00:00+00:00,5.142824735489407,78.9,19.56,0.01349685010219363
2022-01-28 17:00:00+00:00,5.101126156553006,82.5,18.64,0.01272415232162491
2022-01-28 18:00:00+00:00,5.184523314425808,86.5,17.77,0.014300213582746675
2022-01-28 19:00:00+00:00,5.39301620910781,89.7,16.95,0.018797902497632125
2022-01-28 20:00:00+00:00,5.62930815641408,92.3,16.19,0.0249342860596703
2022-01-28 21:00:00+00:00,5.935097735281017,93.6,15.52,0.03468487818959025
2022-01-28 22:00:00+00:00,6.143590629963021,93.9,14.92,0.042613816214480814
2022-01-28 23:00:00+00:00,6.087992524714487,94.4,14.38,0.04039254269587205
2022-01-29 00:00:00+00:00,5.490312893292746,93.9,13.8,0.02118528071395504
2022-01-29 01:00:00+00:00,5.7822029458475495,92.9,13.84,0.029541931720889748
2022-01-29 02:00:00+00:00,6.713471208760496,91.4,16.41,0.07024455328385079
2022-01-29 03:00:00+00:00,8.284117682031585,95.6,20.94,0.2023904030207143
2022-01-29 04:00:00+00:00,8.673304418771325,92.7,24.56,0.2504844294338873
2022-01-29 05:00:00+00:00,8.38141436621652,89.1,27.19,0.21377739126797088
2022-01-29 06:00:00+00:00,8.033926208413181,88.3,29.1,0.17498185115760465
2022-01-29 07:00:00+00:00,7.491844682239973,88.8,30.46,0.1243216210946221
2022-01-29 08:00:00+00:00,6.810767892945432,89.2,31.27,0.07591191793225965
2022-01-29 09:00:00+00:00,6.240887314147956,89.5,31.41,0.04669434246983532
2022-01-29 10:00:00+00:00,5.698805787974748,88.2,30.9,0.02696418948293244
2022-01-29 11:00:00+00:00,4.948231367119537,84.7,29.53,0.010143645561108344
2022-01-29 12:00:00+00:00,3.6138768411547186,76.0,24.86,0.0003173337184659358
2022-01-29 13:00:00+00:00,4.294953630449261,69.5,22.59,0.0029787573315030076
2022-01-29 14:00:00+00:00,4.586843683004066,66.8,21.49,0.0054811907186705505
2022-01-29 15:00:00+00:00,4.684140367189,66.6,20.51,0.006552504508844232
2022-01-29 16:00:00+00:00,4.6424417882526,67.7,19.62,0.006077744376233591
2022-01-29 17:00:00+00:00,4.559044630379798,69.5,18.79,0.005198141712189899
2022-01-29 18:00:00+00:00,4.433948893570597,71.9,18.0,0.00404458057091618
2022-01-29 19:00:00+00:00,4.267154577824994,75.5,17.22,0.002791009163336437
2022-01-29 20:00:00+00:00,4.044762156830858,80.3,16.44,0.0015643170236916096
2022-01-29 21:00:00+00:00,3.864068314773122,88.8,15.72,0.000884945879576919
2022-01-29 22:00:00+00:00,3.725073051651787,100.8,15.11,0.0005228989436636271
2022-01-29 23:00:00+00:00,3.5999773148425844,113.2,14.62,0.00029626268992632233
2022-01-30 00:00:00+00:00,3.5026806306576503,122.2,14.27,0.00017424042651131133
2022-01-30 01:00:00+00:00,3.5026806306576503,126.5,14.81,0.00017424042651131133
2022-01-30 02:00:00+00:00,4.739738472437534,125.1,18.23,0.007223112420395537
2022-01-30 03:00:00+00:00,5.281819998610742,122.4,23.26,0.016297335946699874
2022-01-30 04:00:00+00:00,4.559044630379798,120.2,27.3,0.005198141712189899
2022-01-30 05:00:00+00:00,2.7660057361145727,122.1,29.78,0.0
2022-01-30 06:00:00+00:00,1.5567469469589557,124.4,31.46,0.0
2022-01-30 07:00:00+00:00,0.8617706313522789,124.5,32.57,0.0
2022-01-30 08:00:00+00:00,0.41698578936400593,133.7,33.18,0.0
2022-01-30 09:00:00+00:00,0.18069384205773592,180.0,33.26,0.0
2022-01-30 10:00:00+00:00,0.15289478943346885,275.2,32.81,0.0
2022-01-30 11:00:00+00:00,0.2779905262426707,327.1,31.7,0.0
2022-01-30 12:00:00+00:00,0.36138768411547184,344.4,28.83,0.0
2022-01-30 13:00:00+00:00,0.5837801051096083,353.2,26.55,0.0
2022-01-30 14:00:00+00:00,0.9312682629129467,355.7,24.8,0.0
2022-01-30 15:00:00+00:00,1.306555473340552,0.6,23.39,0.0
2022-01-30 16:00:00+00:00,1.6401441048317567,2.4,22.19,0.0
2022-01-30 17:00:00+00:00,1.8625365258258935,359.6,21.25,0.0
2022-01-30 18:00:00+00:00,1.8625365258258935,355.7,20.57,0.0
2022-01-30 19:00:00+00:00,1.7235412627045579,352.6,20.0,0.0
2022-01-30 20:00:00+00:00,1.5845459995832225,351.4,19.49,0.0
2022-01-30 21:00:00+00:00,1.5845459995832225,354.4,19.02,0.0
2022-01-30 22:00:00+00:00,1.6401441048317567,1.9,18.52,0.0
2022-01-30 23:00:00+00:00,1.7652398416409587,13.2,17.86,0.0
2022-01-31 00:00:00+00:00,2.0293308415714955,27.8,17.39,0.0
2022-01-31 01:00:00+00:00,2.307321367814166,42.1,17.17,0.0
2022-01-31 02:00:00+00:00,3.1829915254785788,54.4,20.47,8.405535843187353e-06
2022-01-31 03:00:00+00:00,3.26638868335138,74.0,25.12,2.593103107544525e-05
2022-01-31 04:00:00+00:00,2.849402893987374,87.8,29.08,0.0
2022-01-31 05:00:00+00:00,2.3212208941263,95.5,31.33,0.0
2022-01-31 06:00:00+00:00,2.0571298941957625,97.0,32.86,0.0
2022-01-31 07:00:00+00:00,1.7930388942652258,93.5,33.92,0.0
2022-01-31 08:00:00+00:00,1.5289478943346886,83.2,34.49,0.0
2022-01-31 09:00:00+00:00,1.3621535785890861,64.7,34.52,0.0
2022-01-31 10:00:00+00:00,1.459450262774021,47.7,33.96,0.0
2022-01-31 11:00:00+00:00,1.515048368022555,39.1,32.64,0.0
2022-01-31 12:00:00+00:00,1.0980625786585492,35.7,28.65,0.0
2022-01-31 13:00:00+00:00,1.0563639997221486,31.6,26.01,0.0
2022-01-31 14:00:00+00:00,0.9729668418493472,21.0,24.22,0.0
2022-01-31 15:00:00+00:00,0.9868663681614808,13.1,22.84,0.0
2022-01-31 16:00:00+00:00,0.9868663681614808,3.2,21.87,0.0
2022-01-31 17:00:00+00:00,0.9451677892250803,343.7,21.36,0.0
2022-01-31 18:00:00+00:00,1.0146654207857477,323.9,20.83,0.0
2022-01-31 19:00:00+00:00,1.1675602102192166,318.9,20.32,0.0
2022-01-31 20:00:00+00:00,1.334354525964819,327.3,19.66,0.0
2022-01-31 21:00:00+00:00,1.570646473271089,346.7,19.0,0.0
2022-01-31 22:00:00+00:00,1.904235104762294,11.0,18.17,0.0
2022-01-31 23:00:00+00:00,2.3907185256869674,29.2,17.31,0.0
2022-02-01 00:00:00+00:00,2.905000999235908,39.6,16.36,0.0
2022-02-01 01:00:00+00:00,3.1134938939179113,47.0,16.16,2.0053489814363437e-06
2022-02-01 02:00:00+00:00,4.392250314634197,54.0,19.86,0.0037018979789288364
2022-02-01 03:00:00+00:00,4.823135630310336,76.7,24.21,0.008312456927350872
2022-02-01 04:00:00+00:00,5.573710051165546,87.7,28.21,0.023385751338868273
2022-02-01 05:00:00+00:00,5.15672426180154,86.0,30.78,0.013761201160245875
2022-02-01 06:00:00+00:00,4.517346051443398,80.1,32.52,0.004792105694336564
2022-02-01 07:00:00+00:00,4.058661683142991,72.4,33.75,0.0016275864126391443
2022-02-01 08:00:00+00:00,3.752872104276054,65.0,34.44,0.0005853775855548267
2022-02-01 09:00:00+00:00,3.669474946403253,59.3,34.52,0.00041160008819737294
2022-02-01 10:00:00+00:00,3.7667716305881873,56.1,33.99,0.000618401565641259
2022-02-01 11:00:00+00:00,3.669474946403253,55.9,32.65,0.00041160008819737294
2022-02-01 12:00:00+00:00,3.057895788669377,58.4,28.2,2.6620327539076553e-07
2022-02-01 13:00:00+00:00,3.5582787359061845,62.3,26.0,0.00023868533204526545
2022-02-01 14:00:00+00:00,3.627776367466852,66.1,24.84,0.0003393808709624709
2022-02-01 15:00:00+00:00,3.433182999096983,71.1,23.84,0.00011150303355417385
2022-02-01 16:00:00+00:00,3.002297683420843,79.6,22.91,1.6639606180337144e-11
2022-02-01 17:00:00+00:00,2.3907185256869674,92.0,22.23,0.0
2022-02-01 18:00:00+00:00,1.8347374732016264,111.3,21.43,0.0
2022-02-01 19:00:00+00:00,1.487249315398288,137.7,20.65,0.0
2022-02-01 20:00:00+00:00,1.2926559470284185,161.8,19.94,0.0
2022-02-01 21:00:00+00:00,1.0285649470978813,180.8,19.26,0.0
2022-02-01 22:00:00+00:00,0.6810767892945431,189.5,18.68,0.0
2022-02-01 23:00:00+00:00,0.29189005255480416,154.6,18.26,0.0
2022-02-02 00:00:00+00:00,0.5003829472368071,86.8,17.75,0.0
2022-02-02 01:00:00+00:00,0.8478711050401454,83.5,17.53,0.0
2022-02-02 02:00:00+00:00,1.3899526312133532,89.4,20.33,0.0
2022-02-02 03:00:00+00:00,2.140527052068564,121.7,25.04,0.0
2022-02-02 04:00:00+00:00,3.0717953149815105,136.3,29.67,5.076457881257117e-07
2022-02-02 05:00:00+00:00,2.7799052624267064,130.5,32.09,0.0
2022-02-02 06:00:00+00:00,2.3629194730627003,119.6,33.74,0.0
2022-02-02 07:00:00+00:00,2.08492894682003,109.0,34.9,0.0
2022-02-02 08:00:00+00:00,1.8903355784501605,105.8,35.49,0.0
2022-02-02 09:00:00+00:00,1.6818426837681573,107.4,35.54,0.0
2022-02-02 10:00:00+00:00,1.3760531049012197,113.7,34.93,0.0
2022-02-02 11:00:00+00:00,1.0285649470978813,136.1,33.56,0.0
2022-02-02 12:00:00+00:00,1.0841630523464156,180.7,29.57,0.0
2022-02-02 13:00:00+00:00,1.932034157386561,210.8,27.49,0.0
2022-02-02 14:00:00+00:00,3.7667716305881873,234.9,26.18,0.000618401565641259
2022-02-02 15:00:00+00:00,5.15672426180154,246.8,23.52,0.013761201160245875
2022-02-02 16:00:00+00:00,5.379116682795677,251.0,21.61,0.01847224579475195
2022-02-02 17:00:00+00:00,5.754403893223282,255.3,20.64,0.028665224164179125
2022-02-02 18:00:00+00:00,5.657107209038348,262.4,19.61,0.025733550149738323
2022-02-02 19:00:00+00:00,4.684140367189,269.7,18.71,0.006552504508844232
2022-02-02 20:00:00+00:00,4.0169631042065905,274.8,17.98,0.0014427399649018734
2022-02-02 21:00:00+00:00,3.516580156969783,279.3,17.3,0.00018909743216298478
2022-02-02 22:00:00+00:00,3.169091999166445,284.7,16.66,6.6319561817934365e-06
2022-02-02 23:00:00+00:00,3.03009673604511,290.9,16.05,3.739647521900956e-08
2022-02-03 00:00:00+00:00,2.960599104484442,298.4,15.49,0.0
2022-02-03 01:00:00+00:00,3.0161972097329763,304.5,15.75,5.82898703062398e-09
2022-02-03 02:00:00+00:00,3.26638868335138,310.9,18.61,2.593103107544525e-05
2022-02-03 03:00:00+00:00,2.613110946681104,320.0,23.61,0.0
2022-02-03 04:00:00+00:00,3.002297683420843,317.4,28.93,1.6639606180337144e-11
2022-02-03 05:00:00+00:00,2.7660057361145727,301.2,31.55,0.0
2022-02-03 06:00:00+00:00,3.002297683420843,282.3,33.36,1.6639606180337144e-11
2022-02-03 07:00:00+00:00,3.711173525339653,268.3,34.58,0.0004934000786581087
2022-02-03 08:00:00+00:00,4.739738472437534,260.0,35.21,0.007223112420395537
2022-02-03 09:00:00+00:00,5.9767963142174185,254.6,35.1,0.036184271179773554
2022-02-03 10:00:00+00:00,7.366748945430772,250.3,34.14,0.1142213118489491
2022-02-03 11:00:00+00:00,8.715002997707725,247.0,32.2,0.2560482779171104
2022-02-03 12:00:00+00:00,8.548208681962123,244.5,28.51,0.23427763676203708
2022-02-03 13:00:00+00:00,9.99375941842401,244.4,25.62,0.4692502772391187
2022-02-03 14:00:00+00:00,9.229285471256665,247.6,23.29,0.331579118990196
2022-02-03 15:00:00+00:00,7.7420361558583775,253.5,21.76,0.14627397197485198
2022-02-03 16:00:00+00:00,6.7551697876968975,258.4,20.72,0.07263755313040274
2022-02-03 17:00:00+00:00,6.33818399833289,261.3,19.76,0.05102738172015916
2022-02-03 18:00:00+00:00,5.990695840529551,264.8,18.84,0.03669350616640907
2022-02-03 19:00:00+00:00,5.754403893223282,268.9,18.13,0.028665224164179125
2022-02-03 20:00:00+00:00,5.406915735419944,272.2,17.63,0.01912736432931732
2022-02-03 21:00:00+00:00,5.615408630101947,273.8,17.31,0.024540936349453625
2022-02-03 22:00:00+00:00,5.434714788044212,273.1,17.02,0.01979779178550429
2022-02-03 23:00:00+00:00,4.878733735558869,271.5,16.63,0.009096371174441733
2022-02-04 00:00:00+00:00,4.3366522093856625,270.4,16.24,0.0032758781055688304
2022-02-04 01:00:00+00:00,4.461747946194864,269.5,16.3,0.004284399388135919
2022-02-04 02:00:00+00:00,4.878733735558869,269.8,18.15,0.009096371174441733
2022-02-04 03:00:00+00:00,5.142824735489407,273.1,21.86,0.01349685010219363
2022-02-04 04:00:00+00:00,5.379116682795677,274.4,25.59,0.01847224579475195
2022-02-04 05:00:00+00:00,5.101126156553006,278.6,28.06,0.01272415232162491
2022-02-04 06:00:00+00:00,5.0594275776166056,284.3,30.03,0.011981523497830396
2022-02-04 07:00:00+00:00,5.15672426180154,288.2,31.49,0.013761201160245875
2022-02-04 08:00:00+00:00,5.267920472298608,288.8,32.31,0.016001324616646363
2022-02-04 09:00:00+00:00,5.267920472298608,285.5,32.51,0.016001324616646363
2022-02-04 10:00:00+00:00,5.240121419674342,279.6,31.98,0.015420098498143919
2022-02-04 11:00:00+00:00,5.15672426180154,272.6,30.64,0.013761201160245875
2022-02-04 12:00:00+00:00,3.8362692621488548,261.9,26.24,0.0008022521214967887
2022-02-04 13:00:00+00:00,4.989929946055938,252.5,23.46,0.010809007911421285
2022-02-04 14:00:00+00:00,5.86560010372035,250.1,21.98,0.03227893700900672
2022-02-04 15:00:00+00:00,5.740504366911149,251.8,20.53,0.028233451092246224
2022-02-04 16:00:00+00:00,6.004595366841686,255.1,19.47,0.03720749665066583
2022-02-04 17:00:00+00:00,5.434714788044212,259.7,18.43,0.01979779178550429
2022-02-04 18:00:00+00:00,4.350551735697795,265.1,17.54,0.0033791397091431905
2022-02-04 19:00:00+00:00,3.516580156969783,270.5,16.73,0.00018909743216298478
2022-02-04 20:00:00+00:00,3.1273934202300446,275.6,16.04,2.83604726549443e-06
2022-02-04 21:00:00+00:00,2.960599104484442,283.6,15.5,0.0
2022-02-04 22:00:00+00:00,2.932800051860175,293.8,15.02,0.0
2022-02-04 23:00:00+00:00,2.905000999235908,304.1,14.6,0.0
2022-02-05 00:00:00+00:00,2.877201946611641,317.7,14.19,0.0
2022-02-05 01:00:00+00:00,3.03009673604511,333.9,14.72,3.739647521900956e-08
2022-02-05 02:00:00+00:00,3.7667716305881873,349.8,17.95,0.000618401565641259
2022-02-05 03:00:00+00:00,2.2100246836292317,31.4,23.56,0.0
2022-02-05 04:00:00+00:00,2.404618051999101,102.0,27.69,0.0
2022-02-05 05:00:00+00:00,2.8633024202995077,122.5,30.02,0.0
2022-02-05 06:00:00+00:00,2.8077043150509735,134.0,31.73,0.0
2022-02-05 07:00:00+00:00,2.5158142624961695,146.8,32.97,0.0
2022-02-05 08:00:00+00:00,2.140527052068564,161.1,33.67,0.0
2022-02-05 09:00:00+00:00,1.876436052138027,176.6,33.77,0.0
2022-02-05 10:00:00+00:00,1.598445525895356,191.5,33.24,0.0
2022-02-05 11:00:00+00:00,1.3621535785890861,206.6,32.03,0.0
2022-02-05 12:00:00+00:00,1.070263526034282,218.7,28.86,0.0
2022-02-05 13:00:00+00:00,1.3482540522769526,231.7,26.65,0.0
2022-02-05 14:00:00+00:00,1.4038521575254868,249.0,25.36,0.0
2022-02-05 15:00:00+00:00,1.5845459995832225,268.0,23.98,0.0
2022-02-05 16:00:00+00:00,1.570646473271089,287.5,22.49,0.0
2022-02-05 17:00:00+00:00,1.3204549996526855,314.1,20.97,0.0
2022-02-05 18:00:00+00:00,1.1953592628434837,340.9,19.87,0.0
2022-02-05 19:00:00+00:00,1.1397611575949496,14.0,19.06,0.0
2022-02-05 20:00:00+00:00,1.3621535785890861,54.5,18.09,0.0
2022-02-05 21:00:00+00:00,1.8208379468894929,79.0,17.23,0.0
2022-02-05 22:00:00+00:00,2.265622788877766,85.8,16.4,0.0
2022-02-05 23:00:00+00:00,2.7799052624267064,89.1,15.71,0.0
2022-02-06 00:00:00+00:00,3.141292946542178,95.6,15.27,3.869313493322774e-06
2022-02-06 01:00:00+00:00,3.474881578033383,104.1,15.91,0.00014690224706933659
2022-02-06 02:00:00+00:00,5.657107209038348,113.7,19.66,0.025733550149738323
2022-02-06 03:00:00+00:00,7.39454799805504,122.9,23.45,0.11641665284783591
2022-02-06 04:00:00+00:00,7.825433313731178,126.5,26.67,0.15412795855468794
2022-02-06 05:00:00+00:00,7.39454799805504,130.1,29.36,0.11641665284783591
2022-02-06 06:00:00+00:00,6.560576419327027,136.2,31.39,0.06192035044261896
2022-02-06 07:00:00+00:00,5.601509103789814,142.8,32.78,0.024151745393648
2022-02-06 08:00:00+00:00,4.656341314564734,147.5,33.56,0.006233356642585244
2022-02-06 09:00:00+00:00,3.8223697358367215,149.0,33.68,0.0007629109176013152
2022-02-06 10:00:00+00:00,3.0439962623572434,147.5,33.16,1.168207045471248e-07
2022-02-06 11:00:00+00:00,2.4185175783112345,143.7,31.94,0.0
2022-02-06 12:00:00+00:00,1.459450262774021,148.6,28.48,0.0
2022-02-06 13:00:00+00:00,1.334354525964819,159.9,26.35,0.0
2022-02-06 14:00:00+00:00,1.459450262774021,199.5,25.76,0.0
2022-02-06 15:00:00+00:00,1.904235104762294,227.1,24.73,0.0
2022-02-06 16:00:00+00:00,2.279522315189899,241.3,23.83,0.0
2022-02-06 17:00:00+00:00,3.2802882096635133,255.0,22.93,3.0205564761644622e-05
2022-02-06 18:00:00+00:00,3.669474946403253,264.6,21.84,0.00041160008819737294
2022-02-06 19:00:00+00:00,3.516580156969783,272.5,21.09,0.00018909743216298478
2022-02-06 20:00:00+00:00,3.224690104414979,277.7,20.08,1.5560527300512682e-05
2022-02-06 21:00:00+00:00,3.0995943676057776,284.8,19.08,1.3551170407727066e-06
2022-02-06 22:00:00+00:00,2.946699578172309,295.7,18.4,0.0
2022-02-06 23:00:00+00:00,2.7799052624267064,308.3,17.87,0.0
2022-02-07 00:00:00+00:00,2.668709051929638,321.3,17.41,0.0
2022-02-07 01:00:00+00:00,2.932800051860175,334.2,17.57,0.0
2022-02-07 02:00:00+00:00,2.8633024202995077,345.1,20.24,0.0
2022-02-07 03:00:00+00:00,1.6957422100802908,0.5,24.81,0.0
2022-02-07 04:00:00+00:00,0.6810767892945431,358.8,28.36,0.0
2022-02-07 05:00:00+00:00,0.3474881578033383,310.1,30.76,0.0
2022-02-07 06:00:00+00:00,0.44478484198827306,273.6,32.5,0.0
2022-02-07 07:00:00+00:00,0.6393782103581425,257.5,33.77,0.0
2022-02-07 08:00:00+00:00,0.9451677892250803,253.7,34.49,0.0
2022-02-07 09:00:00+00:00,1.1119621049706827,244.7,34.62,0.0
2022-02-07 10:00:00+00:00,1.1814597365313502,231.2,34.11,0.0
2022-02-07 11:00:00+00:00,1.3482540522769526,219.6,32.94,0.0
2022-02-07 12:00:00+00:00,1.487249315398288,212.8,29.99,0.0
2022-02-07 13:00:00+00:00,2.3907185256869674,218.1,27.78,0.0
2022-02-07 14:00:00+00:00,3.947465472645923,233.0,26.8,0.001166709271357827
2022-02-07 15:00:00+00:00,4.837035156622469,244.5,25.29,0.008504031790338215
2022-02-07 16:00:00+00:00,5.184523314425808,252.2,24.01,0.014300213582746675
2022-02-07 17:00:00+00:00,6.185289208899422,256.1,22.99,0.04433217945770191
2022-02-07 18:00:00+00:00,5.726604840599015,262.9,21.78,0.027806035689127713
2022-02-07 19:00:00+00:00,4.795336577686069,269.5,20.69,0.00793798198934463
2022-02-07 20:00:00+00:00,4.0169631042065905,275.2,19.84,0.0014427399649018734
2022-02-07 21:00:00+00:00,3.4192834727848487,280.5,19.16,0.00010111037082036194
2022-02-07 22:00:00+00:00,3.0995943676057776,285.3,18.65,1.3551170407727066e-06
2022-02-07 23:00:00+00:00,2.4741156835597686,288.6,18.2,0.0
2022-02-08 00:00:00+00:00,1.6123450522074896,283.4,17.76,0.0
2022-02-08 01:00:00+00:00,1.6679431574560237,272.4,17.93,0.0
2022-02-08 02:00:00+00:00,1.306555473340552,238.0,20.19,0.0
2022-02-08 03:00:00+00:00,2.1961251573170983,193.9,24.68,0.0
2022-02-08 04:00:00+00:00,3.057895788669377,198.5,28.56,2.6620327539076553e-07
2022-02-08 05:00:00+00:00,3.0717953149815105,209.6,30.85,5.076457881257117e-07
2022-02-08 06:00:00+00:00,3.0161972097329763,221.6,32.52,5.82898703062398e-09
2022-02-08 07:00:00+00:00,3.210790578102846,232.7,33.66,1.2847719802171193e-05
2022-02-08 08:00:00+00:00,3.6416758937789857,240.5,34.24,0.00036242624901630525
2022-02-08 09:00:00+00:00,4.058661683142991,241.8,34.23,0.0016275864126391443
2022-02-08 10:00:00+00:00,4.3366522093856625,240.9,33.63,0.0032758781055688304
2022-02-08 11:00:00+00:00,4.823135630310336,239.4,32.26,0.008312456927350872
2022-02-08 12:00:00+00:00,4.628542261940466,236.4,29.52,0.0059247437522666705
2022-02-08 13:00:00+00:00,6.226987787835823,237.9,27.46,0.04609612698116098
2022-02-08 14:00:00+00:00,8.131222892598116,243.0,26.12,0.18532547084183992
2022-02-08 15:00:00+00:00,8.742802050331992,251.2,24.33,0.25980291045973297
2022-02-08 16:00:00+00:00,8.117323366285982,262.7,22.71,0.18382351026751492
2022-02-08 17:00:00+00:00,7.074858892875968,275.4,21.53,0.09281329575096342
2022-02-08 18:00:00+00:00,6.087992524714487,284.1,20.76,0.04039254269587205
2022-02-08 19:00:00+00:00,5.11502568286514,291.3,20.13,0.012978347784483516
2022-02-08 20:00:00+00:00,4.308853156761395,298.3,19.47,0.0030757090183491102
2022-02-08 21:00:00+00:00,3.4192834727848487,305.6,18.74,0.00010111037082036194
2022-02-08 22:00:00+00:00,2.7521062098024394,313.4,18.08,0.0
2022-02-08 23:00:00+00:00,2.140527052068564,323.7,17.5,0.0
2022-02-09 00:00:00+00:00,1.7791393679530922,338.9,17.01,0.0
2022-02-09 01:00:00+00:00,2.0571298941957625,1.5,17.23,0.0
2022-02-09 02:00:00+00:00,2.2378237362534987,38.9,20.11,0.0
2022-02-09 03:00:00+00:00,2.8911014729237747,81.4,24.64,0.0
2022-02-09 04:00:00+00:00,3.321986788599914,97.9,27.88,4.579168550916993e-05
2022-02-09 05:00:00+00:00,3.516580156969783,105.9,30.16,0.00018909743216298478
2022-02-09 06:00:00+00:00,3.488781104345516,111.0,31.8,0.0001601827320135531
2022-02-09 07:00:00+00:00,3.2524891570392462,114.7,32.88,2.2080081336773903e-05
2022-02-09 08:00:00+00:00,2.946699578172309,116.6,33.47,0.0
2022-02-09 09:00:00+00:00,2.5436133151204365,115.9,33.57,0.0
2022-02-09 10:00:00+00:00,2.307321367814166,112.7,32.72,0.0
2022-02-09 11:00:00+00:00,2.404618051999101,110.3,31.66,0.0
2022-02-09 12:00:00+00:00,1.84863699951376,114.8,29.3,0.0
2022-02-09 13:00:00+00:00,1.8208379468894929,123.2,28.01,0.0
2022-02-09 14:00:00+00:00,1.7374407890166914,127.9,27.23,0.0
2022-02-09 15:00:00+00:00,1.6957422100802908,131.7,26.51,0.0
2022-02-09 16:00:00+00:00,1.2231583154677508,158.1,25.62,0.0
2022-02-09 17:00:00+00:00,0.9173687366008132,179.1,24.41,0.0
2022-02-09 18:00:00+00:00,0.7922729997916113,196.2,23.3,0.0
2022-02-09 19:00:00+00:00,0.7088758419188101,186.7,22.23,0.0
2022-02-09 20:00:00+00:00,0.9312682629129467,147.3,21.22,0.0
2022-02-09 21:00:00+00:00,1.0563639997221486,136.1,20.52,0.0
2022-02-09 22:00:00+00:00,1.1953592628434837,128.9,20.13,0.0
2022-02-09 23:00:00+00:00,1.515048368022555,124.6,19.66,0.0
2022-02-10 00:00:00+00:00,2.0710294205078963,127.6,19.39,0.0
2022-02-10 01:00:00+00:00,2.9883981571087093,133.5,19.52,0.0
2022-02-10 02:00:00+00:00,4.4061498409463296,140.1,21.98,0.0038138822272128117
2022-02-10 03:00:00+00:00,4.809236103998202,146.1,25.19,0.008123781027553128
2022-02-10 04:00:00+00:00,4.559044630379798,145.8,28.11,0.005198141712189899
2022-02-10 05:00:00+00:00,3.97526452527019,141.2,30.42,0.00127244715047499
2022-02-10 06:00:00+00:00,3.3497858412241817,134.2,32.0,5.8705548418717294e-05
2022-02-10 07:00:00+00:00,2.7799052624267064,125.0,32.85,0.0
2022-02-10 08:00:00+00:00,2.376818999374834,113.1,33.22,0.0
2022-02-10 09:00:00+00:00,2.3351204204384333,96.2,33.33,0.0
2022-02-10 10:00:00+00:00,2.7382066834903056,82.7,32.3,0.0
2022-02-10 11:00:00+00:00,3.3358863149120475,74.5,31.3,5.198157098923984e-05
2022-02-10 12:00:00+00:00,2.849402893987374,70.3,29.41,0.0
2022-02-10 13:00:00+00:00,3.7667716305881873,68.6,28.07,0.000618401565641259
2022-02-10 14:00:00+00:00,4.559044630379798,68.2,27.39,0.005198141712189899
2022-02-10 15:00:00+00:00,4.809236103998202,69.4,26.65,0.008123781027553128
2022-02-10 16:00:00+00:00,4.850934682934603,71.5,25.91,0.008698527718115565
2022-02-10 17:00:00+00:00,4.976030419743805,74.1,25.11,0.010584085747723354
2022-02-10 18:00:00+00:00,5.254020945986475,79.6,24.18,0.015708919500994498
2022-02-10 19:00:00+00:00,5.684906261662614,86.9,23.13,0.026549714476654915
2022-02-10 20:00:00+00:00,6.115791577338754,92.2,22.17,0.04149327063112731
2022-02-10 21:00:00+00:00,6.407681629893559,94.7,21.23,0.05428120885301468
2022-02-10 22:00:00+00:00,5.893399156344618,95.0,20.01,0.03322748902038412
2022-02-10 23:00:00+00:00,5.671006735350481,94.1,19.02,0.026139508732790348
2022-02-11 00:00:00+00:00,5.740504366911149,93.3,18.27,0.028233451092246224
2022-02-11 01:00:00+00:00,6.560576419327027,92.9,18.1,0.06192035044261896
2022-02-11 02:00:00+00:00,7.6725385242977096,92.1,20.53,0.13993654398621
2022-02-11 03:00:00+00:00,8.881797313453326,89.9,24.34,0.2791275062986404
2022-02-11 04:00:00+00:00,9.576773629060003,87.3,27.74,0.3902214632497155
2022-02-11 05:00:00+00:00,9.04859162919893,85.6,30.24,0.3035535134720765
2022-02-11 06:00:00+00:00,7.992227629476781,85.0,31.96,0.17066937981808628
2022-02-11 07:00:00+00:00,6.977562208691032,85.1,33.1,0.0863223815836885
2022-02-11 08:00:00+00:00,6.157490156275155,85.1,33.68,0.04318157587819536
2022-02-11 09:00:00+00:00,5.796102472159683,85.2,33.73,0.029986910408868205
2022-02-11 10:00:00+00:00,5.7822029458475495,84.6,33.09,0.029541931720889748
2022-02-11 11:00:00+00:00,5.823901524783951,83.1,31.77,0.030890228112073235
2022-02-11 12:00:00+00:00,4.030862630518724,81.9,28.14,0.001502708908312643
2022-02-11 13:00:00+00:00,4.4061498409463296,81.7,25.63,0.0038138822272128117
2022-02-11 14:00:00+00:00,4.809236103998202,83.2,24.91,0.008123781027553128
2022-02-11 15:00:00+00:00,5.031628524992339,86.0,24.35,0.011502847903281375
2022-02-11 16:00:00+00:00,5.045528051304472,90.5,23.61,0.01174055940615806
2022-02-11 17:00:00+00:00,5.184523314425808,96.5,22.84,0.014300213582746675
2022-02-11 18:00:00+00:00,5.476413366980611,103.2,22.0,0.020832523975831782
2022-02-11 19:00:00+00:00,5.990695840529551,108.8,21.27,0.03669350616640907
2022-02-11 20:00:00+00:00,6.032394419465953,110.9,20.39,0.03824983251844433
2022-02-11 21:00:00+00:00,5.837801051096084,110.0,19.55,0.031348611330500535
2022-02-11 22:00:00+00:00,5.754403893223282,107.9,18.85,0.028665224164179125
2022-02-11 23:00:00+00:00,5.810001998471816,106.3,18.27,0.03043633517206254
2022-02-12 00:00:00+00:00,5.9767963142174185,105.0,17.8,0.036184271179773554
2022-02-12 01:00:00+00:00,6.796868366633297,103.8,17.88,0.07508429274773128
2022-02-12 02:00:00+00:00,7.978328103164648,102.1,20.52,0.16924779509653126
2022-02-12 03:00:00+00:00,8.840098734516927,99.6,24.3,0.27323293054954223
2022-02-12 04:00:00+00:00,8.576007734586389,97.0,27.44,0.23781682362562842
2022-02-12 05:00:00+00:00,7.436246576991439,94.4,29.77,0.11976212779461047
2022-02-12 06:00:00+00:00,6.33818399833289,91.5,31.38,0.05102738172015916
2022-02-12 07:00:00+00:00,5.657107209038348,88.5,32.48,0.025733550149738323
2022-02-12 08:00:00+00:00,5.254020945986475,84.5,33.06,0.015708919500994498
2022-02-12 09:00:00+00:00,5.184523314425808,80.4,33.07,0.014300213582746675
2022-02-12 10:00:00+00:00,5.420815261732077,76.5,32.45,0.019460653391407894
2022-02-12 11:00:00+00:00,5.754403893223282,73.9,31.18,0.028665224164179125
2022-02-12 12:00:00+00:00,4.044762156830858,73.4,27.74,0.0015643170236916096
2022-02-12 13:00:00+00:00,4.322752683073529,74.3,25.23,0.003174741909170927
2022-02-12 14:00:00+00:00,4.586843683004066,75.6,24.38,0.0054811907186705505
2022-02-12 15:00:00+00:00,4.6702408408768665,77.8,23.47,0.006391602652921991
2022-02-12 16:00:00+00:00,4.586843683004066,81.1,22.52,0.0054811907186705505
2022-02-12 17:00:00+00:00,4.4756474725069975,84.8,21.57,0.004407784228315372
2022-02-12 18:00:00+00:00,4.392250314634197,88.5,20.64,0.0037018979789288364
2022-02-12 19:00:00+00:00,4.378350788322063,92.2,19.76,0.0035921275442228223
2022-02-12 20:00:00+00:00,4.4061498409463296,94.9,18.91,0.0038138822272128117
2022-02-12 21:00:00+00:00,4.350551735697795,96.8,18.08,0.0033791397091431905
2022-02-12 22:00:00+00:00,4.225455998888594,98.5,17.3,0.002524443400895039
2022-02-12 23:00:00+00:00,4.142058841015793,99.5,16.67,0.002043327180885438
2022-02-13 00:00:00+00:00,4.114259788391525,100.9,16.15,0.0018977187361225354
2022-02-13 01:00:00+00:00,5.045528051304472,103.2,16.63,0.01174055940615806
2022-02-13 02:00:00+00:00,6.2964854193964905,105.0,19.71,0.04913895870481589
2022-02-13 03:00:00+00:00,6.9219641034425,104.3,24.01,0.08275291765647853
2022-02-13 04:00:00+00:00,6.643973577199828,102.3,27.62,0.06637402113507371
2022-02-13 05:00:00+00:00,5.9767963142174185,103.2,29.94,0.036184271179773554
2022-02-13 06:00:00+00:00,5.504212419604879,106.0,31.44,0.0215419972920859
2022-02-13 07:00:00+00:00,5.142824735489407,109.3,32.47,0.01349685010219363
2022-02-13 08:00:00+00:00,4.878733735558869,112.5,33.03,0.009096371174441733
2022-02-13 09:00:00+00:00,4.586843683004066,113.8,33.05,0.0054811907186705505
2022-02-13 10:00:00+00:00,4.267154577824994,110.0,32.46,0.002791009163336437
2022-02-13 11:00:00+00:00,4.142058841015793,103.2,31.2,0.002043327180885438
2022-02-13 12:00:00+00:00,3.1829915254785788,97.0,27.59,8.405535843187353e-06
2022-02-13 13:00:00+00:00,3.891867367397389,96.0,24.99,0.0009731354487117983
2022-02-13 14:00:00+00:00,4.267154577824994,98.8,24.05,0.002791009163336437
2022-02-13 15:00:00+00:00,4.503446525131265,103.2,23.18,0.0046616152798153255
2022-02-13 16:00:00+00:00,4.545145104067665,109.3,22.26,0.005060346808923484
2022-02-13 17:00:00+00:00,4.461747946194864,116.6,21.31,0.004284399388135919
2022-02-13 18:00:00+00:00,4.308853156761395,124.4,20.37,0.0030757090183491102
2022-02-13 19:00:00+00:00,4.100360262079392,131.4,19.46,0.001827583236896953
2022-02-13 20:00:00+00:00,3.8223697358367215,137.1,18.6,0.0007629109176013152
2022-02-13 21:00:00+00:00,3.405383946472716,140.8,17.84,9.138440963821283e-05
2022-02-13 22:00:00+00:00,3.002297683420843,142.0,17.22,1.6639606180337144e-11
2022-02-13 23:00:00+00:00,2.7660057361145727,139.9,16.65,0.0
2022-02-14 00:00:00+00:00,2.7799052624267064,135.6,16.07,0.0
2022-02-14 01:00:00+00:00,3.6138768411547186,130.8,16.32,0.0003173337184659358
2022-02-14 02:00:00+00:00,4.8648342092467365,127.1,19.3,0.008895966812283286
2022-02-14 03:00:00+00:00,5.86560010372035,120.8,23.74,0.03227893700900672
2022-02-14 04:00:00+00:00,6.199188735211555,115.6,27.62,0.04491506757669464
2022-02-14 05:00:00+00:00,5.615408630101947,111.9,30.1,0.024540936349453625
2022-02-14 06:00:00+00:00,4.8648342092467365,109.7,31.82,0.008895966812283286
2022-02-14 07:00:00+00:00,4.281054104137128,108.1,32.94,0.002883864747032247
2022-02-14 08:00:00+00:00,3.8223697358367215,106.5,33.51,0.0007629109176013152
2022-02-14 09:00:00+00:00,3.3914844201605816,102.3,33.54,8.230304840734889e-05
2022-02-14 10:00:00+00:00,3.057895788669377,94.2,32.94,2.6620327539076553e-07
2022-02-14 11:00:00+00:00,3.03009673604511,86.8,31.74,3.739647521900956e-08
2022-02-14 12:00:00+00:00,2.5297137888083028,89.4,28.4,0.0
2022-02-14 13:00:00+00:00,3.1134938939179113,97.4,26.02,2.0053489814363437e-06
2022-02-14 14:00:00+00:00,3.294187735975647,106.4,25.05,3.492578399574811e-05
2022-02-14 15:00:00+00:00,3.26638868335138,116.2,24.18,2.593103107544525e-05
2022-02-14 16:00:00+00:00,3.1134938939179113,128.1,23.17,2.0053489814363437e-06
2022-02-14 17:00:00+00:00,2.8633024202995077,141.9,22.04,0.0
2022-02-14 18:00:00+00:00,2.5992114203689707,155.1,21.04,0.0
2022-02-14 19:00:00+00:00,2.404618051999101,166.6,20.16,0.0
2022-02-14 20:00:00+00:00,2.1961251573170983,176.4,19.29,0.0
2022-02-14 21:00:00+00:00,2.0015317889472284,184.0,18.44,0.0
2022-02-14 22:00:00+00:00,1.8625365258258935,183.0,17.94,0.0
2022-02-14 23:00:00+00:00,1.876436052138027,173.2,17.57,0.0
2022-02-15 00:00:00+00:00,2.1822256310049646,159.1,17.14,0.0
2022-02-15 01:00:00+00:00,3.1551924728543117,150.4,17.33,5.127249265297204e-06
2022-02-15 02:00:00+00:00,4.823135630310336,147.2,20.38,0.008312456927350872
2022-02-15 03:00:00+00:00,5.101126156553006,149.9,24.49,0.01272415232162491
2022-02-15 04:00:00+00:00,4.433948893570597,155.9,28.01,0.00404458057091618
2022-02-15 05:00:00+00:00,3.4470825254091157,164.3,30.44,0.00012258449944002242
2022-02-15 06:00:00+00:00,2.640909999305371,179.7,32.05,0.0
2022-02-15 07:00:00+00:00,2.4324171046233682,197.3,33.13,0.0
2022-02-15 08:00:00+00:00,2.6270104729932373,210.5,33.72,0.0
2022-02-15 09:00:00+00:00,3.0161972097329763,216.6,33.71,5.82898703062398e-09
2022-02-15 10:00:00+00:00,3.4192834727848487,219.9,33.15,0.00010111037082036194
2022-02-15 11:00:00+00:00,3.891867367397389,223.8,31.92,0.0009731354487117983
2022-02-15 12:00:00+00:00,3.405383946472716,226.5,29.35,9.138440963821283e-05
2022-02-15 13:00:00+00:00,4.892633261871003,232.4,27.51,0.009299762906191316
2022-02-15 14:00:00+00:00,5.921198208968884,243.5,26.32,0.034194444177435696
2022-02-15 15:00:00+00:00,6.908064577130365,253.8,25.17,0.08187619769079278
2022-02-15 16:00:00+00:00,7.769835208482644,264.7,23.96,0.1488615705539858
2022-02-15 17:00:00+00:00,6.9219641034425,272.4,22.68,0.08275291765647853
2022-02-15 18:00:00+00:00,5.879499630032485,279.1,21.61,0.032750923672286346
2022-02-15 19:00:00+00:00,5.101126156553006,283.5,20.72,0.01272415232162491
2022-02-15 20:00:00+00:00,4.197656946264327,285.4,19.81,0.0023565127004686816
2022-02-15 21:00:00+00:00,3.210790578102846,287.7,18.79,1.2847719802171193e-05
2022-02-15 22:00:00+00:00,2.974498630796576,292.0,18.15,0.0
2022-02-15 23:00:00+00:00,2.640909999305371,299.7,17.43,0.0
2022-02-16 00:00:00+00:00,2.5297137888083028,309.2,16.88,0.0
2022-02-16 01:00:00+00:00,2.7938047887388398,320.9,17.34,0.0
2022-02-16 02:00:00+00:00,2.668709051929638,335.0,20.29,0.0
2022-02-16 03:00:00+00:00,1.0563639997221486,320.9,26.11,0.0
2022-02-16 04:00:00+00:00,1.0007658944736142,239.2,29.43,0.0
2022-02-16 05:00:00+00:00,1.5428474206468221,245.5,31.35,0.0
2022-02-16 06:00:00+00:00,2.1544265783806975,258.1,32.71,0.0
2022-02-16 07:00:00+00:00,2.7521062098024394,266.5,33.68,0.0
2022-02-16 08:00:00+00:00,3.3080872622877804,271.4,34.16,4.0113790378131155e-05
2022-02-16 09:00:00+00:00,3.8501687884609885,274.6,34.08,0.0008429230749551987
2022-02-16 10:00:00+00:00,4.197656946264327,276.1,33.52,0.0023565127004686816
2022-02-16 11:00:00+00:00,4.503446525131265,275.5,32.34,0.0046616152798153255
2022-02-16 12:00:00+00:00,3.5721782622183174,271.3,28.97,0.0002569605983163631
2022-02-16 13:00:00+00:00,4.503446525131265,265.4,26.23,0.0046616152798153255
2022-02-16 14:00:00+00:00,5.712705314286882,263.4,24.99,0.027382955853223256
2022-02-16 15:00:00+00:00,5.726604840599015,265.4,23.6,0.027806035689127713
2022-02-16 16:00:00+00:00,5.810001998471816,272.9,22.57,0.03043633517206254
2022-02-16 17:00:00+00:00,5.657107209038348,282.5,21.62,0.025733550149738323
2022-02-16 18:00:00+00:00,4.711939419813268,293.8,20.59,0.00688236416384667
2022-02-16 19:00:00+00:00,3.7945706832124544,305.3,19.67,0.0006881293520976709
2022-02-16 20:00:00+00:00,3.3497858412241817,315.8,18.91,5.8705548418717294e-05
2022-02-16 21:00:00+00:00,3.2524891570392462,327.9,18.28,2.2080081336773903e-05
2022-02-16 22:00:00+00:00,3.3636853675363145,340.4,17.76,6.598571939797699e-05
2022-02-16 23:00:00+00:00,3.433182999096983,350.9,17.27,0.00011150303355417385
2022-02-17 00:00:00+00:00,3.5304796832819174,0.5,16.8,0.00020477585056895208
2022-02-17 01:00:00+00:00,4.753637998749668,9.4,17.35,0.007397625028250831
2022-02-17 02:00:00+00:00,5.657107209038348,17.6,20.5,0.025733550149738323
2022-02-17 03:00:00+00:00,5.851700577408217,29.9,25.74,0.031811506928944924
2022-02-17 04:00:00+00:00,4.878733735558869,35.1,28.95,0.009096371174441733
2022-02-17 05:00:00+00:00,3.669474946403253,33.1,31.19,0.00041160008819737294
2022-02-17 06:00:00+00:00,2.4880152098719024,22.3,32.66,0.0
2022-02-17 07:00:00+00:00,1.7374407890166914,0.0,33.64,0.0
2022-02-17 08:00:00+00:00,1.5011488417104215,332.5,34.14,0.0
2022-02-17 09:00:00+00:00,1.5289478943346886,313.9,34.2,0.0
2022-02-17 10:00:00+00:00,1.4316512101497538,305.1,33.51,0.0
2022-02-17 11:00:00+00:00,1.070263526034282,292.9,32.47,0.0
2022-02-17 12:00:00+00:00,0.5003829472368071,249.1,30.31,0.0
2022-02-17 13:00:00+00:00,1.153660683907083,198.9,28.62,0.0
2022-02-17 14:00:00+00:00,2.3351204204384333,201.4,27.45,0.0
2022-02-17 15:00:00+00:00,3.627776367466852,218.1,26.22,0.0003393808709624709
2022-02-17 16:00:00+00:00,4.21155647257646,228.7,24.84,0.0024395148042953133
2022-02-17 17:00:00+00:00,4.4756474725069975,234.9,23.64,0.004407784228315372
2022-02-17 18:00:00+00:00,4.572944156691932,237.9,22.68,0.005338415648238799
2022-02-17 19:00:00+00:00,4.21155647257646,239.9,21.85,0.0024395148042953133
2022-02-17 20:00:00+00:00,2.960599104484442,238.3,20.96,0.0
2022-02-17 21:00:00+00:00,2.1544265783806975,235.8,20.1,0.0
2022-02-17 22:00:00+00:00,1.7652398416409587,229.2,19.58,0.0
2022-02-17 23:00:00+00:00,1.3760531049012197,205.0,19.22,0.0
2022-02-18 00:00:00+00:00,1.3621535785890861,167.1,19.06,0.0
2022-02-18 01:00:00+00:00,2.2378237362534987,143.1,19.7,0.0
2022-02-18 02:00:00+00:00,4.239355525200727,140.7,22.7,0.0026113205918682114
2022-02-18 03:00:00+00:00,5.5876095774776795,145.2,26.29,0.02376669109065298
2022-02-18 04:00:00+00:00,5.962896787905286,144.7,29.0,0.03567976958915885
2022-02-18 05:00:00+00:00,5.823901524783951,144.4,31.03,0.030890228112073235
2022-02-18 06:00:00+00:00,5.462513840668478,145.5,32.36,0.020483704976115853
2022-02-18 07:00:00+00:00,4.906532788183137,147.8,33.22,0.009506164109132393
2022-02-18 08:00:00+00:00,4.21155647257646,149.7,33.23,0.0024395148042953133
2022-02-18 09:00:00+00:00,3.669474946403253,146.9,33.37,0.00041160008819737294
2022-02-18 10:00:00+00:00,3.1829915254785788,136.8,32.39,8.405535843187353e-06
2022-02-18 11:00:00+00:00,2.877201946611641,123.4,31.36,0.0
2022-02-18 12:00:00+00:00,2.0293308415714955,114.3,29.57,0.0
2022-02-18 13:00:00+00:00,2.307321367814166,111.9,28.24,0.0
2022-02-18 14:00:00+00:00,2.6826085782417715,113.5,27.68,0.0
2022-02-18 15:00:00+00:00,3.0995943676057776,118.1,26.98,1.3551170407727066e-06
2022-02-18 16:00:00+00:00,3.725073051651787,123.5,26.13,0.0005228989436636271
2022-02-18 17:00:00+00:00,4.531245577755532,127.2,25.21,0.004925008836839162
2022-02-18 18:00:00+00:00,5.267920472298608,129.1,24.22,0.016001324616646363
2022-02-18 19:00:00+00:00,5.295719524922876,129.7,23.03,0.01659697559275541
2022-02-18 20:00:00+00:00,4.767537525061802,130.3,21.65,0.007574926091293861
2022-02-18 21:00:00+00:00,4.308853156761395,129.5,20.67,0.0030757090183491102
2022-02-18 22:00:00+00:00,3.989164051582324,131.2,19.93,0.0013276311875834244
2022-02-18 23:00:00+00:00,3.9335659463337898,133.9,19.34,0.0011161112261483472
2022-02-19 00:00:00+00:00,4.030862630518724,136.4,18.88,0.001502708908312643
2022-02-19 01:00:00+00:00,5.281819998610742,139.1,19.3,0.016297335946699874
2022-02-19 02:00:00+00:00,7.644739471673443,144.4,22.29,0.1374537360408224
2022-02-19 03:00:00+00:00,9.576773629060003,145.2,26.21,0.3902214632497155
2022-02-19 04:00:00+00:00,9.257084523880932,141.7,29.26,0.3360381125779787
2022-02-19 05:00:00+00:00,8.047825734725315,140.0,31.54,0.1764353210010631
2022-02-19 06:00:00+00:00,6.53277736670276,139.4,33.2,0.06048132260143082
2022-02-19 07:00:00+00:00,4.948231367119537,137.8,34.28,0.010143645561108344
2022-02-19 08:00:00+00:00,3.488781104345516,134.2,34.82,0.0001601827320135531
2022-02-19 09:00:00+00:00,2.640909999305371,124.3,34.82,0.0
2022-02-19 10:00:00+00:00,2.5436133151204365,108.8,34.28,0.0
2022-02-19 11:00:00+00:00,2.7660057361145727,98.7,33.12,0.0
2022-02-19 12:00:00+00:00,2.265622788877766,96.0,29.96,0.0
2022-02-19 13:00:00+00:00,2.5992114203689707,96.1,27.61,0.0
2022-02-19 14:00:00+00:00,2.6548095256175044,99.0,26.73,0.0
2022-02-19 15:00:00+00:00,2.5436133151204365,104.9,25.76,0.0
2022-02-19 16:00:00+00:00,2.265622788877766,113.9,24.56,0.0
2022-02-19 17:00:00+00:00,2.08492894682003,126.9,23.51,0.0
2022-02-19 18:00:00+00:00,2.0293308415714955,141.1,22.53,0.0
2022-02-19 19:00:00+00:00,1.987632262635095,155.2,21.63,0.0
2022-02-19 20:00:00+00:00,1.932034157386561,168.8,20.77,0.0
2022-02-19 21:00:00+00:00,1.876436052138027,182.1,19.98,0.0
2022-02-19 22:00:00+00:00,1.8625365258258935,192.9,19.35,0.0
2022-02-19 23:00:00+00:00,1.876436052138027,195.9,18.86,0.0
2022-02-20 00:00:00+00:00,1.987632262635095,191.7,18.52,0.0
2022-02-20 01:00:00+00:00,2.55751284143257,186.9,18.91,0.0
2022-02-20 02:00:00+00:00,3.725073051651787,184.7,21.79,0.0005228989436636271
2022-02-20 03:00:00+00:00,4.392250314634197,180.7,26.51,0.0037018979789288364
2022-02-20 04:00:00+00:00,4.044762156830858,180.0,30.21,0.0015643170236916096
2022-02-20 05:00:00+00:00,3.3358863149120475,184.8,32.63,5.198157098923984e-05
2022-02-20 06:00:00+00:00,2.932800051860175,196.8,34.31,0.0
2022-02-20 07:00:00+00:00,2.918900525548042,211.2,35.45,0.0
2022-02-20 08:00:00+00:00,3.210790578102846,222.5,36.12,1.2847719802171193e-05
2022-02-20 09:00:00+00:00,3.433182999096983,232.4,36.15,0.00011150303355417385
2022-02-20 10:00:00+00:00,3.627776367466852,240.7,35.6,0.0003393808709624709
2022-02-20 11:00:00+00:00,3.97526452527019,244.3,34.4,0.00127244715047499
2022-02-20 12:00:00+00:00,3.864068314773122,240.0,31.54,0.000884945879576919
2022-02-20 13:00:00+00:00,5.712705314286882,237.8,29.22,0.027382955853223256
2022-02-20 14:00:00+00:00,7.088758419188101,242.9,27.84,0.09376631008043017
2022-02-20 15:00:00+00:00,9.076390681823197,248.7,26.56,0.30775813315548584
2022-02-20 16:00:00+00:00,8.812299681892659,255.7,24.76,0.2693496818479683
2022-02-20 17:00:00+00:00,7.24165320862157,263.4,23.43,0.10468343064400529
2022-02-20 18:00:00+00:00,5.810001998471816,271.1,22.63,0.03043633517206254
2022-02-20 19:00:00+00:00,4.795336577686069,277.5,21.99,0.00793798198934463
2022-02-20 20:00:00+00:00,4.281054104137128,283.1,21.34,0.002883864747032247
2022-02-20 21:00:00+00:00,4.308853156761395,288.8,20.76,0.0030757090183491102
2022-02-20 22:00:00+00:00,4.308853156761395,295.4,20.23,0.0030757090183491102
2022-02-20 23:00:00+00:00,4.142058841015793,302.3,19.71,0.002043327180885438
2022-02-21 00:00:00+00:00,3.780671156900321,310.2,19.14,0.0006526447872887494
2022-02-21 01:00:00+00:00,4.6424417882526,320.0,19.54,0.006077744376233591
2022-02-21 02:00:00+00:00,5.1289252091772735,330.1,22.4,0.013235906344139632
2022-02-21 03:00:00+00:00,5.5181119459170125,345.5,27.72,0.02190269581182482
2022-02-21 04:00:00+00:00,4.698039893501134,356.8,30.94,0.006716084311952335
2022-02-21 05:00:00+00:00,3.627776367466852,1.8,33.14,0.0003393808709624709
2022-02-21 06:00:00+00:00,2.8355033676752406,358.3,34.74,0.0
2022-02-21 07:00:00+00:00,2.613110946681104,348.6,35.85,0.0
2022-02-21 08:00:00+00:00,2.821603841363107,342.8,36.48,0.0
2022-02-21 09:00:00+00:00,3.210790578102846,345.2,36.53,1.2847719802171193e-05
2022-02-21 10:00:00+00:00,3.433182999096983,353.0,36.03,0.00011150303355417385
2022-02-21 11:00:00+00:00,3.5304796832819174,2.5,34.88,0.00020477585056895208
2022-02-21 12:00:00+00:00,2.404618051999101,8.3,31.69,0.0
2022-02-21 13:00:00+00:00,2.3212208941263,6.2,29.13,0.0
2022-02-21 14:00:00+00:00,2.0571298941957625,354.9,27.4,0.0
2022-02-21 15:00:00+00:00,1.6818426837681573,337.7,25.79,0.0
2022-02-21 16:00:00+00:00,1.7374407890166914,296.6,25.27,0.0
2022-02-21 17:00:00+00:00,3.2524891570392462,269.5,24.31,2.2080081336773903e-05
2022-02-21 18:00:00+00:00,4.142058841015793,267.1,22.43,0.002043327180885438
2022-02-21 19:00:00+00:00,4.086460735767258,272.7,21.11,0.0017591974176414424
2022-02-21 20:00:00+00:00,3.711173525339653,282.3,20.16,0.0004934000786581087
2022-02-21 21:00:00+00:00,3.516580156969783,297.3,19.35,0.00018909743216298478
2022-02-21 22:00:00+00:00,3.5721782622183174,313.7,18.71,0.0002569605983163631
2022-02-21 23:00:00+00:00,3.669474946403253,327.4,18.15,0.00041160008819737294
2022-02-22 00:00:00+00:00,3.725073051651787,338.3,17.67,0.0005228989436636271
2022-02-22 01:00:00+00:00,4.433948893570597,347.9,18.36,0.00404458057091618
2022-02-22 02:00:00+00:00,5.1289252091772735,356.6,21.52,0.013235906344139632
2022-02-22 03:00:00+00:00,3.97526452527019,25.9,27.04,0.00127244715047499
2022-02-22 04:00:00+00:00,3.864068314773122,68.0,30.89,0.000884945879576919
2022-02-22 05:00:00+00:00,4.572944156691932,90.2,33.39,0.005338415648238799
2022-02-22 06:00:00+00:00,4.892633261871003,96.4,35.04,0.009299762906191316
2022-02-22 07:00:00+00:00,5.045528051304472,95.7,36.09,0.01174055940615806
2022-02-22 08:00:00+00:00,5.267920472298608,93.2,36.58,0.016001324616646363
2022-02-22 09:00:00+00:00,5.559810524853413,89.7,36.44,0.023008904036693503
2022-02-22 10:00:00+00:00,6.004595366841686,86.0,35.68,0.03720749665066583
2022-02-22 11:00:00+00:00,6.477179261454226,83.7,34.32,0.057670499626681526
2022-02-22 12:00:00+00:00,4.6702408408768665,82.6,31.25,0.006391602652921991
2022-02-22 13:00:00+00:00,4.586843683004066,82.7,28.78,0.0054811907186705505
2022-02-22 14:00:00+00:00,5.017728998680205,84.6,28.28,0.011268366887599923
2022-02-22 15:00:00+00:00,4.962130893431671,88.1,27.49,0.010362305664819162
2022-02-22 16:00:00+00:00,4.767537525061802,93.0,26.2,0.007574926091293861
2022-02-22 17:00:00+00:00,5.087226630240873,100.5,25.21,0.01247329785396345
2022-02-22 18:00:00+00:00,5.86560010372035,109.1,24.42,0.03227893700900672
2022-02-22 19:00:00+00:00,6.101892051026621,116.8,23.56,0.04094044050828759
2022-02-22 20:00:00+00:00,5.5181119459170125,120.4,22.56,0.02190269581182482
2022-02-22 21:00:00+00:00,4.6424417882526,121.4,21.57,0.006077744376233591
2022-02-22 22:00:00+00:00,4.433948893570597,123.9,20.86,0.00404458057091618
2022-02-22 23:00:00+00:00,5.281819998610742,130.3,20.6,0.016297335946699874
2022-02-23 00:00:00+00:00,4.6424417882526,128.3,20.01,0.006077744376233591
2022-02-23 01:00:00+00:00,5.754403893223282,129.3,20.41,0.028665224164179125
2022-02-23 02:00:00+00:00,7.575241840112775,136.2,23.42,0.13137557719050022
2022-02-23 03:00:00+00:00,8.437012471465055,135.9,27.09,0.2204720088632546
2022-02-23 04:00:00+00:00,7.797634261106912,125.6,29.95,0.15147950714299685
2022-02-23 05:00:00+00:00,7.102657945500235,116.5,32.22,0.09472582593394793
2022-02-23 06:00:00+00:00,6.727370735072629,109.9,33.96,0.07103628564972683
2022-02-23 07:00:00+00:00,6.671772629824095,105.9,35.12,0.06790469646486533
2022-02-23 08:00:00+00:00,6.727370735072629,103.3,35.73,0.07103628564972683
2022-02-23 09:00:00+00:00,6.935863629754633,100.5,35.7,0.08363587392701052
2022-02-23 10:00:00+00:00,7.172155577060903,96.7,35.03,0.09962170161831257
2022-02-23 11:00:00+00:00,7.325050366494371,93.6,33.73,0.11098032176705581
2022-02-23 12:00:00+00:00,5.226221893362208,92.1,30.73,0.01513483950649421
2022-02-23 13:00:00+00:00,4.878733735558869,92.8,27.88,0.009096371174441733
2022-02-23 14:00:00+00:00,5.420815261732077,94.8,27.06,0.019460653391407894
2022-02-23 15:00:00+00:00,5.726604840599015,99.9,26.19,0.027806035689127713
2022-02-23 16:00:00+00:00,5.893399156344618,106.7,25.21,0.03322748902038412
2022-02-23 17:00:00+00:00,6.213088261523689,114.3,24.23,0.045503042717314215
2022-02-23 18:00:00+00:00,6.4354806825178255,120.8,23.22,0.0556205148143814
2022-02-23 19:00:00+00:00,6.268686366772223,124.6,22.19,0.047906255528068174
2022-02-23 20:00:00+00:00,5.990695840529551,127.6,21.29,0.03669350616640907
2022-02-23 21:00:00+00:00,5.504212419604879,129.9,20.52,0.0215419972920859
2022-02-23 22:00:00+00:00,4.948231367119537,131.8,19.83,0.010143645561108344
2022-02-23 23:00:00+00:00,4.545145104067665,134.1,19.23,0.005060346808923484
2022-02-24 00:00:00+00:00,4.350551735697795,136.6,18.72,0.0033791397091431905
2022-02-24 01:00:00+00:00,5.532011472229145,138.9,19.27,0.02226739837477213
2022-02-24 02:00:00+00:00,6.685672156136229,137.5,22.53,0.06867878079302038
2022-02-24 03:00:00+00:00,7.033160313939566,130.4,26.71,0.0899930408908644
2022-02-24 04:00:00+00:00,6.616174524575561,119.5,30.06,0.06486652289663741
2022-02-24 05:00:00+00:00,6.046293945778086,107.7,32.46,0.03877822210516686
2022-02-24 06:00:00+00:00,5.698805787974748,99.0,34.09,0.02696418948293244
2022-02-24 07:00:00+00:00,5.573710051165546,93.4,35.19,0.023385751338868273
2022-02-24 08:00:00+00:00,5.504212419604879,91.9,35.7,0.0215419972920859
2022-02-24 09:00:00+00:00,5.643207682726214,92.8,35.63,0.025331816625898403
2022-02-24 10:00:00+00:00,5.921198208968884,95.0,35.0,0.034194444177435696
2022-02-24 11:00:00+00:00,6.101892051026621,96.5,33.73,0.04094044050828759
2022-02-24 12:00:00+00:00,4.308853156761395,96.8,30.28,0.0030757090183491102
2022-02-24 13:00:00+00:00,4.6424417882526,98.1,27.11,0.006077744376233591
2022-02-24 14:00:00+00:00,5.142824735489407,101.1,26.18,0.01349685010219363
2022-02-24 15:00:00+00:00,5.295719524922876,106.8,25.12,0.01659697559275541
2022-02-24 16:00:00+00:00,5.212322367050074,113.9,23.96,0.01485312042444501
2022-02-24 17:00:00+00:00,5.11502568286514,120.5,22.82,0.012978347784483516
2022-02-24 18:00:00+00:00,5.184523314425808,127.1,21.76,0.014300213582746675
2022-02-24 19:00:00+00:00,5.365217156483543,133.1,20.74,0.018150372119076427
2022-02-24 20:00:00+00:00,5.5181119459170125,138.1,19.73,0.02190269581182482
2022-02-24 21:00:00+00:00,5.365217156483543,141.3,18.81,0.018150372119076427
2022-02-24 22:00:00+00:00,5.101126156553006,143.2,18.03,0.01272415232162491
2022-02-24 23:00:00+00:00,4.920432314495271,143.8,17.41,0.009715596884865342
2022-02-25 00:00:00+00:00,4.725838946125401,142.8,16.89,0.007051366166127606
2022-02-25 01:00:00+00:00,5.448614314356345,140.4,17.44,0.02013880161320679
2022-02-25 02:00:00+00:00,5.698805787974748,136.7,20.63,0.02696418948293244
2022-02-25 03:00:00+00:00,6.7551697876968975,128.8,26.08,0.07263755313040274
2022-02-25 04:00:00+00:00,7.311150840182238,117.9,30.29,0.10991377571107316
2022-02-25 05:00:00+00:00,7.158256050748769,108.1,32.79,0.0986293466205349
2022-02-25 06:00:00+00:00,7.074858892875968,100.1,34.44,0.09281329575096342
2022-02-25 07:00:00+00:00,7.005361261315301,94.8,35.43,0.0881449734083793
2022-02-25 08:00:00+00:00,6.880265524506099,92.1,35.85,0.08014137826755904
2022-02-25 09:00:00+00:00,6.782968840321163,91.6,35.65,0.07426270495364592
2022-02-25 10:00:00+00:00,6.699571682448363,92.0,34.88,0.06945872569881545
2022-02-25 11:00:00+00:00,6.6300740508876945,92.8,33.46,0.06561738593023632
2022-02-25 12:00:00+00:00,4.489546998819131,95.9,29.31,0.0045335154916750515
2022-02-25 13:00:00+00:00,4.837035156622469,101.3,25.78,0.008504031790338215
2022-02-25 14:00:00+00:00,5.073327103928739,106.4,24.71,0.012225762279898732
2022-02-25 15:00:00+00:00,5.226221893362208,111.7,23.69,0.01513483950649421
2022-02-25 16:00:00+00:00,5.448614314356345,117.8,22.75,0.02013880161320679
2022-02-25 17:00:00+00:00,5.9767963142174185,123.0,21.88,0.036184271179773554
2022-02-25 18:00:00+00:00,6.810767892945432,126.1,21.03,0.07591191793225965
2022-02-25 19:00:00+00:00,7.199954629685169,127.6,20.14,0.10162633611642759
2022-02-25 20:00:00+00:00,7.255552734933704,128.5,19.35,0.10571592196770735
2022-02-25 21:00:00+00:00,7.0192607876274336,129.5,18.59,0.08906581164159735
2022-02-25 22:00:00+00:00,6.727370735072629,130.6,17.85,0.07103628564972683
2022-02-25 23:00:00+00:00,6.115791577338754,131.8,17.09,0.04149327063112731
2022-02-26 00:00:00+00:00,5.573710051165546,131.8,16.4,0.023385751338868273
2022-02-26 01:00:00+00:00,6.588375471951294,129.9,17.12,0.06338202493675352
2022-02-26 02:00:00+00:00,7.658638997985576,125.2,20.64,0.138691436168683
2022-02-26 03:00:00+00:00,9.423878839626536,116.9,26.37,0.3636340099443778
2022-02-26 04:00:00+00:00,10.327348049915214,111.6,29.99,0.5396509362836118
2022-02-26 05:00:00+00:00,9.71576889218134,108.4,32.22,0.4154891613938684
2022-02-26 06:00:00+00:00,8.909596366077594,104.6,33.81,0.2831039497812021
2022-02-26 07:00:00+00:00,8.10342383997385,100.7,34.8,0.18232968673566893
2022-02-26 08:00:00+00:00,7.422347050679306,97.3,35.2,0.11863994488375919
2022-02-26 09:00:00+00:00,6.977562208691032,95.3,35.03,0.0863223815836885
2022-02-26 10:00:00+00:00,6.76906931400903,94.1,34.25,0.0734471324484032
2022-02-26 11:00:00+00:00,6.602274998263428,93.6,32.83,0.06412140993267662
2022-02-26 12:00:00+00:00,4.461747946194864,94.6,28.56,0.004284399388135919
2022-02-26 13:00:00+00:00,4.837035156622469,97.3,24.94,0.008504031790338215
2022-02-26 14:00:00+00:00,5.003829472368071,100.7,23.95,0.011037094257513352
2022-02-26 15:00:00+00:00,5.11502568286514,105.1,23.04,0.012978347784483516
2022-02-26 16:00:00+00:00,5.226221893362208,109.7,22.16,0.01513483950649421
2022-02-26 17:00:00+00:00,5.406915735419944,114.0,21.29,0.01912736432931732
2022-02-26 18:00:00+00:00,5.726604840599015,116.7,20.44,0.027806035689127713
2022-02-26 19:00:00+00:00,6.101892051026621,118.4,19.6,0.04094044050828759
2022-02-26 20:00:00+00:00,6.324284472020757,119.7,18.73,0.05039262881288134
2022-02-26 21:00:00+00:00,6.393782103581424,120.9,17.95,0.05361969474158012
2022-02-26 22:00:00+00:00,6.518877840390627,122.5,17.36,0.059770245921690696
2022-02-26 23:00:00+00:00,6.685672156136229,123.9,16.86,0.06867878079302038
2022-02-27 00:00:00+00:00,6.393782103581424,124.9,16.32,0.05361969474158012
2022-02-27 01:00:00+00:00,7.074858892875968,125.0,16.91,0.09281329575096342
2022-02-27 02:00:00+00:00,7.603040892737042,124.4,20.13,0.13378486077923435
2022-02-27 03:00:00+00:00,8.020026682101047,121.0,24.52,0.17353638574702254
2022-02-27 04:00:00+00:00,7.853232366355446,110.2,28.81,0.1568071016018623
2022-02-27 05:00:00+00:00,6.796868366633297,96.9,31.52,0.07508429274773128
2022-02-27 06:00:00+00:00,6.199188735211555,81.9,33.26,0.04491506757669464
2022-02-27 07:00:00+00:00,6.157490156275155,70.9,34.34,0.04318157587819536
2022-02-27 08:00:00+00:00,6.240887314147956,65.5,34.85,0.04669434246983532
2022-02-27 09:00:00+00:00,6.407681629893559,65.0,34.76,0.05428120885301468
2022-02-27 10:00:00+00:00,6.574475945639161,66.2,34.05,0.0626483458072678
2022-02-27 11:00:00+00:00,6.699571682448363,67.3,32.69,0.06945872569881545
2022-02-27 12:00:00+00:00,4.656341314564734,70.3,28.96,0.006233356642585244
2022-02-27 13:00:00+00:00,4.837035156622469,75.2,25.54,0.008504031790338215
2022-02-27 14:00:00+00:00,5.184523314425808,79.0,24.63,0.014300213582746675
2022-02-27 15:00:00+00:00,5.3235185775471425,82.2,23.7,0.017207228239273998
2022-02-27 16:00:00+00:00,5.281819998610742,86.2,22.73,0.016297335946699874
2022-02-27 17:00:00+00:00,5.101126156553006,92.0,21.75,0.01272415232162491
2022-02-27 18:00:00+00:00,4.892633261871003,99.3,20.83,0.009299762906191316
2022-02-27 19:00:00+00:00,4.698039893501134,106.7,20.08,0.006716084311952335
2022-02-27 20:00:00+00:00,4.6702408408768665,112.8,19.33,0.006391602652921991
2022-02-27 21:00:00+00:00,4.823135630310336,117.5,18.62,0.008312456927350872
2022-02-27 22:00:00+00:00,5.101126156553006,120.6,17.94,0.01272415232162491
2022-02-27 23:00:00+00:00,5.240121419674342,124.1,17.24,0.015420098498143919
2022-02-28 00:00:00+00:00,5.142824735489407,128.2,16.58,0.01349685010219363
2022-02-28 01:00:00+00:00,6.282585893084356,132.6,17.03,0.04851999730082746
2022-02-28 02:00:00+00:00,6.76906931400903,134.2,20.29,0.0734471324484032
2022-02-28 03:00:00+00:00,6.949763156066766,131.3,25.33,0.08452508860398927
2022-02-28 04:00:00+00:00,6.588375471951294,119.7,29.73,0.06338202493675352
2022-02-28 05:00:00+00:00,5.962896787905286,108.1,32.0,0.03567976958915885
2022-02-28 06:00:00+00:00,5.810001998471816,96.5,33.47,0.03043633517206254
2022-02-28 07:00:00+00:00,5.935097735281017,87.6,34.43,0.03468487818959025
2022-02-28 08:00:00+00:00,6.087992524714487,81.9,34.85,0.04039254269587205
2022-02-28 09:00:00+00:00,6.310384945708623,79.1,34.76,0.04976316184163368
2022-02-28 10:00:00+00:00,6.477179261454226,78.1,34.1,0.057670499626681526
2022-02-28 11:00:00+00:00,6.518877840390627,77.4,32.81,0.059770245921690696
2022-02-28 12:00:00+00:00,4.489546998819131,79.5,29.38,0.0045335154916750515
2022-02-28 13:00:00+00:00,4.559044630379798,84.6,25.93,0.005198141712189899
2022-02-28 14:00:00+00:00,4.795336577686069,88.7,24.94,0.00793798198934463
2022-02-28 15:00:00+00:00,4.837035156622469,93.0,23.89,0.008504031790338215
2022-02-28 16:00:00+00:00,4.767537525061802,98.0,22.84,0.007574926091293861
2022-02-28 17:00:00+00:00,4.698039893501134,104.2,21.83,0.006716084311952335
2022-02-28 18:00:00+00:00,4.684140367189,110.7,20.89,0.006552504508844232
2022-02-28 19:00:00+00:00,4.698039893501134,116.7,20.01,0.006716084311952335
2022-02-28 20:00:00+00:00,4.823135630310336,122.2,19.17,0.008312456927350872
2022-02-28 21:00:00+00:00,5.0594275776166056,126.2,18.34,0.011981523497830396
2022-02-28 22:00:00+00:00,5.309619051235009,129.5,17.57,0.016900265656413307
2022-02-28 23:00:00+00:00,5.434714788044212,132.4,16.95,0.01979779178550429
2022-03-01 00:00:00+00:00,5.254020945986475,134.7,16.47,0.015708919500994498
2022-03-01 01:00:00+00:00,6.310384945708623,137.1,17.31,0.04976316184163368
2022-03-01 02:00:00+00:00,6.602274998263428,136.9,20.89,0.06412140993267662
2022-03-01 03:00:00+00:00,7.074858892875968,129.3,26.77,0.09281329575096342
2022-03-01 04:00:00+00:00,6.4354806825178255,119.3,30.62,0.0556205148143814
2022-03-01 05:00:00+00:00,5.240121419674342,107.1,32.83,0.015420098498143919
2022-03-01 06:00:00+00:00,4.795336577686069,92.8,34.23,0.00793798198934463
2022-03-01 07:00:00+00:00,5.003829472368071,81.8,35.12,0.011037094257513352
2022-03-01 08:00:00+00:00,5.35131763017141,75.9,35.53,0.017832259369005187
2022-03-01 09:00:00+00:00,5.796102472159683,72.7,35.41,0.029986910408868205
2022-03-01 10:00:00+00:00,6.226987787835823,72.6,34.72,0.04609612698116098
2022-03-01 11:00:00+00:00,6.602274998263428,74.0,33.45,0.06412140993267662
2022-03-01 12:00:00+00:00,4.725838946125401,77.4,30.02,0.007051366166127606
2022-03-01 13:00:00+00:00,4.795336577686069,84.2,26.55,0.00793798198934463
2022-03-01 14:00:00+00:00,5.240121419674342,90.8,25.63,0.015420098498143919
2022-03-01 15:00:00+00:00,5.490312893292746,98.4,24.63,0.02118528071395504
2022-03-01 16:00:00+00:00,5.62930815641408,107.4,23.58,0.0249342860596703
2022-03-01 17:00:00+00:00,6.01849489315382,116.0,22.6,0.03772626473414412
2022-03-01 18:00:00+00:00,6.8941650508182315,122.3,21.86,0.08100569192835308
2022-03-01 19:00:00+00:00,7.199954629685169,123.9,21.12,0.10162633611642759
2022-03-01 20:00:00+00:00,7.144356524436635,124.8,20.42,0.0976436036548099
2022-03-01 21:00:00+00:00,6.4354806825178255,126.4,19.67,0.0556205148143814
2022-03-01 22:00:00+00:00,5.462513840668478,128.8,18.81,0.020483704976115853
2022-03-01 23:00:00+00:00,4.850934682934603,132.3,18.06,0.008698527718115565
2022-03-02 00:00:00+00:00,4.656341314564734,136.2,17.52,0.006233356642585244
2022-03-02 01:00:00+00:00,5.740504366911149,139.2,18.43,0.028233451092246224
2022-03-02 02:00:00+00:00,6.560576419327027,138.0,21.94,0.06192035044261896
2022-03-02 03:00:00+00:00,8.033926208413181,125.7,27.83,0.17498185115760465
2022-03-02 04:00:00+00:00,8.311916734655853,115.5,31.22,0.20560148540179465
2022-03-02 05:00:00+00:00,8.089524313661716,107.5,33.26,0.18084397814470093
2022-03-02 06:00:00+00:00,8.10342383997385,100.2,34.65,0.18232968673566893
2022-03-02 07:00:00+00:00,8.242419103095184,94.7,35.47,0.1976367411577168
2022-03-02 08:00:00+00:00,8.25631862940732,91.7,35.79,0.19921292968636692
2022-03-02 09:00:00+00:00,8.325816260967986,91.1,35.56,0.2072196852388606
2022-03-02 10:00:00+00:00,8.353615313592252,92.1,34.75,0.21048151271404547
2022-03-02 11:00:00+00:00,8.200720524158784,93.6,33.34,0.19295810290665796
2022-03-02 12:00:00+00:00,5.657107209038348,96.3,30.05,0.025733550149738323
2022-03-02 13:00:00+00:00,5.087226630240873,101.8,26.52,0.01247329785396345
2022-03-02 14:00:00+00:00,5.3235185775471425,106.2,25.53,0.017207228239273998
2022-03-02 15:00:00+00:00,5.365217156483543,110.6,24.53,0.018150372119076427
2022-03-02 16:00:00+00:00,5.39301620910781,114.7,23.61,0.018797902497632125
2022-03-02 17:00:00+00:00,5.643207682726214,118.4,22.79,0.025331816625898403
2022-03-02 18:00:00+00:00,6.282585893084356,122.2,22.09,0.04851999730082746
2022-03-02 19:00:00+00:00,6.949763156066766,125.6,21.37,0.08452508860398927
2022-03-02 20:00:00+00:00,6.9219641034425,127.2,20.61,0.08275291765647853
2022-03-02 21:00:00+00:00,6.143590629963021,127.9,19.83,0.042613816214480814
2022-03-02 22:00:00+00:00,5.559810524853413,129.0,19.1,0.023008904036693503
2022-03-02 23:00:00+00:00,5.434714788044212,130.5,18.56,0.01979779178550429
2022-03-03 00:00:00+00:00,5.504212419604879,131.8,18.14,0.0215419972920859
2022-03-03 01:00:00+00:00,6.949763156066766,132.7,18.99,0.08452508860398927
2022-03-03 02:00:00+00:00,7.769835208482644,130.8,22.4,0.1488615705539858
2022-03-03 03:00:00+00:00,9.118089260759596,120.6,27.94,0.31413758333138475
2022-03-03 04:00:00+00:00,9.2848835765052,108.8,31.04,0.34053690366059947
2022-03-03 05:00:00+00:00,9.034692102886796,99.3,32.97,0.30146564145572796
2022-03-03 06:00:00+00:00,8.61770631352279,92.2,34.28,0.24319215713969958
2022-03-03 07:00:00+00:00,8.172921471534517,87.1,35.12,0.1898803958356906
2022-03-03 08:00:00+00:00,7.755935682170511,84.0,35.48,0.14756399006398443
2022-03-03 09:00:00+00:00,7.616940419049176,82.8,35.33,0.13500047044769847
2022-03-03 10:00:00+00:00,7.783734734794778,82.7,34.6,0.15016673554645646
2022-03-03 11:00:00+00:00,7.978328103164648,83.6,33.29,0.16924779509653126
2022-03-03 12:00:00+00:00,5.684906261662614,85.2,30.21,0.026549714476654915
2022-03-03 13:00:00+00:00,4.906532788183137,87.2,26.97,0.009506164109132393
2022-03-03 14:00:00+00:00,5.198422840737941,90.6,26.13,0.014574919150395974
2022-03-03 15:00:00+00:00,5.240121419674342,97.0,25.11,0.015420098498143919
2022-03-03 16:00:00+00:00,5.39301620910781,106.6,24.12,0.018797902497632125
2022-03-03 17:00:00+00:00,6.101892051026621,117.0,23.5,0.04094044050828759
2022-03-03 18:00:00+00:00,6.324284472020757,122.9,22.76,0.05039262881288134
2022-03-03 19:00:00+00:00,6.157490156275155,126.3,21.94,0.04318157587819536
2022-03-03 20:00:00+00:00,5.448614314356345,126.8,20.95,0.02013880161320679
2022-03-03 21:00:00+00:00,4.4756474725069975,126.2,19.91,0.004407784228315372
2022-03-03 22:00:00+00:00,3.961364998958057,125.1,19.09,0.0012188138789332506
2022-03-03 23:00:00+00:00,3.8501687884609885,125.0,18.54,0.0008429230749551987
2022-03-04 00:00:00+00:00,3.752872104276054,124.5,18.04,0.0005853775855548267
2022-03-04 01:00:00+00:00,4.239355525200727,122.8,19.27,0.0026113205918682114
2022-03-04 02:00:00+00:00,5.5876095774776795,119.4,23.17,0.02376669109065298
2022-03-04 03:00:00+00:00,7.644739471673443,109.0,28.17,0.1374537360408224
2022-03-04 04:00:00+00:00,8.450911997777188,98.5,31.24,0.2221672214562928
2022-03-04 05:00:00+00:00,8.42311294515292,91.2,33.21,0.21878544164950336
2022-03-04 06:00:00+00:00,8.061725261037449,84.0,34.6,0.17789681737899846
2022-03-04 07:00:00+00:00,7.658638997985576,77.2,35.44,0.138691436168683
2022-03-04 08:00:00+00:00,7.366748945430772,72.9,35.77,0.1142213118489491
2022-03-04 09:00:00+00:00,7.144356524436635,70.0,35.58,0.0976436036548099
2022-03-04 10:00:00+00:00,6.963662682378899,67.5,34.84,0.08542058378901518
2022-03-04 11:00:00+00:00,6.908064577130365,68.1,33.53,0.08187619769079278
2022-03-04 12:00:00+00:00,4.739738472437534,72.8,30.18,0.007223112420395537
2022-03-04 13:00:00+00:00,4.628542261940466,79.1,26.67,0.0059247437522666705
2022-03-04 14:00:00+00:00,4.850934682934603,84.9,25.69,0.008698527718115565
2022-03-04 15:00:00+00:00,5.017728998680205,91.6,24.79,0.011268366887599923
2022-03-04 16:00:00+00:00,5.281819998610742,99.4,23.97,0.016297335946699874
2022-03-04 17:00:00+00:00,5.7822029458475495,106.0,23.22,0.029541931720889748
2022-03-04 18:00:00+00:00,6.240887314147956,109.9,22.47,0.04669434246983532
2022-03-04 19:00:00+00:00,6.463279735142093,115.5,21.79,0.05698167177108102
2022-03-04 20:00:00+00:00,6.185289208899422,120.3,21.08,0.04433217945770191
2022-03-04 21:00:00+00:00,5.406915735419944,124.2,20.29,0.01912736432931732
2022-03-04 22:00:00+00:00,4.823135630310336,128.3,19.61,0.008312456927350872
2022-03-04 23:00:00+00:00,4.531245577755532,132.0,19.11,0.004925008836839162
2022-03-05 00:00:00+00:00,4.21155647257646,134.1,18.71,0.0024395148042953133
2022-03-05 01:00:00+00:00,4.586843683004066,133.7,19.87,0.0054811907186705505
2022-03-05 02:00:00+00:00,5.15672426180154,130.0,23.4,0.013761201160245875
2022-03-05 03:00:00+00:00,6.588375471951294,106.6,29.08,0.06338202493675352
2022-03-05 04:00:00+00:00,7.450146103303574,90.0,31.91,0.1208913647695221
2022-03-05 05:00:00+00:00,7.881031418979712,80.7,33.62,0.1595171130973227
2022-03-05 06:00:00+00:00,8.131222892598116,75.7,34.81,0.18532547084183992
2022-03-05 07:00:00+00:00,8.145122418910251,73.5,35.54,0.18683559056024407
2022-03-05 08:00:00+00:00,7.992227629476781,72.9,35.78,0.17066937981808628
2022-03-05 09:00:00+00:00,7.755935682170511,71.6,35.48,0.14756399006398443
2022-03-05 10:00:00+00:00,7.519643734864241,69.3,34.65,0.12664413416099704
2022-03-05 11:00:00+00:00,7.283351787557971,67.4,33.32,0.10780122694647802
2022-03-05 12:00:00+00:00,5.11502568286514,68.2,30.71,0.012978347784483516
2022-03-05 13:00:00+00:00,4.461747946194864,72.8,27.89,0.004284399388135919
2022-03-05 14:00:00+00:00,4.725838946125401,77.4,26.99,0.007051366166127606
2022-03-05 15:00:00+00:00,4.823135630310336,83.6,25.93,0.008312456927350872
2022-03-05 16:00:00+00:00,4.809236103998202,91.0,24.8,0.008123781027553128
2022-03-05 17:00:00+00:00,4.725838946125401,98.5,23.84,0.007051366166127606
2022-03-05 18:00:00+00:00,4.767537525061802,106.3,22.98,0.007574926091293861
2022-03-05 19:00:00+00:00,5.003829472368071,113.4,22.15,0.011037094257513352
2022-03-05 20:00:00+00:00,5.5876095774776795,120.2,21.4,0.02376669109065298
2022-03-05 21:00:00+00:00,5.962896787905286,123.4,20.69,0.03567976958915885
2022-03-05 22:00:00+00:00,6.032394419465953,124.5,20.08,0.03824983251844433
2022-03-05 23:00:00+00:00,6.032394419465953,124.9,19.63,0.03824983251844433
2022-03-06 00:00:00+00:00,5.62930815641408,123.9,19.17,0.0249342860596703
2022-03-06 01:00:00+00:00,6.3659830509571576,121.9,19.77,0.05231283374920702
2022-03-06 02:00:00+00:00,6.8246674192575645,117.7,22.95,0.07674560260883129
2022-03-06 03:00:00+00:00,8.46481152408932,106.7,28.34,0.22387110153021858
2022-03-06 04:00:00+00:00,8.937395418701861,98.0,31.32,0.28711798059856425
2022-03-06 05:00:00+00:00,8.437012471465055,92.5,33.19,0.2204720088632546
2022-03-06 06:00:00+00:00,7.6725385242977096,87.4,34.45,0.13993654398621
2022-03-06 07:00:00+00:00,6.963662682378899,82.9,35.24,0.08542058378901518
2022-03-06 08:00:00+00:00,6.324284472020757,80.1,35.59,0.05039262881288134
2022-03-06 09:00:00+00:00,5.837801051096084,77.9,35.43,0.031348611330500535
2022-03-06 10:00:00+00:00,5.712705314286882,76.1,34.74,0.027382955853223256
2022-03-06 11:00:00+00:00,5.823901524783951,76.2,33.48,0.030890228112073235
2022-03-06 12:00:00+00:00,4.197656946264327,78.4,30.46,0.0023565127004686816
2022-03-06 13:00:00+00:00,4.253255051512861,81.7,27.4,0.002700168478815222
2022-03-06 14:00:00+00:00,4.489546998819131,85.2,26.6,0.0045335154916750515
2022-03-06 15:00:00+00:00,4.711939419813268,89.7,25.86,0.00688236416384667
2022-03-06 16:00:00+00:00,5.226221893362208,97.3,25.05,0.01513483950649421
2022-03-06 17:00:00+00:00,6.782968840321163,108.8,24.78,0.07426270495364592
2022-03-06 18:00:00+00:00,7.797634261106912,118.2,24.11,0.15147950714299685
2022-03-06 19:00:00+00:00,7.39454799805504,126.4,23.08,0.11641665284783591
2022-03-06 20:00:00+00:00,6.226987787835823,130.2,22.11,0.04609612698116098
2022-03-06 21:00:00+00:00,6.880265524506099,131.6,21.77,0.08014137826755904
2022-03-06 22:00:00+00:00,7.158256050748769,131.5,21.53,0.0986293466205349
2022-03-06 23:00:00+00:00,6.838566945569697,130.6,21.11,0.07758536887904664
2022-03-07 00:00:00+00:00,6.6300740508876945,131.0,20.74,0.06561738593023632
2022-03-07 01:00:00+00:00,7.338949892806506,130.5,21.26,0.11205374507429589
2022-03-07 02:00:00+00:00,9.771366997429874,127.9,24.41,0.42589400730452187
2022-03-07 03:00:00+00:00,10.911128155024823,120.1,27.65,0.6791844454768641
2022-03-07 04:00:00+00:00,10.355147102539481,109.9,30.34,0.5458163749525805
2022-03-07 05:00:00+00:00,9.479476944875069,99.4,32.43,0.37315762336986
2022-03-07 06:00:00+00:00,8.770601102956258,90.9,33.9,0.26359406946033753
2022-03-07 07:00:00+00:00,8.38141436621652,85.3,34.85,0.21377739126797088
2022-03-07 08:00:00+00:00,8.047825734725315,82.6,35.34,0.1764353210010631
2022-03-07 09:00:00+00:00,7.658638997985576,82.6,35.28,0.138691436168683
2022-03-07 10:00:00+00:00,7.283351787557971,85.3,34.74,0.10780122694647802
2022-03-07 11:00:00+00:00,7.102657945500235,89.1,33.6,0.09472582593394793
2022-03-07 12:00:00+00:00,5.448614314356345,93.1,31.03,0.02013880161320679
2022-03-07 13:00:00+00:00,5.5181119459170125,99.7,28.74,0.02190269581182482
2022-03-07 14:00:00+00:00,6.991461735003167,108.1,28.36,0.08723050408960982
2022-03-07 15:00:00+00:00,8.631605839834924,116.5,27.86,0.2450017709091073
2022-03-07 16:00:00+00:00,9.701869365869205,122.7,26.72,0.4129147019865108
2022-03-07 17:00:00+00:00,8.742802050331992,124.1,25.55,0.25980291045973297
2022-03-07 18:00:00+00:00,7.658638997985576,124.6,24.61,0.138691436168683
2022-03-07 19:00:00+00:00,6.7551697876968975,126.0,24.01,0.07263755313040274
2022-03-07 20:00:00+00:00,6.6300740508876945,130.4,23.79,0.06561738593023632
2022-03-07 21:00:00+00:00,5.823901524783951,135.3,23.54,0.030890228112073235
2022-03-07 22:00:00+00:00,5.267920472298608,139.9,23.31,0.016001324616646363
2022-03-07 23:00:00+00:00,4.517346051443398,145.7,23.05,0.004792105694336564
2022-03-08 00:00:00+00:00,4.100360262079392,151.4,22.77,0.001827583236896953
2022-03-08 01:00:00+00:00,5.087226630240873,153.0,23.08,0.01247329785396345
2022-03-08 02:00:00+00:00,6.685672156136229,149.0,25.51,0.06867878079302038
2022-03-08 03:00:00+00:00,7.505744208552108,138.3,28.63,0.12547929534177862
2022-03-08 04:00:00+00:00,7.575241840112775,126.3,31.27,0.13137557719050022
2022-03-08 05:00:00+00:00,6.949763156066766,117.8,33.17,0.08452508860398927
2022-03-08 06:00:00+00:00,5.990695840529551,110.8,34.56,0.03669350616640907
2022-03-08 07:00:00+00:00,4.976030419743805,105.7,35.19,0.010584085747723354
2022-03-08 08:00:00+00:00,4.12815931470366,101.3,35.57,0.001969626016918578
2022-03-08 09:00:00+00:00,3.808470209524588,98.2,35.78,0.0007248773616684016
2022-03-08 10:00:00+00:00,3.947465472645923,94.8,35.37,0.001166709271357827
2022-03-08 11:00:00+00:00,4.225455998888594,91.9,34.29,0.002524443400895039
2022-03-08 12:00:00+00:00,3.474881578033383,90.0,32.27,0.00014690224706933659
2022-03-08 13:00:00+00:00,3.169091999166445,90.0,30.23,6.6319561817934365e-06
2022-03-08 14:00:00+00:00,3.5860777885304516,91.6,29.57,0.000276145683743258
2022-03-08 15:00:00+00:00,3.8501687884609885,95.0,28.76,0.0008429230749551987
2022-03-08 16:00:00+00:00,3.97526452527019,98.8,27.94,0.00127244715047499
2022-03-08 17:00:00+00:00,4.003063577894457,103.7,27.08,0.0013843880918589244
2022-03-08 18:00:00+00:00,3.8779678410852556,110.1,26.43,0.000928342636962328
2022-03-08 19:00:00+00:00,3.8779678410852556,119.6,25.84,0.000928342636962328
2022-03-08 20:00:00+00:00,4.16985789364006,129.6,25.13,0.0021961995647331533
2022-03-08 21:00:00+00:00,4.4061498409463296,137.8,24.39,0.0038138822272128117
2022-03-08 22:00:00+00:00,4.6007432093161995,144.1,23.73,0.005626489025085531
2022-03-08 23:00:00+00:00,4.656341314564734,148.9,23.21,0.006233356642585244
2022-03-09 00:00:00+00:00,4.614642735628332,152.7,22.8,0.005774332669084107
2022-03-09 01:00:00+00:00,5.573710051165546,155.2,23.09,0.023385751338868273
2022-03-09 02:00:00+00:00,6.685672156136229,153.6,25.51,0.06867878079302038
2022-03-09 03:00:00+00:00,7.074858892875968,146.0,29.06,0.09281329575096342
2022-03-09 04:00:00+00:00,6.199188735211555,133.5,32.05,0.04491506757669464
2022-03-09 05:00:00+00:00,5.240121419674342,118.3,34.23,0.015420098498143919
2022-03-09 06:00:00+00:00,4.545145104067665,107.8,35.65,0.005060346808923484
2022-03-09 07:00:00+00:00,3.9335659463337898,99.8,36.54,0.0011161112261483472
2022-03-09 08:00:00+00:00,3.474881578033383,89.3,36.95,0.00014690224706933659
2022-03-09 09:00:00+00:00,3.4192834727848487,78.3,36.89,0.00010111037082036194
2022-03-09 10:00:00+00:00,3.752872104276054,72.3,36.33,0.0005853775855548267
2022-03-09 11:00:00+00:00,4.183757419952193,70.2,35.14,0.0022754149878147487
2022-03-09 12:00:00+00:00,3.3636853675363145,71.2,33.09,6.598571939797699e-05
2022-03-09 13:00:00+00:00,3.26638868335138,73.7,30.97,2.593103107544525e-05
2022-03-09 14:00:00+00:00,3.6416758937789857,75.4,30.16,0.00036242624901630525
2022-03-09 15:00:00+00:00,3.8779678410852556,77.8,29.27,0.000928342636962328
2022-03-09 16:00:00+00:00,3.9057668937095227,80.8,28.39,0.0010193464164257086
2022-03-09 17:00:00+00:00,3.780671156900321,84.5,27.61,0.0006526447872887494
2022-03-09 18:00:00+00:00,3.7389725779639202,86.8,26.8,0.0005535507454290738
2022-03-09 19:00:00+00:00,3.947465472645923,90.6,25.92,0.001166709271357827
2022-03-09 20:00:00+00:00,4.420049367258463,98.3,24.97,0.0039281023906751365
2022-03-09 21:00:00+00:00,4.6007432093161995,109.2,23.83,0.005626489025085531
2022-03-09 22:00:00+00:00,4.656341314564734,122.1,22.55,0.006233356642585244
2022-03-09 23:00:00+00:00,4.4756474725069975,135.1,21.64,0.004407784228315372
2022-03-10 00:00:00+00:00,4.350551735697795,146.2,20.98,0.0033791397091431905
2022-03-10 01:00:00+00:00,5.281819998610742,154.9,21.49,0.016297335946699874
2022-03-10 02:00:00+00:00,5.740504366911149,156.8,24.67,0.028233451092246224
2022-03-10 03:00:00+00:00,5.921198208968884,146.2,28.83,0.034194444177435696
2022-03-10 04:00:00+00:00,5.39301620910781,129.6,31.66,0.018797902497632125
2022-03-10 05:00:00+00:00,5.073327103928739,115.5,33.78,0.012225762279898732
2022-03-10 06:00:00+00:00,4.878733735558869,105.5,35.25,0.009096371174441733
2022-03-10 07:00:00+00:00,4.684140367189,98.9,36.15,0.006552504508844232
2022-03-10 08:00:00+00:00,4.294953630449261,93.0,36.37,0.0029787573315030076
2022-03-10 09:00:00+00:00,4.16985789364006,85.8,36.09,0.0021961995647331533
2022-03-10 10:00:00+00:00,4.322752683073529,78.1,34.85,0.003174741909170927
2022-03-10 11:00:00+00:00,4.572944156691932,70.8,33.68,0.005338415648238799
2022-03-10 12:00:00+00:00,3.5304796832819174,64.1,32.26,0.00020477585056895208
2022-03-10 13:00:00+00:00,2.7938047887388398,57.8,30.61,0.0
2022-03-10 14:00:00+00:00,2.821603841363107,53.8,30.0,0.0
2022-03-10 15:00:00+00:00,2.7243071571781723,51.4,29.28,0.0
2022-03-10 16:00:00+00:00,2.55751284143257,52.9,28.58,0.0
2022-03-10 17:00:00+00:00,2.4324171046233682,62.9,27.91,0.0
2022-03-10 18:00:00+00:00,2.6826085782417715,82.5,27.3,0.0
2022-03-10 19:00:00+00:00,3.7389725779639202,103.8,26.61,0.0005535507454290738
2022-03-10 20:00:00+00:00,4.322752683073529,119.0,25.72,0.003174741909170927
2022-03-10 21:00:00+00:00,4.378350788322063,130.4,24.91,0.0035921275442228223
2022-03-10 22:00:00+00:00,4.100360262079392,138.3,24.25,0.001827583236896953
2022-03-10 23:00:00+00:00,3.7389725779639202,143.5,23.69,0.0005535507454290738
2022-03-11 00:00:00+00:00,3.3914844201605816,146.4,23.21,8.230304840734889e-05
2022-03-11 01:00:00+00:00,3.864068314773122,144.8,23.31,0.000884945879576919
2022-03-11 02:00:00+00:00,4.3366522093856625,142.0,25.5,0.0032758781055688304
2022-03-11 03:00:00+00:00,4.892633261871003,132.8,28.6,0.009299762906191316
2022-03-11 04:00:00+00:00,5.365217156483543,118.3,31.24,0.018150372119076427
2022-03-11 05:00:00+00:00,5.62930815641408,107.4,33.38,0.0249342860596703
2022-03-11 06:00:00+00:00,5.476413366980611,100.7,34.9,0.020832523975831782
2022-03-11 07:00:00+00:00,5.0594275776166056,96.1,35.83,0.011981523497830396
2022-03-11 08:00:00+00:00,4.656341314564734,91.2,36.21,0.006233356642585244
2022-03-11 09:00:00+00:00,4.614642735628332,86.5,36.09,0.005774332669084107
2022-03-11 10:00:00+00:00,4.725838946125401,82.6,35.34,0.007051366166127606
2022-03-11 11:00:00+00:00,4.823135630310336,79.0,34.16,0.008312456927350872
2022-03-11 12:00:00+00:00,3.5026806306576503,76.7,32.25,0.00017424042651131133
2022-03-11 13:00:00+00:00,3.3080872622877804,73.4,29.97,4.0113790378131155e-05
2022-03-11 14:00:00+00:00,3.5721782622183174,72.8,29.23,0.0002569605983163631
2022-03-11 15:00:00+00:00,3.808470209524588,73.2,28.58,0.0007248773616684016
2022-03-11 16:00:00+00:00,4.086460735767258,74.0,28.09,0.0017591974176414424
2022-03-11 17:00:00+00:00,4.586843683004066,80.2,27.67,0.0054811907186705505
2022-03-11 18:00:00+00:00,4.878733735558869,92.1,27.19,0.009096371174441733
2022-03-11 19:00:00+00:00,5.003829472368071,101.4,26.7,0.011037094257513352
2022-03-11 20:00:00+00:00,4.920432314495271,107.6,26.18,0.009715596884865342
2022-03-11 21:00:00+00:00,4.21155647257646,112.9,25.52,0.0024395148042953133
2022-03-11 22:00:00+00:00,3.405383946472716,120.4,24.8,9.138440963821283e-05
2022-03-11 23:00:00+00:00,2.974498630796576,128.7,24.2,0.0
2022-03-12 00:00:00+00:00,2.5992114203689707,135.2,23.69,0.0
2022-03-12 01:00:00+00:00,2.7799052624267064,140.9,23.95,0.0
2022-03-12 02:00:00+00:00,2.4324171046233682,134.8,25.48,0.0
2022-03-12 03:00:00+00:00,2.7521062098024394,121.4,27.87,0.0
2022-03-12 04:00:00+00:00,3.3636853675363145,103.9,30.14,6.598571939797699e-05
2022-03-12 05:00:00+00:00,3.7667716305881873,88.1,32.3,0.000618401565641259
2022-03-12 06:00:00+00:00,3.961364998958057,77.6,33.85,0.0012188138789332506
2022-03-12 07:00:00+00:00,3.919666420021656,71.4,34.15,0.001066997641704432
2022-03-12 08:00:00+00:00,3.8362692621488548,65.8,33.77,0.0008022521214967887
2022-03-12 09:00:00+00:00,4.044762156830858,63.4,33.51,0.0015643170236916096
2022-03-12 10:00:00+00:00,4.461747946194864,61.8,33.13,0.004284399388135919
2022-03-12 11:00:00+00:00,4.753637998749668,63.2,32.3,0.007397625028250831
2022-03-12 12:00:00+00:00,3.2802882096635133,68.9,30.4,3.0205564761644622e-05
2022-03-12 13:00:00+00:00,3.5721782622183174,77.4,28.24,0.0002569605983163631
2022-03-12 14:00:00+00:00,4.0169631042065905,82.7,27.03,0.0014427399649018734
2022-03-12 15:00:00+00:00,4.155958367327926,84.2,26.39,0.002118844329623507
2022-03-12 16:00:00+00:00,4.155958367327926,84.4,25.83,0.002118844329623507
2022-03-12 17:00:00+00:00,4.142058841015793,83.6,25.23,0.002043327180885438
2022-03-12 18:00:00+00:00,4.003063577894457,82.0,24.55,0.0013843880918589244
2022-03-12 19:00:00+00:00,3.8501687884609885,81.1,23.89,0.0008429230749551987
2022-03-12 20:00:00+00:00,3.808470209524588,82.9,23.16,0.0007248773616684016
2022-03-12 21:00:00+00:00,3.8362692621488548,87.3,22.4,0.0008022521214967887
2022-03-12 22:00:00+00:00,3.808470209524588,95.6,21.79,0.0007248773616684016
2022-03-12 23:00:00+00:00,3.7667716305881873,108.0,21.25,0.000618401565641259
2022-03-13 00:00:00+00:00,3.69727399902752,122.0,20.74,0.0004650320488121447
2022-03-13 01:00:00+00:00,4.572944156691932,134.6,21.75,0.005338415648238799
2022-03-13 02:00:00+00:00,5.11502568286514,141.3,24.84,0.012978347784483516
2022-03-13 03:00:00+00:00,7.074858892875968,124.0,29.81,0.09281329575096342
2022-03-13 04:00:00+00:00,7.005361261315301,109.1,32.4,0.0881449734083793
2022-03-13 05:00:00+00:00,6.935863629754633,98.7,34.21,0.08363587392701052
2022-03-13 06:00:00+00:00,6.866365998193966,90.8,35.47,0.07928323460681022
2022-03-13 07:00:00+00:00,6.782968840321163,85.7,36.31,0.07426270495364592
2022-03-13 08:00:00+00:00,6.685672156136229,81.6,36.71,0.06867878079302038
2022-03-13 09:00:00+00:00,6.671772629824095,77.7,36.62,0.06790469646486533
2022-03-13 10:00:00+00:00,6.782968840321163,74.3,35.96,0.07426270495364592
2022-03-13 11:00:00+00:00,6.935863629754633,70.7,34.75,0.08363587392701052
2022-03-13 12:00:00+00:00,5.5181119459170125,68.4,32.57,0.02190269581182482
2022-03-13 13:00:00+00:00,4.656341314564734,68.6,30.21,0.006233356642585244
2022-03-13 14:00:00+00:00,5.365217156483543,71.6,29.82,0.018150372119076427
2022-03-13 15:00:00+00:00,5.309619051235009,77.9,29.15,0.016900265656413307
2022-03-13 16:00:00+00:00,4.753637998749668,88.7,28.2,0.007397625028250831
2022-03-13 17:00:00+00:00,4.281054104137128,102.5,27.01,0.002883864747032247
2022-03-13 18:00:00+00:00,3.9335659463337898,116.2,26.02,0.0011161112261483472
2022-03-13 19:00:00+00:00,3.780671156900321,128.4,25.15,0.0006526447872887494
2022-03-13 20:00:00+00:00,3.7389725779639202,138.9,24.23,0.0005535507454290738
2022-03-13 21:00:00+00:00,3.711173525339653,145.1,23.81,0.0004934000786581087
2022-03-13 22:00:00+00:00,3.5860777885304516,146.9,23.52,0.000276145683743258
2022-03-13 23:00:00+00:00,3.405383946472716,144.6,23.11,9.138440963821283e-05
2022-03-14 00:00:00+00:00,3.1829915254785788,140.1,22.66,8.405535843187353e-06
2022-03-14 01:00:00+00:00,4.044762156830858,133.9,23.28,0.0015643170236916096
2022-03-14 02:00:00+00:00,4.837035156622469,124.5,25.86,0.008504031790338215
2022-03-14 03:00:00+00:00,6.282585893084356,108.6,29.8,0.04851999730082746
2022-03-14 04:00:00+00:00,6.977562208691032,98.5,32.19,0.0863223815836885
2022-03-14 05:00:00+00:00,7.24165320862157,89.8,34.06,0.10468343064400529
2022-03-14 06:00:00+00:00,7.297251313870104,81.1,35.3,0.10885408480474731
2022-03-14 07:00:00+00:00,7.2138541559973035,74.3,36.1,0.10263865981996585
2022-03-14 08:00:00+00:00,7.144356524436635,70.4,36.45,0.0976436036548099
2022-03-14 09:00:00+00:00,7.074858892875968,69.4,36.2,0.09281329575096342
2022-03-14 10:00:00+00:00,6.9219641034425,69.6,35.52,0.08275291765647853
2022-03-14 11:00:00+00:00,6.685672156136229,70.6,34.43,0.06867878079302038
2022-03-14 12:00:00+00:00,4.545145104067665,74.8,32.23,0.005060346808923484
2022-03-14 13:00:00+00:00,3.9057668937095227,83.9,29.59,0.0010193464164257086
2022-03-14 14:00:00+00:00,3.9057668937095227,89.0,28.71,0.0010193464164257086
2022-03-14 15:00:00+00:00,3.7389725779639202,90.9,27.85,0.0005535507454290738
2022-03-14 16:00:00+00:00,3.474881578033383,89.3,27.1,0.00014690224706933659
2022-03-14 17:00:00+00:00,2.974498630796576,80.8,26.65,0.0
2022-03-14 18:00:00+00:00,2.5714123677447036,62.6,26.04,0.0
2022-03-14 19:00:00+00:00,2.6548095256175044,48.2,24.79,0.0
2022-03-14 20:00:00+00:00,2.877201946611641,47.7,23.57,0.0
2022-03-14 21:00:00+00:00,3.057895788669377,57.2,22.57,2.6620327539076553e-07
2022-03-14 22:00:00+00:00,3.210790578102846,71.6,21.57,1.2847719802171193e-05
2022-03-14 23:00:00+00:00,3.26638868335138,83.9,20.64,2.593103107544525e-05
2022-03-15 00:00:00+00:00,3.196891051790712,93.7,19.85,1.0470089849854629e-05
2022-03-15 01:00:00+00:00,2.946699578172309,101.2,21.01,0.0
2022-03-15 02:00:00+00:00,3.5999773148425844,101.6,24.76,0.00029626268992632233
2022-03-15 03:00:00+00:00,6.213088261523689,87.8,30.07,0.045503042717314215
2022-03-15 04:00:00+00:00,7.853232366355446,70.1,33.43,0.1568071016018623
2022-03-15 05:00:00+00:00,7.964428576852515,60.8,35.43,0.1678341264014513
2022-03-15 06:00:00+00:00,7.589141366424909,54.6,36.82,0.1325765703940351
2022-03-15 07:00:00+00:00,7.24165320862157,50.3,37.78,0.10468343064400529
2022-03-15 08:00:00+00:00,6.977562208691032,48.3,38.3,0.0863223815836885
2022-03-15 09:00:00+00:00,6.685672156136229,47.3,38.25,0.06867878079302038
2022-03-15 10:00:00+00:00,6.282585893084356,47.2,37.61,0.04851999730082746
2022-03-15 11:00:00+00:00,5.754403893223282,48.3,36.33,0.028665224164179125
2022-03-15 12:00:00+00:00,3.5304796832819174,55.1,32.4,0.00020477585056895208
2022-03-15 13:00:00+00:00,3.3775848938484487,71.3,29.32,7.38441855273961e-05
2022-03-15 14:00:00+00:00,2.905000999235908,91.9,28.87,0.0
2022-03-15 15:00:00+00:00,2.349019946750567,119.7,28.14,0.0
2022-03-15 16:00:00+00:00,1.9737327363229615,158.9,26.43,0.0
2022-03-15 17:00:00+00:00,2.0988284731321634,199.8,25.19,0.0
2022-03-15 18:00:00+00:00,2.6548095256175044,234.8,24.45,0.0
2022-03-15 19:00:00+00:00,3.3775848938484487,257.4,22.88,7.38441855273961e-05
2022-03-15 20:00:00+00:00,3.5582787359061845,269.6,21.48,0.00023868533204526545
2022-03-15 21:00:00+00:00,3.3775848938484487,275.7,20.53,7.38441855273961e-05
2022-03-15 22:00:00+00:00,3.0717953149815105,279.4,19.95,5.076457881257117e-07
2022-03-15 23:00:00+00:00,2.7104076308660385,282.5,19.65,0.0
2022-03-16 00:00:00+00:00,2.293421841502033,284.0,19.54,0.0
2022-03-16 01:00:00+00:00,1.7513403153288252,281.9,20.67,0.0
2022-03-16 02:00:00+00:00,1.2926559470284185,262.6,23.71,0.0
2022-03-16 03:00:00+00:00,1.8208379468894929,90.0,29.72,0.0
2022-03-16 04:00:00+00:00,4.948231367119537,75.5,34.1,0.010143645561108344
2022-03-16 05:00:00+00:00,5.698805787974748,72.0,35.79,0.02696418948293244
2022-03-16 06:00:00+00:00,5.990695840529551,70.2,36.98,0.03669350616640907
2022-03-16 07:00:00+00:00,6.01849489315382,68.7,37.78,0.03772626473414412
2022-03-16 08:00:00+00:00,5.879499630032485,67.9,38.21,0.032750923672286346
2022-03-16 09:00:00+00:00,5.851700577408217,66.4,38.18,0.031811506928944924
2022-03-16 10:00:00+00:00,5.9767963142174185,66.0,37.6,0.036184271179773554
2022-03-16 11:00:00+00:00,5.990695840529551,68.8,36.39,0.03669350616640907
2022-03-16 12:00:00+00:00,3.9335659463337898,79.0,33.07,0.0011161112261483472
2022-03-16 13:00:00+00:00,4.142058841015793,97.7,29.48,0.002043327180885438
2022-03-16 14:00:00+00:00,4.072561209455126,112.7,28.39,0.0016925391767556356
2022-03-16 15:00:00+00:00,3.7667716305881873,129.8,27.52,0.000618401565641259
2022-03-16 16:00:00+00:00,3.3080872622877804,155.9,26.92,4.0113790378131155e-05
2022-03-16 17:00:00+00:00,3.0717953149815105,189.4,25.97,5.076457881257117e-07
2022-03-16 18:00:00+00:00,3.141292946542178,218.2,25.09,3.869313493322774e-06
2022-03-16 19:00:00+00:00,3.433182999096983,240.4,24.04,0.00011150303355417385
2022-03-16 20:00:00+00:00,3.7667716305881873,257.0,22.8,0.000618401565641259
2022-03-16 21:00:00+00:00,3.808470209524588,267.7,21.71,0.0007248773616684016
2022-03-16 22:00:00+00:00,3.5582787359061845,274.3,20.85,0.00023868533204526545
2022-03-16 23:00:00+00:00,3.224690104414979,278.4,20.2,1.5560527300512682e-05
2022-03-17 00:00:00+00:00,2.905000999235908,279.6,19.73,0.0
2022-03-17 01:00:00+00:00,2.821603841363107,276.8,21.02,0.0
2022-03-17 02:00:00+00:00,2.4880152098719024,260.3,24.31,0.0
2022-03-17 03:00:00+00:00,1.7791393679530922,117.0,31.49,0.0
2022-03-17 04:00:00+00:00,4.239355525200727,97.4,35.15,0.0026113205918682114
2022-03-17 05:00:00+00:00,5.0594275776166056,95.4,36.98,0.011981523497830396
2022-03-17 06:00:00+00:00,5.337418103859276,93.0,38.19,0.01751788544293783
2022-03-17 07:00:00+00:00,5.309619051235009,90.3,38.96,0.016900265656413307
2022-03-17 08:00:00+00:00,5.1289252091772735,88.0,39.29,0.013235906344139632
2022-03-17 09:00:00+00:00,4.948231367119537,85.2,39.15,0.010143645561108344
2022-03-17 10:00:00+00:00,4.795336577686069,81.5,38.53,0.00793798198934463
2022-03-17 11:00:00+00:00,4.684140367189,79.4,37.38,0.006552504508844232
2022-03-17 12:00:00+00:00,3.196891051790712,86.5,34.04,1.0470089849854629e-05
2022-03-17 13:00:00+00:00,3.46098205172125,102.8,30.74,0.00013437687007828548
2022-03-17 14:00:00+00:00,3.002297683420843,124.6,29.76,1.6639606180337144e-11
2022-03-17 15:00:00+00:00,2.4602161572476353,160.5,28.23,0.0
2022-03-17 16:00:00+00:00,2.905000999235908,201.3,27.67,0.0
2022-03-17 17:00:00+00:00,4.976030419743805,235.2,26.59,0.010584085747723354
2022-03-17 18:00:00+00:00,6.032394419465953,251.0,24.88,0.03824983251844433
2022-03-17 19:00:00+00:00,6.699571682448363,259.7,24.06,0.06945872569881545
2022-03-17 20:00:00+00:00,7.561342313800642,265.3,23.37,0.13018185906702937
2022-03-17 21:00:00+00:00,6.713471208760496,268.9,22.67,0.07024455328385079
2022-03-17 22:00:00+00:00,5.657107209038348,270.8,22.22,0.025733550149738323
2022-03-17 23:00:00+00:00,4.6424417882526,272.4,21.8,0.006077744376233591
2022-03-18 00:00:00+00:00,3.752872104276054,272.8,21.35,0.0005853775855548267
2022-03-18 01:00:00+00:00,4.6007432093161995,270.3,22.31,0.005626489025085531
2022-03-18 02:00:00+00:00,4.545145104067665,264.9,25.69,0.005060346808923484
2022-03-18 03:00:00+00:00,4.4061498409463296,264.8,31.11,0.0038138822272128117
2022-03-18 04:00:00+00:00,3.4470825254091157,262.6,34.26,0.00012258449944002242
2022-03-18 05:00:00+00:00,2.4185175783112345,259.4,36.5,0.0
2022-03-18 06:00:00+00:00,1.4455507364618874,257.8,38.13,0.0
2022-03-18 07:00:00+00:00,0.6949763156066766,262.0,39.1,0.0
2022-03-18 08:00:00+00:00,0.15289478943346885,296.6,39.56,0.0
2022-03-18 09:00:00+00:00,0.33358863149120477,55.0,39.46,0.0
2022-03-18 10:00:00+00:00,0.5559810524853414,77.0,38.82,0.0
2022-03-18 11:00:00+00:00,0.47258389461254013,150.5,37.56,0.0
2022-03-18 12:00:00+00:00,1.3760531049012197,208.9,35.46,0.0
2022-03-18 13:00:00+00:00,3.7945706832124544,225.0,33.07,0.0006881293520976709
2022-03-18 14:00:00+00:00,6.588375471951294,238.2,31.0,0.06338202493675352
2022-03-18 15:00:00+00:00,7.908830471603981,246.9,29.37,0.16225816985387245
2022-03-18 16:00:00+00:00,9.854764155302673,252.8,27.9,0.44182473219021057
2022-03-18 17:00:00+00:00,9.493376471187203,258.7,26.4,0.3755642289705184
2022-03-18 18:00:00+00:00,8.284117682031585,264.0,25.57,0.2023904030207143
2022-03-18 19:00:00+00:00,7.033160313939566,267.7,24.96,0.0899930408908644
2022-03-18 20:00:00+00:00,5.879499630032485,267.0,24.38,0.032750923672286346
2022-03-18 21:00:00+00:00,5.15672426180154,260.7,23.76,0.013761201160245875
2022-03-18 22:00:00+00:00,4.906532788183137,252.8,23.17,0.009506164109132393
2022-03-18 23:00:00+00:00,4.698039893501134,246.2,22.62,0.006716084311952335
2022-03-19 00:00:00+00:00,4.4756474725069975,240.7,22.11,0.004407784228315372
2022-03-19 01:00:00+00:00,5.754403893223282,237.0,22.55,0.028665224164179125
2022-03-19 02:00:00+00:00,6.657873103511962,236.8,24.93,0.06713645061274993
2022-03-19 03:00:00+00:00,6.602274998263428,239.1,28.62,0.06412140993267662
2022-03-19 04:00:00+00:00,5.726604840599015,245.2,32.28,0.027806035689127713
2022-03-19 05:00:00+00:00,5.142824735489407,250.1,34.79,0.01349685010219363
2022-03-19 06:00:00+00:00,4.892633261871003,254.7,36.53,0.009299762906191316
2022-03-19 07:00:00+00:00,4.906532788183137,257.4,37.65,0.009506164109132393
2022-03-19 08:00:00+00:00,5.031628524992339,258.5,38.1,0.011502847903281375
2022-03-19 09:00:00+00:00,5.240121419674342,258.1,37.56,0.015420098498143919
2022-03-19 10:00:00+00:00,5.9072986826567515,253.2,36.2,0.03370865515490046
2022-03-19 11:00:00+00:00,7.144356524436635,246.9,34.23,0.0976436036548099
2022-03-19 12:00:00+00:00,8.33971578728012,242.1,32.35,0.20884635364241086
2022-03-19 13:00:00+00:00,9.604572681684271,237.6,30.61,0.39519063394318904
2022-03-19 14:00:00+00:00,10.355147102539481,234.9,29.15,0.5458163749525805
2022-03-19 15:00:00+00:00,10.049357523672544,235.8,27.85,0.480530638807884
2022-03-19 16:00:00+00:00,9.020792576574662,240.9,26.71,0.2993873651874827
2022-03-19 17:00:00+00:00,8.270218155719451,248.0,25.67,0.20079747627349914
2022-03-19 18:00:00+00:00,8.047825734725315,253.3,24.66,0.1764353210010631
2022-03-19 19:00:00+00:00,7.603040892737042,257.4,23.7,0.13378486077923435
2022-03-19 20:00:00+00:00,7.005361261315301,259.9,22.96,0.0881449734083793
2022-03-19 21:00:00+00:00,6.379882577269291,258.9,22.44,0.05296357707417774
2022-03-19 22:00:00+00:00,5.935097735281017,255.1,22.07,0.03468487818959025
2022-03-19 23:00:00+00:00,5.267920472298608,249.1,21.72,0.016001324616646363
2022-03-20 00:00:00+00:00,5.003829472368071,243.2,21.43,0.011037094257513352
2022-03-20 01:00:00+00:00,5.504212419604879,238.5,21.72,0.0215419972920859
2022-03-20 02:00:00+00:00,5.893399156344618,238.9,23.61,0.03322748902038412
2022-03-20 03:00:00+00:00,5.54591099854128,247.2,27.28,0.02263612708252825
2022-03-20 04:00:00+00:00,4.6702408408768665,258.3,31.0,0.006391602652921991
2022-03-20 05:00:00+00:00,3.989164051582324,260.6,33.57,0.0013276311875834244
2022-03-20 06:00:00+00:00,3.46098205172125,259.6,35.44,0.00013437687007828548
2022-03-20 07:00:00+00:00,3.1134938939179113,260.2,36.68,2.0053489814363437e-06
2022-03-20 08:00:00+00:00,2.849402893987374,263.3,37.09,0.0
2022-03-20 09:00:00+00:00,2.7521062098024394,264.2,36.19,0.0
2022-03-20 10:00:00+00:00,3.002297683420843,260.4,35.04,1.6639606180337144e-11
2022-03-20 11:00:00+00:00,3.474881578033383,253.5,34.16,0.00014690224706933659
2022-03-20 12:00:00+00:00,3.655575420091119,243.8,32.94,0.0003864919542278135
2022-03-20 13:00:00+00:00,4.628542261940466,234.8,31.33,0.0059247437522666705
2022-03-20 14:00:00+00:00,6.699571682448363,234.5,30.24,0.06945872569881545
2022-03-20 15:00:00+00:00,9.187586892320265,238.9,28.8,0.3249648621333367
2022-03-20 16:00:00+00:00,9.840864628990541,246.1,27.03,0.4391424909456175
2022-03-20 17:00:00+00:00,9.368280734378,253.4,25.62,0.3542738300055194
2022-03-20 18:00:00+00:00,8.38141436621652,260.1,24.66,0.21377739126797088
2022-03-20 19:00:00+00:00,7.311150840182238,264.3,23.99,0.10991377571107316
2022-03-20 20:00:00+00:00,6.463279735142093,265.7,23.36,0.05698167177108102
2022-03-20 21:00:00+00:00,5.726604840599015,264.4,22.73,0.027806035689127713
2022-03-20 22:00:00+00:00,5.212322367050074,261.7,22.13,0.01485312042444501
2022-03-20 23:00:00+00:00,4.962130893431671,258.5,21.62,0.010362305664819162
2022-03-21 00:00:00+00:00,4.698039893501134,255.1,21.19,0.006716084311952335
2022-03-21 01:00:00+00:00,5.420815261732077,254.5,21.62,0.019460653391407894
2022-03-21 02:00:00+00:00,5.879499630032485,261.7,24.23,0.032750923672286346
2022-03-21 03:00:00+00:00,5.5876095774776795,273.9,28.19,0.02376669109065298
2022-03-21 04:00:00+00:00,4.572944156691932,282.8,31.74,0.005338415648238799
2022-03-21 05:00:00+00:00,3.0161972097329763,289.9,34.41,5.82898703062398e-09
2022-03-21 06:00:00+00:00,1.4455507364618874,304.5,36.28,0.0
2022-03-21 07:00:00+00:00,0.6254786840460089,356.2,37.45,0.0
2022-03-21 08:00:00+00:00,0.9312682629129467,55.4,37.21,0.0
2022-03-21 09:00:00+00:00,0.8339715787280119,66.4,36.32,0.0
2022-03-21 10:00:00+00:00,0.2779905262426707,107.5,35.59,0.0
2022-03-21 11:00:00+00:00,0.7088758419188101,210.6,34.89,0.0
2022-03-21 12:00:00+00:00,1.4177516838376203,223.4,33.73,0.0
2022-03-21 13:00:00+00:00,2.585311894056837,229.8,32.02,0.0
2022-03-21 14:00:00+00:00,4.461747946194864,239.0,31.19,0.004284399388135919
2022-03-21 15:00:00+00:00,6.143590629963021,246.5,30.16,0.042613816214480814
2022-03-21 16:00:00+00:00,8.006127155788914,252.2,28.85,0.17209890266771655
2022-03-21 17:00:00+00:00,8.61770631352279,256.2,27.23,0.24319215713969958
2022-03-21 18:00:00+00:00,8.576007734586389,257.8,25.87,0.23781682362562842
2022-03-21 19:00:00+00:00,8.270218155719451,258.0,24.79,0.20079747627349914
2022-03-21 20:00:00+00:00,7.8671318926675795,257.4,23.97,0.15815823774275664
2022-03-21 21:00:00+00:00,7.352849419118638,256.3,23.44,0.11313406773439343
2022-03-21 22:00:00+00:00,6.963662682378899,255.4,23.11,0.08542058378901518
2022-03-21 23:00:00+00:00,6.6300740508876945,255.8,22.93,0.06561738593023632
2022-03-22 00:00:00+00:00,6.240887314147956,256.3,22.74,0.04669434246983532
2022-03-22 01:00:00+00:00,6.324284472020757,257.9,22.95,0.05039262881288134
2022-03-22 02:00:00+00:00,6.8941650508182315,262.1,24.83,0.08100569192835308
2022-03-22 03:00:00+00:00,6.49107878776636,265.1,27.89,0.058364856535916415
2022-03-22 04:00:00+00:00,4.281054104137128,265.0,31.43,0.002883864747032247
2022-03-22 05:00:00+00:00,1.1675602102192166,252.0,34.32,0.0
2022-03-22 06:00:00+00:00,0.9729668418493472,106.6,36.06,0.0
2022-03-22 07:00:00+00:00,2.112727999444297,96.8,37.04,0.0
2022-03-22 08:00:00+00:00,2.8633024202995077,92.5,37.06,0.0
2022-03-22 09:00:00+00:00,3.224690104414979,86.3,36.59,1.5560527300512682e-05
2022-03-22 10:00:00+00:00,3.1551924728543117,80.1,35.49,5.127249265297204e-06
2022-03-22 11:00:00+00:00,2.9883981571087093,77.1,34.58,0.0
2022-03-22 12:00:00+00:00,2.0571298941957625,72.7,33.23,0.0
2022-03-22 13:00:00+00:00,1.6818426837681573,68.1,31.67,0.0
2022-03-22 14:00:00+00:00,1.4455507364618874,64.9,31.35,0.0
2022-03-22 15:00:00+00:00,0.9868663681614808,68.5,31.25,0.0
2022-03-22 16:00:00+00:00,0.4586843683004066,113.4,30.77,0.0
2022-03-22 17:00:00+00:00,0.8200720524158783,181.0,29.57,0.0
2022-03-22 18:00:00+00:00,1.4177516838376203,195.9,28.0,0.0
2022-03-22 19:00:00+00:00,1.8903355784501605,200.7,26.62,0.0
2022-03-22 20:00:00+00:00,2.2239242099413654,205.9,25.46,0.0
2022-03-22 21:00:00+00:00,2.5714123677447036,218.4,24.66,0.0
2022-03-22 22:00:00+00:00,2.974498630796576,234.9,24.08,0.0
2022-03-22 23:00:00+00:00,3.5999773148425844,243.4,23.58,0.00029626268992632233
2022-03-23 00:00:00+00:00,4.0169631042065905,248.1,23.17,0.0014427399649018734
2022-03-23 01:00:00+00:00,4.253255051512861,250.7,23.35,0.002700168478815222
2022-03-23 02:00:00+00:00,3.711173525339653,249.9,25.38,0.0004934000786581087
2022-03-23 03:00:00+00:00,2.279522315189899,219.3,29.1,0.0
2022-03-23 04:00:00+00:00,2.7382066834903056,147.8,32.72,0.0
2022-03-23 05:00:00+00:00,4.100360262079392,123.4,35.27,0.001827583236896953
2022-03-23 06:00:00+00:00,5.017728998680205,113.7,37.08,0.011268366887599923
2022-03-23 07:00:00+00:00,5.54591099854128,106.6,38.17,0.02263612708252825
2022-03-23 08:00:00+00:00,5.810001998471816,99.9,38.27,0.03043633517206254
2022-03-23 09:00:00+00:00,5.365217156483543,94.3,37.34,0.018150372119076427
2022-03-23 10:00:00+00:00,4.8648342092467365,90.0,36.84,0.008895966812283286
2022-03-23 11:00:00+00:00,4.350551735697795,87.3,36.09,0.0033791397091431905
2022-03-23 12:00:00+00:00,2.640909999305371,88.2,34.33,0.0
2022-03-23 13:00:00+00:00,2.015431315259362,99.5,32.71,0.0
2022-03-23 14:00:00+00:00,1.6123450522074896,126.6,31.93,0.0
2022-03-23 15:00:00+00:00,1.8208379468894929,164.1,30.95,0.0
2022-03-23 16:00:00+00:00,2.4463166309355016,184.9,30.14,0.0
2022-03-23 17:00:00+00:00,3.3775848938484487,203.3,29.4,7.38441855273961e-05
2022-03-23 18:00:00+00:00,4.350551735697795,216.3,28.49,0.0033791397091431905
2022-03-23 19:00:00+00:00,5.0594275776166056,222.9,27.6,0.011981523497830396
2022-03-23 20:00:00+00:00,6.087992524714487,227.8,26.8,0.04039254269587205
2022-03-23 21:00:00+00:00,6.449380208829958,236.2,25.81,0.056298350867514384
2022-03-23 22:00:00+00:00,6.282585893084356,245.8,24.76,0.04851999730082746
2022-03-23 23:00:00+00:00,6.199188735211555,254.7,23.95,0.04491506757669464
2022-03-24 00:00:00+00:00,6.06019347209022,261.6,23.4,0.039311455595912086
2022-03-24 01:00:00+00:00,6.240887314147956,267.2,23.74,0.04669434246983532
2022-03-24 02:00:00+00:00,6.240887314147956,273.4,26.08,0.04669434246983532
2022-03-24 03:00:00+00:00,4.976030419743805,275.3,29.47,0.010584085747723354
2022-03-24 04:00:00+00:00,3.002297683420843,260.7,32.4,1.6639606180337144e-11
2022-03-24 05:00:00+00:00,2.0293308415714955,225.6,34.46,0.0
2022-03-24 06:00:00+00:00,2.0710294205078963,192.4,35.65,0.0
2022-03-24 07:00:00+00:00,2.279522315189899,167.0,36.17,0.0
2022-03-24 08:00:00+00:00,2.5436133151204365,153.0,36.01,0.0
2022-03-24 09:00:00+00:00,2.6548095256175044,167.0,35.14,0.0
2022-03-24 10:00:00+00:00,2.7243071571781723,185.9,34.99,0.0
2022-03-24 11:00:00+00:00,2.7799052624267064,198.6,34.34,0.0
2022-03-24 12:00:00+00:00,2.3629194730627003,214.0,32.9,0.0
2022-03-24 13:00:00+00:00,2.640909999305371,235.7,30.92,0.0
2022-03-24 14:00:00+00:00,3.961364998958057,253.1,30.09,0.0012188138789332506
2022-03-24 15:00:00+00:00,4.572944156691932,265.8,29.17,0.005338415648238799
2022-03-24 16:00:00+00:00,5.11502568286514,275.1,28.35,0.012978347784483516
2022-03-24 17:00:00+00:00,6.393782103581424,281.0,27.53,0.05361969474158012
2022-03-24 18:00:00+00:00,6.935863629754633,284.9,26.56,0.08363587392701052
2022-03-24 19:00:00+00:00,6.49107878776636,288.1,25.75,0.058364856535916415
2022-03-24 20:00:00+00:00,5.62930815641408,293.7,25.2,0.0249342860596703
2022-03-24 21:00:00+00:00,4.698039893501134,302.0,24.62,0.006716084311952335
2022-03-24 22:00:00+00:00,4.197656946264327,313.0,24.16,0.0023565127004686816
2022-03-24 23:00:00+00:00,3.5582787359061845,323.3,23.74,0.00023868533204526545
2022-03-25 00:00:00+00:00,3.1551924728543117,329.3,23.38,5.127249265297204e-06
2022-03-25 01:00:00+00:00,4.21155647257646,335.2,23.89,0.0024395148042953133
2022-03-25 02:00:00+00:00,4.892633261871003,351.8,26.46,0.009299762906191316
2022-03-25 03:00:00+00:00,4.420049367258463,26.9,30.17,0.0039281023906751365
2022-03-25 04:00:00+00:00,4.239355525200727,63.5,33.13,0.0026113205918682114
2022-03-25 05:00:00+00:00,4.6424417882526,85.4,35.36,0.006077744376233591
2022-03-25 06:00:00+00:00,5.087226630240873,95.8,36.96,0.01247329785396345
2022-03-25 07:00:00+00:00,5.337418103859276,100.1,38.04,0.01751788544293783
2022-03-25 08:00:00+00:00,5.476413366980611,100.8,38.59,0.020832523975831782
2022-03-25 09:00:00+00:00,5.406915735419944,99.8,38.62,0.01912736432931732
2022-03-25 10:00:00+00:00,5.11502568286514,99.5,37.97,0.012978347784483516
2022-03-25 11:00:00+00:00,4.6424417882526,98.6,36.72,0.006077744376233591
2022-03-25 12:00:00+00:00,2.8355033676752406,100.4,34.76,0.0
2022-03-25 13:00:00+00:00,1.7652398416409587,112.1,32.72,0.0
2022-03-25 14:00:00+00:00,1.1953592628434837,142.1,31.48,0.0
2022-03-25 15:00:00+00:00,1.2648568944041514,188.2,30.57,0.0
2022-03-25 16:00:00+00:00,2.3629194730627003,229.5,29.63,0.0
2022-03-25 17:00:00+00:00,3.4192834727848487,243.4,28.5,0.00010111037082036194
2022-03-25 18:00:00+00:00,3.891867367397389,252.1,27.35,0.0009731354487117983
2022-03-25 19:00:00+00:00,3.7945706832124544,261.2,26.42,0.0006881293520976709
2022-03-25 20:00:00+00:00,3.655575420091119,271.1,25.43,0.0003864919542278135
2022-03-25 21:00:00+00:00,3.4192834727848487,280.1,24.53,0.00010111037082036194
2022-03-25 22:00:00+00:00,3.294187735975647,289.5,23.9,3.492578399574811e-05
2022-03-25 23:00:00+00:00,3.3080872622877804,297.9,23.41,4.0113790378131155e-05
2022-03-26 00:00:00+00:00,3.3914844201605816,304.0,23.02,8.230304840734889e-05
2022-03-26 01:00:00+00:00,4.698039893501134,307.9,23.61,0.006716084311952335
2022-03-26 02:00:00+00:00,4.267154577824994,317.1,26.41,0.002791009163336437
2022-03-26 03:00:00+00:00,2.349019946750567,337.1,30.23,0.0
2022-03-26 04:00:00+00:00,1.5289478943346886,48.3,33.57,0.0
2022-03-26 05:00:00+00:00,2.1822256310049646,74.1,35.96,0.0
2022-03-26 06:00:00+00:00,2.5992114203689707,76.1,37.6,0.0
2022-03-26 07:00:00+00:00,2.849402893987374,73.9,38.74,0.0
2022-03-26 08:00:00+00:00,3.03009673604511,69.6,39.34,3.739647521900956e-08
2022-03-26 09:00:00+00:00,3.3914844201605816,67.6,39.44,8.230304840734889e-05
2022-03-26 10:00:00+00:00,3.8362692621488548,67.2,38.77,0.0008022521214967887
2022-03-26 11:00:00+00:00,4.072561209455126,67.1,37.32,0.0016925391767556356
2022-03-26 12:00:00+00:00,2.960599104484442,67.6,35.55,0.0
2022-03-26 13:00:00+00:00,2.2100246836292317,65.5,33.79,0.0
2022-03-26 14:00:00+00:00,1.515048368022555,60.4,32.75,0.0
2022-03-26 15:00:00+00:00,0.8617706313522789,47.0,31.6,0.0
2022-03-26 16:00:00+00:00,0.6810767892945431,319.1,30.58,0.0
2022-03-26 17:00:00+00:00,1.5845459995832225,287.8,29.49,0.0
2022-03-26 18:00:00+00:00,2.404618051999101,278.6,28.76,0.0
2022-03-26 19:00:00+00:00,3.1551924728543117,275.3,27.57,5.127249265297204e-06
2022-03-26 20:00:00+00:00,3.669474946403253,281.4,26.11,0.00041160008819737294
2022-03-26 21:00:00+00:00,3.891867367397389,290.5,25.01,0.0009731354487117983
2022-03-26 22:00:00+00:00,3.725073051651787,298.3,24.34,0.0005228989436636271
2022-03-26 23:00:00+00:00,3.4192834727848487,302.7,23.8,0.00010111037082036194
2022-03-27 00:00:00+00:00,3.0995943676057776,303.1,23.33,1.3551170407727066e-06
2022-03-27 01:00:00+00:00,3.97526452527019,301.0,24.19,0.00127244715047499
2022-03-27 02:00:00+00:00,3.1829915254785788,297.0,26.5,8.405535843187353e-06
2022-03-27 03:00:00+00:00,0.8061725261037448,236.3,30.26,0.0
2022-03-27 04:00:00+00:00,2.265622788877766,140.0,33.78,0.0
2022-03-27 05:00:00+00:00,2.905000999235908,125.3,36.02,0.0
2022-03-27 06:00:00+00:00,3.4192834727848487,112.9,37.76,0.00010111037082036194
2022-03-27 07:00:00+00:00,4.003063577894457,105.5,38.85,0.0013843880918589244
2022-03-27 08:00:00+00:00,4.586843683004066,100.5,39.2,0.0054811907186705505
2022-03-27 09:00:00+00:00,4.920432314495271,95.4,38.9,0.009715596884865342
2022-03-27 10:00:00+00:00,4.878733735558869,92.8,38.09,0.009096371174441733
2022-03-27 11:00:00+00:00,4.698039893501134,89.5,37.09,0.006716084311952335
2022-03-27 12:00:00+00:00,3.141292946542178,87.0,35.27,3.869313493322774e-06
2022-03-27 13:00:00+00:00,2.7104076308660385,87.9,33.11,0.0
2022-03-27 14:00:00+00:00,2.4463166309355016,90.7,32.47,0.0
2022-03-27 15:00:00+00:00,1.932034157386561,102.4,31.44,0.0
2022-03-27 16:00:00+00:00,1.6540436311438902,122.6,30.2,0.0
2022-03-27 17:00:00+00:00,1.598445525895356,143.1,29.24,0.0
2022-03-27 18:00:00+00:00,1.7374407890166914,167.5,28.43,0.0
2022-03-27 19:00:00+00:00,2.1961251573170983,194.3,27.68,0.0
2022-03-27 20:00:00+00:00,2.905000999235908,215.4,26.94,0.0
2022-03-27 21:00:00+00:00,3.3497858412241817,229.7,26.12,5.8705548418717294e-05
2022-03-27 22:00:00+00:00,3.474881578033383,240.6,25.52,0.00014690224706933659
2022-03-27 23:00:00+00:00,3.516580156969783,249.1,25.09,0.00018909743216298478
2022-03-28 00:00:00+00:00,3.2524891570392462,258.6,24.65,2.2080081336773903e-05
2022-03-28 01:00:00+00:00,3.864068314773122,271.9,24.97,0.000884945879576919
2022-03-28 02:00:00+00:00,3.433182999096983,287.0,26.95,0.00011150303355417385
2022-03-28 03:00:00+00:00,2.0988284731321634,313.9,30.17,0.0
2022-03-28 04:00:00+00:00,1.4316512101497538,26.6,33.54,0.0
2022-03-28 05:00:00+00:00,2.0293308415714955,61.0,35.99,0.0
2022-03-28 06:00:00+00:00,2.3629194730627003,71.1,37.54,0.0
2022-03-28 07:00:00+00:00,2.6548095256175044,73.6,38.49,0.0
2022-03-28 08:00:00+00:00,2.960599104484442,73.1,38.38,0.0
2022-03-28 09:00:00+00:00,2.974498630796576,72.9,37.94,0.0
2022-03-28 10:00:00+00:00,2.7521062098024394,71.1,37.23,0.0
2022-03-28 11:00:00+00:00,2.4324171046233682,65.0,36.54,0.0
2022-03-28 12:00:00+00:00,1.487249315398288,56.0,35.25,0.0
2022-03-28 13:00:00+00:00,1.0007658944736142,40.5,33.91,0.0
2022-03-28 14:00:00+00:00,0.6810767892945431,11.8,33.13,0.0
2022-03-28 15:00:00+00:00,0.6254786840460089,318.6,32.54,0.0
2022-03-28 16:00:00+00:00,1.0980625786585492,278.7,32.07,0.0
2022-03-28 17:00:00+00:00,2.140527052068564,266.3,31.27,0.0
2022-03-28 18:00:00+00:00,3.3358863149120475,263.1,29.86,5.198157098923984e-05
2022-03-28 19:00:00+00:00,3.989164051582324,260.8,28.32,0.0013276311875834244
2022-03-28 20:00:00+00:00,4.294953630449261,259.2,27.01,0.0029787573315030076
2022-03-28 21:00:00+00:00,4.308853156761395,261.5,25.99,0.0030757090183491102
2022-03-28 22:00:00+00:00,4.16985789364006,266.6,25.14,0.0021961995647331533
2022-03-28 23:00:00+00:00,3.8362692621488548,271.5,24.74,0.0008022521214967887
2022-03-29 00:00:00+00:00,3.46098205172125,276.0,24.35,0.00013437687007828548
2022-03-29 01:00:00+00:00,3.919666420021656,282.5,24.81,0.001066997641704432
2022-03-29 02:00:00+00:00,3.2802882096635133,292.4,27.2,3.0205564761644622e-05
2022-03-29 03:00:00+00:00,2.5158142624961695,324.6,30.94,0.0
2022-03-29 04:00:00+00:00,2.5019147361840357,0.3,34.29,0.0
2022-03-29 05:00:00+00:00,2.7938047887388398,17.1,36.72,0.0
2022-03-29 06:00:00+00:00,3.1829915254785788,22.1,38.55,8.405535843187353e-06
2022-03-29 07:00:00+00:00,3.5999773148425844,22.9,39.74,0.00029626268992632233
2022-03-29 08:00:00+00:00,4.030862630518724,23.6,40.34,0.001502708908312643
2022-03-29 09:00:00+00:00,4.503446525131265,27.2,40.41,0.0046616152798153255
2022-03-29 10:00:00+00:00,4.586843683004066,32.4,39.86,0.0054811907186705505
2022-03-29 11:00:00+00:00,4.586843683004066,36.9,38.81,0.0054811907186705505
2022-03-29 12:00:00+00:00,3.3358863149120475,42.5,36.47,5.198157098923984e-05
2022-03-29 13:00:00+00:00,2.905000999235908,51.6,33.36,0.0
2022-03-29 14:00:00+00:00,2.2378237362534987,55.6,32.61,0.0
2022-03-29 15:00:00+00:00,1.2370578417798843,64.6,31.03,0.0
2022-03-29 16:00:00+00:00,0.41698578936400593,117.4,30.1,0.0
2022-03-29 17:00:00+00:00,1.487249315398288,234.5,29.16,0.0
2022-03-29 18:00:00+00:00,3.405383946472716,247.4,28.18,9.138440963821283e-05
2022-03-29 19:00:00+00:00,4.767537525061802,256.9,26.56,0.007574926091293861
2022-03-29 20:00:00+00:00,5.031628524992339,264.0,25.55,0.011502847903281375
2022-03-29 21:00:00+00:00,5.504212419604879,269.3,24.89,0.0215419972920859
2022-03-29 22:00:00+00:00,5.7822029458475495,276.2,24.15,0.029541931720889748
2022-03-29 23:00:00+00:00,5.406915735419944,283.2,23.4,0.01912736432931732
2022-03-30 00:00:00+00:00,4.711939419813268,287.0,22.74,0.00688236416384667
2022-03-30 01:00:00+00:00,4.711939419813268,286.8,23.17,0.00688236416384667
2022-03-30 02:00:00+00:00,3.9335659463337898,286.6,26.12,0.0011161112261483472
2022-03-30 03:00:00+00:00,2.7938047887388398,307.1,30.92,0.0
2022-03-30 04:00:00+00:00,2.0015317889472284,342.2,34.49,0.0
2022-03-30 05:00:00+00:00,2.0293308415714955,20.1,36.99,0.0
2022-03-30 06:00:00+00:00,2.404618051999101,39.6,38.7,0.0
2022-03-30 07:00:00+00:00,2.7521062098024394,45.0,39.79,0.0
2022-03-30 08:00:00+00:00,3.0995943676057776,43.9,40.32,1.3551170407727066e-06
2022-03-30 09:00:00+00:00,3.7667716305881873,44.9,40.41,0.000618401565641259
2022-03-30 10:00:00+00:00,4.517346051443398,46.6,39.98,0.004792105694336564
2022-03-30 11:00:00+00:00,5.212322367050074,48.8,38.94,0.01485312042444501
2022-03-30 12:00:00+00:00,4.086460735767258,52.5,36.39,0.0017591974176414424
2022-03-30 13:00:00+00:00,3.989164051582324,59.4,32.5,0.0013276311875834244
2022-03-30 14:00:00+00:00,3.97526452527019,66.5,31.4,0.00127244715047499
2022-03-30 15:00:00+00:00,3.1273934202300446,75.8,30.95,2.83604726549443e-06
2022-03-30 16:00:00+00:00,1.6262445785196231,101.9,29.64,0.0
2022-03-30 17:00:00+00:00,1.3204549996526855,165.4,27.89,0.0
2022-03-30 18:00:00+00:00,2.4185175783112345,214.2,27.19,0.0
2022-03-30 19:00:00+00:00,4.559044630379798,240.4,26.07,0.005198141712189899
2022-03-30 20:00:00+00:00,5.3235185775471425,250.8,24.8,0.017207228239273998
2022-03-30 21:00:00+00:00,5.851700577408217,256.8,24.0,0.031811506928944924
2022-03-30 22:00:00+00:00,6.157490156275155,263.1,23.15,0.04318157587819536
2022-03-30 23:00:00+00:00,5.54591099854128,274.6,22.43,0.02263612708252825
2022-03-31 00:00:00+00:00,5.101126156553006,288.1,22.0,0.01272415232162491
2022-03-31 01:00:00+00:00,5.267920472298608,298.7,22.77,0.016001324616646363
2022-03-31 02:00:00+00:00,4.614642735628332,307.0,25.7,0.005774332669084107
2022-03-31 03:00:00+00:00,3.8223697358367215,327.5,30.65,0.0007629109176013152
2022-03-31 04:00:00+00:00,2.960599104484442,348.1,34.43,0.0
2022-03-31 05:00:00+00:00,2.4602161572476353,9.4,36.98,0.0
2022-03-31 06:00:00+00:00,2.4880152098719024,20.6,38.76,0.0
2022-03-31 07:00:00+00:00,2.668709051929638,21.1,39.88,0.0
2022-03-31 08:00:00+00:00,2.946699578172309,19.5,40.41,0.0
2022-03-31 09:00:00+00:00,3.405383946472716,22.1,40.46,9.138440963821283e-05
2022-03-31 10:00:00+00:00,3.891867367397389,27.8,39.93,0.0009731354487117983
2022-03-31 11:00:00+00:00,4.281054104137128,33.5,38.81,0.002883864747032247
2022-03-31 12:00:00+00:00,3.2802882096635133,39.5,36.19,3.0205564761644622e-05
2022-03-31 13:00:00+00:00,3.1829915254785788,47.0,32.41,8.405535843187353e-06
2022-03-31 14:00:00+00:00,2.613110946681104,49.1,31.58,0.0
2022-03-31 15:00:00+00:00,1.3760531049012197,45.8,30.01,0.0
2022-03-31 16:00:00+00:00,0.15289478943346885,21.8,28.83,0.0
2022-03-31 17:00:00+00:00,1.2231583154677508,243.7,28.53,0.0
2022-03-31 18:00:00+00:00,3.1551924728543117,254.1,27.52,5.127249265297204e-06
2022-03-31 19:00:00+00:00,4.420049367258463,260.2,25.44,0.0039281023906751365
2022-03-31 20:00:00+00:00,4.628542261940466,264.5,24.09,0.0059247437522666705
2022-03-31 21:00:00+00:00,4.489546998819131,272.5,23.22,0.0045335154916750515
2022-03-31 22:00:00+00:00,4.559044630379798,284.5,22.49,0.005198141712189899
2022-03-31 23:00:00+00:00,4.350551735697795,298.4,21.77,0.0033791397091431905
2022-04-01 00:00:00+00:00,3.669474946403253,313.3,21.2,0.00041160008819737294
2022-04-01 01:00:00+00:00,4.155958367327926,329.7,22.13,0.002118844329623507
2022-04-01 02:00:00+00:00,3.26638868335138,344.4,25.3,2.593103107544525e-05
2022-04-01 03:00:00+00:00,3.5304796832819174,26.9,31.3,0.00020477585056895208
2022-04-01 04:00:00+00:00,4.086460735767258,58.9,35.03,0.0017591974176414424
2022-04-01 05:00:00+00:00,4.420049367258463,72.6,37.31,0.0039281023906751365
2022-04-01 06:00:00+00:00,4.503446525131265,77.0,38.93,0.0046616152798153255
2022-04-01 07:00:00+00:00,4.559044630379798,77.1,39.93,0.005198141712189899
2022-04-01 08:00:00+00:00,4.6424417882526,75.8,40.35,0.006077744376233591
2022-04-01 09:00:00+00:00,4.725838946125401,74.3,40.27,0.007051366166127606
2022-04-01 10:00:00+00:00,4.767537525061802,73.7,39.67,0.007574926091293861
2022-04-01 11:00:00+00:00,4.878733735558869,72.8,38.56,0.009096371174441733
2022-04-01 12:00:00+00:00,3.69727399902752,72.5,36.24,0.0004650320488121447
2022-04-01 13:00:00+00:00,3.3358863149120475,73.8,32.83,5.198157098923984e-05
2022-04-01 14:00:00+00:00,2.7104076308660385,75.1,32.43,0.0
2022-04-01 15:00:00+00:00,1.459450262774021,80.7,31.27,0.0
2022-04-01 16:00:00+00:00,0.6393782103581425,117.1,30.11,0.0
2022-04-01 17:00:00+00:00,1.0146654207857477,205.9,29.42,0.0
2022-04-01 18:00:00+00:00,2.5436133151204365,232.8,28.54,0.0
2022-04-01 19:00:00+00:00,3.5443792095940503,242.7,27.56,0.00022129778332958595
2022-04-01 20:00:00+00:00,3.8223697358367215,250.6,26.62,0.0007629109176013152
2022-04-01 21:00:00+00:00,3.683374472715386,257.4,25.73,0.00043777275252535725
2022-04-01 22:00:00+00:00,3.5999773148425844,264.5,24.64,0.00029626268992632233
2022-04-01 23:00:00+00:00,3.488781104345516,272.7,23.8,0.0001601827320135531
2022-04-02 00:00:00+00:00,3.196891051790712,279.7,23.13,1.0470089849854629e-05
2022-04-02 01:00:00+00:00,3.9335659463337898,285.4,23.77,0.0011161112261483472
2022-04-02 02:00:00+00:00,2.8911014729237747,295.1,26.79,0.0
2022-04-02 03:00:00+00:00,0.6115791577338754,307.7,31.03,0.0
2022-04-02 04:00:00+00:00,1.2231583154677508,127.6,34.31,0.0
2022-04-02 05:00:00+00:00,2.1822256310049646,114.8,36.63,0.0
2022-04-02 06:00:00+00:00,2.932800051860175,102.1,38.32,0.0
2022-04-02 07:00:00+00:00,3.5304796832819174,93.4,39.42,0.00020477585056895208
2022-04-02 08:00:00+00:00,4.239355525200727,86.6,39.9,0.0026113205918682114
2022-04-02 09:00:00+00:00,5.031628524992339,84.0,39.76,0.011502847903281375
2022-04-02 10:00:00+00:00,5.573710051165546,84.6,39.24,0.023385751338868273
2022-04-02 11:00:00+00:00,5.893399156344618,85.7,38.18,0.03322748902038412
2022-04-02 12:00:00+00:00,4.781437051373935,87.7,36.3,0.007755037711124997
2022-04-02 13:00:00+00:00,3.5026806306576503,92.7,33.49,0.00017424042651131133
2022-04-02 14:00:00+00:00,3.5304796832819174,95.6,32.78,0.00020477585056895208
2022-04-02 15:00:00+00:00,2.960599104484442,99.2,32.04,0.0
2022-04-02 16:00:00+00:00,2.0571298941957625,105.6,31.09,0.0
2022-04-02 17:00:00+00:00,1.5289478943346886,119.4,30.07,0.0
2022-04-02 18:00:00+00:00,1.5567469469589557,138.6,29.22,0.0
2022-04-02 19:00:00+00:00,1.8903355784501605,155.1,28.31,0.0
2022-04-02 20:00:00+00:00,1.987632262635095,174.8,27.34,0.0
2022-04-02 21:00:00+00:00,2.1266275257564304,194.0,26.1,0.0
2022-04-02 22:00:00+00:00,2.376818999374834,209.9,25.1,0.0
2022-04-02 23:00:00+00:00,2.5297137888083028,216.5,24.51,0.0
2022-04-03 00:00:00+00:00,2.613110946681104,217.4,24.06,0.0
2022-04-03 01:00:00+00:00,3.655575420091119,213.7,25.17,0.0003864919542278135
2022-04-03 02:00:00+00:00,4.155958367327926,197.9,28.21,0.002118844329623507
2022-04-03 03:00:00+00:00,4.753637998749668,176.0,31.86,0.007397625028250831
2022-04-03 04:00:00+00:00,5.226221893362208,156.8,34.83,0.01513483950649421
2022-04-03 05:00:00+00:00,5.448614314356345,141.8,36.93,0.02013880161320679
2022-04-03 06:00:00+00:00,5.490312893292746,127.8,38.58,0.02118528071395504
2022-04-03 07:00:00+00:00,5.573710051165546,115.2,39.65,0.023385751338868273
2022-04-03 08:00:00+00:00,5.796102472159683,104.4,40.15,0.029986910408868205
2022-04-03 09:00:00+00:00,6.282585893084356,95.8,40.11,0.04851999730082746
2022-04-03 10:00:00+00:00,6.685672156136229,90.2,39.5,0.06867878079302038
2022-04-03 11:00:00+00:00,6.977562208691032,86.7,38.34,0.0863223815836885
2022-04-03 12:00:00+00:00,5.504212419604879,85.7,36.09,0.0215419972920859
2022-04-03 13:00:00+00:00,4.4756474725069975,87.3,32.34,0.004407784228315372
2022-04-03 14:00:00+00:00,4.8648342092467365,90.8,31.31,0.008895966812283286
2022-04-03 15:00:00+00:00,4.823135630310336,96.0,30.32,0.008312456927350872
2022-04-03 16:00:00+00:00,4.420049367258463,103.8,29.29,0.0039281023906751365
2022-04-03 17:00:00+00:00,3.808470209524588,118.3,28.46,0.0007248773616684016
2022-04-03 18:00:00+00:00,3.2802882096635133,142.9,27.67,3.0205564761644622e-05
2022-04-03 19:00:00+00:00,3.2802882096635133,169.0,26.66,3.0205564761644622e-05
2022-04-03 20:00:00+00:00,3.5999773148425844,185.8,25.88,0.00029626268992632233
2022-04-03 21:00:00+00:00,3.752872104276054,198.1,25.17,0.0005853775855548267
2022-04-03 22:00:00+00:00,3.8223697358367215,209.4,24.46,0.0007629109176013152
2022-04-03 23:00:00+00:00,3.7667716305881873,218.0,23.83,0.000618401565641259
2022-04-04 00:00:00+00:00,3.5443792095940503,222.6,23.22,0.00022129778332958595
2022-04-04 01:00:00+00:00,4.878733735558869,223.2,24.03,0.009096371174441733
2022-04-04 02:00:00+00:00,4.878733735558869,215.4,26.99,0.009096371174441733
2022-04-04 03:00:00+00:00,4.906532788183137,193.2,31.0,0.009506164109132393
2022-04-04 04:00:00+00:00,5.073327103928739,170.5,34.36,0.012225762279898732
2022-04-04 05:00:00+00:00,4.767537525061802,153.3,36.65,0.007574926091293861
2022-04-04 06:00:00+00:00,4.447848419882731,134.7,38.39,0.004163338869536317
2022-04-04 07:00:00+00:00,4.4756474725069975,116.7,39.5,0.004407784228315372
2022-04-04 08:00:00+00:00,4.823135630310336,102.2,39.88,0.008312456927350872
2022-04-04 09:00:00+00:00,4.837035156622469,94.8,39.71,0.008504031790338215
2022-04-04 10:00:00+00:00,4.628542261940466,91.2,39.11,0.0059247437522666705
2022-04-04 11:00:00+00:00,4.6702408408768665,87.3,38.38,0.006391602652921991
2022-04-04 12:00:00+00:00,3.4192834727848487,84.4,36.39,0.00010111037082036194
2022-04-04 13:00:00+00:00,2.5992114203689707,81.7,34.2,0.0
2022-04-04 14:00:00+00:00,2.2378237362534987,82.9,33.32,0.0
2022-04-04 15:00:00+00:00,2.015431315259362,91.6,32.18,0.0
2022-04-04 16:00:00+00:00,1.932034157386561,108.0,31.1,0.0
2022-04-04 17:00:00+00:00,2.0293308415714955,128.0,30.04,0.0
2022-04-04 18:00:00+00:00,2.4185175783112345,144.1,29.06,0.0
2022-04-04 19:00:00+00:00,2.7382066834903056,152.5,28.22,0.0
2022-04-04 20:00:00+00:00,2.8633024202995077,158.9,27.51,0.0
2022-04-04 21:00:00+00:00,2.5714123677447036,168.8,26.84,0.0
2022-04-04 22:00:00+00:00,2.3351204204384333,181.7,26.23,0.0
2022-04-04 23:00:00+00:00,2.4741156835597686,190.4,25.87,0.0
2022-04-05 00:00:00+00:00,2.9883981571087093,194.6,25.48,0.0
2022-04-05 01:00:00+00:00,4.308853156761395,200.0,25.78,0.0030757090183491102
2022-04-05 02:00:00+00:00,5.3235185775471425,195.1,27.9,0.017207228239273998
2022-04-05 03:00:00+00:00,6.282585893084356,180.9,31.33,0.04851999730082746
2022-04-05 04:00:00+00:00,6.379882577269291,164.4,34.32,0.05296357707417774
2022-04-05 05:00:00+00:00,5.921198208968884,148.3,36.46,0.034194444177435696
2022-04-05 06:00:00+00:00,5.740504366911149,132.8,38.13,0.028233451092246224
2022-04-05 07:00:00+00:00,5.754403893223282,120.0,39.26,0.028665224164179125
2022-04-05 08:00:00+00:00,5.962896787905286,107.9,39.78,0.03567976958915885
2022-04-05 09:00:00+00:00,6.282585893084356,97.3,39.65,0.04851999730082746
2022-04-05 10:00:00+00:00,6.588375471951294,90.7,39.05,0.06338202493675352
2022-04-05 11:00:00+00:00,6.866365998193966,87.1,37.84,0.07928323460681022
2022-04-05 12:00:00+00:00,5.5876095774776795,87.3,35.9,0.02376669109065298
2022-04-05 13:00:00+00:00,4.3366522093856625,92.2,32.83,0.0032758781055688304
2022-04-05 14:00:00+00:00,4.795336577686069,97.3,31.9,0.00793798198934463
2022-04-05 15:00:00+00:00,4.781437051373935,104.6,30.72,0.007755037711124997
2022-04-05 16:00:00+00:00,4.572944156691932,115.2,29.61,0.005338415648238799
2022-04-05 17:00:00+00:00,4.572944156691932,127.6,28.69,0.005338415648238799
2022-04-05 18:00:00+00:00,4.892633261871003,137.6,27.94,0.009299762906191316
2022-04-05 19:00:00+00:00,5.337418103859276,144.9,27.48,0.01751788544293783
2022-04-05 20:00:00+00:00,5.11502568286514,152.3,27.15,0.012978347784483516
2022-04-05 21:00:00+00:00,4.517346051443398,165.2,26.75,0.004792105694336564
2022-04-05 22:00:00+00:00,3.989164051582324,183.8,26.15,0.0013276311875834244
2022-04-05 23:00:00+00:00,3.5860777885304516,199.5,25.51,0.000276145683743258
2022-04-06 00:00:00+00:00,3.3775848938484487,208.5,24.99,7.38441855273961e-05
2022-04-06 01:00:00+00:00,4.4061498409463296,208.7,25.49,0.0038138822272128117
2022-04-06 02:00:00+00:00,4.823135630310336,197.4,27.86,0.008312456927350872
2022-04-06 03:00:00+00:00,5.420815261732077,175.7,31.33,0.019460653391407894
2022-04-06 04:00:00+00:00,5.712705314286882,156.2,34.36,0.027382955853223256
2022-04-06 05:00:00+00:00,5.35131763017141,138.1,36.66,0.017832259369005187
2022-04-06 06:00:00+00:00,5.11502568286514,118.7,38.25,0.012978347784483516
2022-04-06 07:00:00+00:00,5.226221893362208,101.8,39.32,0.01513483950649421
2022-04-06 08:00:00+00:00,5.684906261662614,87.6,39.8,0.026549714476654915
2022-04-06 09:00:00+00:00,6.254786840460089,79.0,39.77,0.047297711284937566
2022-04-06 10:00:00+00:00,6.671772629824095,75.0,39.17,0.06790469646486533
2022-04-06 11:00:00+00:00,6.963662682378899,73.9,38.02,0.08542058378901518
2022-04-06 12:00:00+00:00,5.559810524853413,75.4,36.04,0.023008904036693503
2022-04-06 13:00:00+00:00,4.21155647257646,80.5,32.83,0.0024395148042953133
2022-04-06 14:00:00+00:00,4.517346051443398,85.9,31.85,0.004792105694336564
2022-04-06 15:00:00+00:00,4.447848419882731,91.6,30.89,0.004163338869536317
2022-04-06 16:00:00+00:00,4.267154577824994,99.7,30.17,0.002791009163336437
2022-04-06 17:00:00+00:00,4.433948893570597,112.7,29.52,0.00404458057091618
2022-04-06 18:00:00+00:00,5.198422840737941,126.2,29.01,0.014574919150395974
2022-04-06 19:00:00+00:00,5.490312893292746,139.6,28.37,0.02118528071395504
2022-04-06 20:00:00+00:00,5.226221893362208,155.7,27.71,0.01513483950649421
2022-04-06 21:00:00+00:00,5.11502568286514,175.0,27.1,0.012978347784483516
2022-04-06 22:00:00+00:00,5.462513840668478,193.8,26.49,0.020483704976115853
2022-04-06 23:00:00+00:00,5.726604840599015,206.7,25.79,0.027806035689127713
2022-04-07 00:00:00+00:00,5.615408630101947,214.5,25.09,0.024540936349453625
2022-04-07 01:00:00+00:00,5.9767963142174185,216.7,25.34,0.036184271179773554
2022-04-07 02:00:00+00:00,5.893399156344618,211.6,27.87,0.03322748902038412
2022-04-07 03:00:00+00:00,5.15672426180154,198.7,31.41,0.013761201160245875
2022-04-07 04:00:00+00:00,4.12815931470366,177.3,34.33,0.001969626016918578
2022-04-07 05:00:00+00:00,3.516580156969783,153.2,36.44,0.00018909743216298478
2022-04-07 06:00:00+00:00,3.3636853675363145,131.5,38.08,6.598571939797699e-05
2022-04-07 07:00:00+00:00,3.3914844201605816,115.2,39.2,8.230304840734889e-05
2022-04-07 08:00:00+00:00,3.752872104276054,100.2,39.77,0.0005853775855548267
2022-04-07 09:00:00+00:00,4.517346051443398,87.7,39.79,0.004792105694336564
2022-04-07 10:00:00+00:00,5.226221893362208,81.4,39.34,0.01513483950649421
2022-04-07 11:00:00+00:00,5.7822029458475495,78.8,38.38,0.029541931720889748
2022-04-07 12:00:00+00:00,4.739738472437534,78.3,36.49,0.007223112420395537
2022-04-07 13:00:00+00:00,3.864068314773122,80.1,33.45,0.000884945879576919
2022-04-07 14:00:00+00:00,4.517346051443398,84.0,32.64,0.004792105694336564
2022-04-07 15:00:00+00:00,5.406915735419944,91.9,31.78,0.01912736432931732
2022-04-07 16:00:00+00:00,5.9767963142174185,104.0,30.91,0.036184271179773554
2022-04-07 17:00:00+00:00,6.157490156275155,118.1,30.03,0.04318157587819536
2022-04-07 18:00:00+00:00,6.01849489315382,130.5,29.13,0.03772626473414412
2022-04-07 19:00:00+00:00,5.573710051165546,140.6,28.17,0.023385751338868273
2022-04-07 20:00:00+00:00,4.948231367119537,149.4,27.18,0.010143645561108344
2022-04-07 21:00:00+00:00,4.142058841015793,159.4,26.26,0.002043327180885438
2022-04-07 22:00:00+00:00,3.5999773148425844,170.0,25.53,0.00029626268992632233
2022-04-07 23:00:00+00:00,3.321986788599914,178.3,25.06,4.579168550916993e-05
2022-04-08 00:00:00+00:00,3.0995943676057776,185.4,24.79,1.3551170407727066e-06
2022-04-08 01:00:00+00:00,4.253255051512861,191.1,25.93,0.002700168478815222
2022-04-08 02:00:00+00:00,5.601509103789814,184.4,28.47,0.024151745393648
2022-04-08 03:00:00+00:00,6.671772629824095,160.9,31.86,0.06790469646486533
2022-04-08 04:00:00+00:00,6.143590629963021,144.6,34.19,0.042613816214480814
2022-04-08 05:00:00+00:00,5.254020945986475,131.4,36.2,0.015708919500994498
2022-04-08 06:00:00+00:00,4.753637998749668,116.2,37.73,0.007397625028250831
2022-04-08 07:00:00+00:00,4.711939419813268,102.6,38.55,0.00688236416384667
2022-04-08 08:00:00+00:00,4.948231367119537,93.4,38.57,0.010143645561108344
2022-04-08 09:00:00+00:00,5.1289252091772735,90.0,38.16,0.013235906344139632
2022-04-08 10:00:00+00:00,5.1289252091772735,88.0,37.55,0.013235906344139632
2022-04-08 11:00:00+00:00,5.212322367050074,87.4,37.03,0.01485312042444501
2022-04-08 12:00:00+00:00,4.253255051512861,88.3,35.62,0.002700168478815222
2022-04-08 13:00:00+00:00,2.905000999235908,91.9,33.37,0.0
2022-04-08 14:00:00+00:00,2.9883981571087093,95.6,32.66,0.0
2022-04-08 15:00:00+00:00,2.9883981571087093,99.4,32.27,0.0
2022-04-08 16:00:00+00:00,3.5026806306576503,106.6,31.77,0.00017424042651131133
2022-04-08 17:00:00+00:00,4.9343318408074035,115.2,31.13,0.009928083334990526
2022-04-08 18:00:00+00:00,4.962130893431671,122.8,29.9,0.010362305664819162
2022-04-08 19:00:00+00:00,4.628542261940466,127.9,28.88,0.0059247437522666705
2022-04-08 20:00:00+00:00,3.864068314773122,132.2,27.9,0.000884945879576919
2022-04-08 21:00:00+00:00,3.1134938939179113,138.1,27.01,2.0053489814363437e-06
2022-04-08 22:00:00+00:00,2.8077043150509735,143.5,26.45,0.0
2022-04-08 23:00:00+00:00,2.8077043150509735,146.9,26.21,0.0
2022-04-09 00:00:00+00:00,2.613110946681104,149.3,25.96,0.0
2022-04-09 01:00:00+00:00,3.210790578102846,157.6,26.55,1.2847719802171193e-05
2022-04-09 02:00:00+00:00,4.725838946125401,174.9,28.4,0.007051366166127606
2022-04-09 03:00:00+00:00,5.684906261662614,170.0,30.81,0.026549714476654915
2022-04-09 04:00:00+00:00,5.309619051235009,157.5,33.15,0.016900265656413307
2022-04-09 05:00:00+00:00,4.489546998819131,142.8,35.36,0.0045335154916750515
2022-04-09 06:00:00+00:00,3.891867367397389,127.3,37.12,0.0009731354487117983
2022-04-09 07:00:00+00:00,3.627776367466852,111.8,38.22,0.0003393808709624709
2022-04-09 08:00:00+00:00,3.5860777885304516,98.9,38.52,0.000276145683743258
2022-04-09 09:00:00+00:00,3.683374472715386,87.0,38.08,0.00043777275252535725
2022-04-09 10:00:00+00:00,3.711173525339653,75.7,37.64,0.0004934000786581087
2022-04-09 11:00:00+00:00,3.627776367466852,61.2,36.74,0.0003393808709624709
2022-04-09 12:00:00+00:00,2.849402893987374,47.2,35.36,0.0
2022-04-09 13:00:00+00:00,1.7652398416409587,17.4,33.6,0.0
2022-04-09 14:00:00+00:00,2.265622788877766,346.1,32.92,0.0
2022-04-09 15:00:00+00:00,2.5297137888083028,334.3,32.07,0.0
2022-04-09 16:00:00+00:00,2.2517232625656325,330.4,31.2,0.0
2022-04-09 17:00:00+00:00,1.570646473271089,329.8,30.51,0.0
2022-04-09 18:00:00+00:00,0.9034692102886797,346.6,29.91,0.0
2022-04-09 19:00:00+00:00,0.9868663681614808,16.4,29.38,0.0
2022-04-09 20:00:00+00:00,1.6123450522074896,22.8,28.9,0.0
2022-04-09 21:00:00+00:00,2.5019147361840357,24.0,28.41,0.0
2022-04-09 22:00:00+00:00,3.405383946472716,30.4,27.92,9.138440963821283e-05
2022-04-09 23:00:00+00:00,3.5582787359061845,42.2,27.56,0.00023868533204526545
2022-04-10 00:00:00+00:00,3.0995943676057776,60.8,27.36,1.3551170407727066e-06
2022-04-10 01:00:00+00:00,3.474881578033383,83.8,27.64,0.00014690224706933659
2022-04-10 02:00:00+00:00,4.433948893570597,115.0,29.03,0.00404458057091618
2022-04-10 03:00:00+00:00,4.962130893431671,121.4,30.96,0.010362305664819162
2022-04-10 04:00:00+00:00,4.850934682934603,109.6,33.04,0.008698527718115565
2022-04-10 05:00:00+00:00,4.781437051373935,95.3,34.79,0.007755037711124997
2022-04-10 06:00:00+00:00,4.781437051373935,88.5,36.01,0.007755037711124997
2022-04-10 07:00:00+00:00,4.781437051373935,87.2,36.56,0.007755037711124997
2022-04-10 08:00:00+00:00,4.586843683004066,86.0,36.27,0.0054811907186705505
2022-04-10 09:00:00+00:00,4.294953630449261,83.3,35.87,0.0029787573315030076
2022-04-10 10:00:00+00:00,4.142058841015793,79.4,35.62,0.002043327180885438
2022-04-10 11:00:00+00:00,3.97526452527019,75.0,35.18,0.00127244715047499
2022-04-10 12:00:00+00:00,2.7938047887388398,71.1,34.06,0.0
2022-04-10 13:00:00+00:00,2.0571298941957625,60.8,32.06,0.0
2022-04-10 14:00:00+00:00,1.8208379468894929,50.0,31.15,0.0
2022-04-10 15:00:00+00:00,1.6262445785196231,39.4,30.16,0.0
2022-04-10 16:00:00+00:00,1.3482540522769526,41.2,29.4,0.0
2022-04-10 17:00:00+00:00,1.2509573680920179,78.4,28.58,0.0
2022-04-10 18:00:00+00:00,1.9459336836986945,114.9,28.0,0.0
2022-04-10 19:00:00+00:00,2.585311894056837,130.2,27.45,0.0
2022-04-10 20:00:00+00:00,2.668709051929638,140.3,26.67,0.0
2022-04-10 21:00:00+00:00,2.5158142624961695,152.7,26.05,0.0
2022-04-10 22:00:00+00:00,2.2239242099413654,166.2,25.77,0.0
2022-04-10 23:00:00+00:00,1.8347374732016264,180.9,25.53,0.0
2022-04-11 00:00:00+00:00,1.487249315398288,196.2,25.21,0.0
2022-04-11 01:00:00+00:00,1.306555473340552,215.0,26.16,0.0
2022-04-11 02:00:00+00:00,2.5019147361840357,201.9,28.77,0.0
2022-04-11 03:00:00+00:00,3.1829915254785788,175.7,31.7,8.405535843187353e-06
2022-04-11 04:00:00+00:00,3.0995943676057776,142.8,34.04,1.3551170407727066e-06
2022-04-11 05:00:00+00:00,3.6138768411547186,117.9,35.74,0.0003173337184659358
2022-04-11 06:00:00+00:00,4.281054104137128,105.3,36.92,0.002883864747032247
2022-04-11 07:00:00+00:00,4.684140367189,96.5,37.47,0.006552504508844232
2022-04-11 08:00:00+00:00,4.920432314495271,90.2,37.36,0.009715596884865342
2022-04-11 09:00:00+00:00,5.1289252091772735,85.8,37.08,0.013235906344139632
2022-04-11 10:00:00+00:00,5.462513840668478,81.1,36.52,0.020483704976115853
2022-04-11 11:00:00+00:00,5.5181119459170125,78.4,35.73,0.02190269581182482
2022-04-11 12:00:00+00:00,4.378350788322063,77.9,34.17,0.0035921275442228223
2022-04-11 13:00:00+00:00,3.669474946403253,79.3,32.38,0.00041160008819737294
2022-04-11 14:00:00+00:00,4.044762156830858,81.3,31.59,0.0015643170236916096
2022-04-11 15:00:00+00:00,4.239355525200727,83.0,30.85,0.0026113205918682114
2022-04-11 16:00:00+00:00,4.239355525200727,85.7,30.21,0.0026113205918682114
2022-04-11 17:00:00+00:00,4.21155647257646,94.2,29.69,0.0024395148042953133
2022-04-11 18:00:00+00:00,4.350551735697795,109.2,29.18,0.0033791397091431905
2022-04-11 19:00:00+00:00,3.725073051651787,120.5,28.47,0.0005228989436636271
2022-04-11 20:00:00+00:00,3.03009673604511,132.0,27.79,3.739647521900956e-08
2022-04-11 21:00:00+00:00,2.55751284143257,146.1,27.41,0.0
2022-04-11 22:00:00+00:00,2.2100246836292317,161.7,27.03,0.0
2022-04-11 23:00:00+00:00,2.0710294205078963,176.5,26.53,0.0
2022-04-12 00:00:00+00:00,2.0571298941957625,189.7,26.02,0.0
2022-04-12 01:00:00+00:00,2.0710294205078963,202.1,26.78,0.0
2022-04-12 02:00:00+00:00,2.349019946750567,190.2,28.68,0.0
2022-04-12 03:00:00+00:00,3.294187735975647,137.9,31.29,3.492578399574811e-05
2022-04-12 04:00:00+00:00,4.711939419813268,112.4,33.56,0.00688236416384667
2022-04-12 05:00:00+00:00,5.379116682795677,99.8,35.24,0.01847224579475195
2022-04-12 06:00:00+00:00,5.796102472159683,90.4,36.49,0.029986910408868205
2022-04-12 07:00:00+00:00,6.143590629963021,83.0,37.2,0.042613816214480814
2022-04-12 08:00:00+00:00,6.477179261454226,78.5,37.49,0.057670499626681526
2022-04-12 09:00:00+00:00,6.657873103511962,75.9,37.38,0.06713645061274993
2022-04-12 10:00:00+00:00,6.782968840321163,73.9,37.13,0.07426270495364592
2022-04-12 11:00:00+00:00,6.268686366772223,73.4,36.51,0.047906255528068174
2022-04-12 12:00:00+00:00,3.989164051582324,69.4,34.54,0.0013276311875834244
2022-04-12 13:00:00+00:00,3.627776367466852,67.0,32.57,0.0003393808709624709
2022-04-12 14:00:00+00:00,3.5999773148425844,73.9,31.93,0.00029626268992632233
2022-04-12 15:00:00+00:00,3.405383946472716,87.0,31.22,9.138440963821283e-05
2022-04-12 16:00:00+00:00,3.516580156969783,102.3,30.66,0.00018909743216298478
2022-04-12 17:00:00+00:00,2.7382066834903056,107.7,29.91,0.0
2022-04-12 18:00:00+00:00,2.08492894682003,114.0,29.22,0.0
2022-04-12 19:00:00+00:00,1.2370578417798843,116.0,28.46,0.0
2022-04-12 20:00:00+00:00,0.7088758419188101,123.1,27.79,0.0
2022-04-12 21:00:00+00:00,0.5976796314217419,128.5,27.19,0.0
2022-04-12 22:00:00+00:00,0.7922729997916113,124.3,26.6,0.0
2022-04-12 23:00:00+00:00,1.2231583154677508,118.6,25.96,0.0
2022-04-13 00:00:00+00:00,1.7235412627045579,110.8,25.27,0.0
2022-04-13 01:00:00+00:00,2.5714123677447036,107.3,26.4,0.0
2022-04-13 02:00:00+00:00,4.586843683004066,116.1,28.81,0.0054811907186705505
2022-04-13 03:00:00+00:00,6.352083524645025,117.5,31.49,0.05166744266506765
2022-04-13 04:00:00+00:00,7.811533787419045,110.3,34.18,0.1527999074452072
2022-04-13 05:00:00+00:00,8.70110347139559,104.5,36.28,0.25418460381354163
2022-04-13 06:00:00+00:00,9.118089260759596,101.2,37.73,0.31413758333138475
2022-04-13 07:00:00+00:00,9.312682629129467,98.8,38.71,0.3450756690508612
2022-04-13 08:00:00+00:00,9.270984050193066,97.4,39.12,0.33828252238163425
2022-04-13 09:00:00+00:00,9.201486418632399,96.5,39.02,0.3271597460844485
2022-04-13 10:00:00+00:00,9.145888313383864,97.0,38.3,0.3184391550678458
2022-04-13 11:00:00+00:00,8.937395418701861,98.9,37.01,0.28711798059856425
2022-04-13 12:00:00+00:00,7.255552734933704,102.6,35.09,0.10571592196770735
2022-04-13 13:00:00+00:00,5.087226630240873,109.3,32.36,0.01247329785396345
2022-04-13 14:00:00+00:00,4.837035156622469,119.1,31.32,0.008504031790338215
2022-04-13 15:00:00+00:00,4.12815931470366,137.6,30.36,0.001969626016918578
2022-04-13 16:00:00+00:00,3.5304796832819174,168.4,29.18,0.00020477585056895208
2022-04-13 17:00:00+00:00,4.6702408408768665,206.1,28.73,0.006391602652921991
2022-04-13 18:00:00+00:00,5.5876095774776795,225.1,27.81,0.02376669109065298
2022-04-13 19:00:00+00:00,6.282585893084356,235.1,26.98,0.04851999730082746
2022-04-13 20:00:00+00:00,6.518877840390627,244.5,26.12,0.059770245921690696
2022-04-13 21:00:00+00:00,6.421581156205692,247.1,25.48,0.0549481415100816
2022-04-13 22:00:00+00:00,6.157490156275155,247.1,25.0,0.04318157587819536
2022-04-13 23:00:00+00:00,5.712705314286882,243.9,24.63,0.027382955853223256
2022-04-14 00:00:00+00:00,5.434714788044212,236.6,24.37,0.01979779178550429
2022-04-14 01:00:00+00:00,5.823901524783951,231.3,24.7,0.030890228112073235
2022-04-14 02:00:00+00:00,6.282585893084356,233.5,26.46,0.04851999730082746
2022-04-14 03:00:00+00:00,5.504212419604879,237.1,28.88,0.0215419972920859
2022-04-14 04:00:00+00:00,3.3775848938484487,233.9,31.35,7.38441855273961e-05
2022-04-14 05:00:00+00:00,1.1675602102192166,196.5,33.61,0.0
2022-04-14 06:00:00+00:00,1.904235104762294,99.3,35.58,0.0
2022-04-14 07:00:00+00:00,3.210790578102846,85.8,36.87,1.2847719802171193e-05
2022-04-14 08:00:00+00:00,4.058661683142991,83.7,37.44,0.0016275864126391443
2022-04-14 09:00:00+00:00,4.447848419882731,85.7,37.37,0.004163338869536317
2022-04-14 10:00:00+00:00,4.420049367258463,91.4,36.9,0.0039281023906751365
2022-04-14 11:00:00+00:00,4.294953630449261,100.3,36.01,0.0029787573315030076
2022-04-14 12:00:00+00:00,3.655575420091119,113.1,34.63,0.0003864919542278135
2022-04-14 13:00:00+00:00,2.6548095256175044,137.5,32.58,0.0
2022-04-14 14:00:00+00:00,3.1829915254785788,159.6,31.77,8.405535843187353e-06
2022-04-14 15:00:00+00:00,4.225455998888594,187.6,30.92,0.002524443400895039
2022-04-14 16:00:00+00:00,5.7822029458475495,211.9,29.62,0.029541931720889748
2022-04-14 17:00:00+00:00,7.338949892806506,226.8,28.16,0.11205374507429589
2022-04-14 18:00:00+00:00,8.38141436621652,239.2,26.72,0.21377739126797088
2022-04-14 19:00:00+00:00,8.075624787349582,248.7,25.56,0.17936636239301096
2022-04-14 20:00:00+00:00,7.269452261245838,257.6,24.82,0.1067551800346648
2022-04-14 21:00:00+00:00,6.463279735142093,264.8,24.39,0.05698167177108102
2022-04-14 22:00:00+00:00,5.823901524783951,268.4,24.08,0.030890228112073235
2022-04-14 23:00:00+00:00,5.254020945986475,267.0,23.76,0.015708919500994498
2022-04-15 00:00:00+00:00,4.850934682934603,261.9,23.44,0.008698527718115565
2022-04-15 01:00:00+00:00,5.684906261662614,261.8,23.99,0.026549714476654915
2022-04-15 02:00:00+00:00,6.226987787835823,266.9,25.99,0.04609612698116098
2022-04-15 03:00:00+00:00,5.851700577408217,274.9,28.74,0.031811506928944924
2022-04-15 04:00:00+00:00,4.823135630310336,284.9,31.49,0.008312456927350872
2022-04-15 05:00:00+00:00,3.8362692621488548,291.9,33.33,0.0008022521214967887
2022-04-15 06:00:00+00:00,2.9883981571087093,297.8,34.51,0.0
2022-04-15 07:00:00+00:00,2.4463166309355016,303.4,35.09,0.0
2022-04-15 08:00:00+00:00,2.376818999374834,311.4,35.38,0.0
2022-04-15 09:00:00+00:00,2.4602161572476353,317.3,35.28,0.0
2022-04-15 10:00:00+00:00,2.3907185256869674,324.9,34.74,0.0
2022-04-15 11:00:00+00:00,2.279522315189899,330.8,33.76,0.0
2022-04-15 12:00:00+00:00,1.9459336836986945,323.7,32.56,0.0
2022-04-15 13:00:00+00:00,1.7930388942652258,308.7,30.85,0.0
2022-04-15 14:00:00+00:00,2.2239242099413654,299.1,30.01,0.0
2022-04-15 15:00:00+00:00,2.6270104729932373,295.3,29.34,0.0
2022-04-15 16:00:00+00:00,3.002297683420843,294.1,28.77,1.6639606180337144e-11
2022-04-15 17:00:00+00:00,3.5999773148425844,293.0,28.23,0.00029626268992632233
2022-04-15 18:00:00+00:00,4.378350788322063,293.6,27.69,0.0035921275442228223
2022-04-15 19:00:00+00:00,4.837035156622469,295.4,27.1,0.008504031790338215
2022-04-15 20:00:00+00:00,4.837035156622469,295.8,26.47,0.008504031790338215
2022-04-15 21:00:00+00:00,4.9343318408074035,290.4,25.88,0.009928083334990526
2022-04-15 22:00:00+00:00,4.906532788183137,283.2,25.36,0.009506164109132393
2022-04-15 23:00:00+00:00,4.767537525061802,275.9,24.89,0.007574926091293861
2022-04-16 00:00:00+00:00,4.6424417882526,271.5,24.45,0.006077744376233591
2022-04-16 01:00:00+00:00,5.170623788113674,272.0,24.83,0.014028981619896769
2022-04-16 02:00:00+00:00,4.795336577686069,281.5,27.4,0.00793798198934463
2022-04-16 03:00:00+00:00,2.6826085782417715,300.6,30.62,0.0
2022-04-16 04:00:00+00:00,1.7652398416409587,18.3,33.14,0.0
2022-04-16 05:00:00+00:00,2.5158142624961695,47.2,35.12,0.0
2022-04-16 06:00:00+00:00,2.4463166309355016,54.5,36.55,0.0
2022-04-16 07:00:00+00:00,1.932034157386561,57.3,37.39,0.0
2022-04-16 08:00:00+00:00,1.2092587891556172,59.6,37.61,0.0
2022-04-16 09:00:00+00:00,0.44478484198827306,55.3,37.37,0.0
2022-04-16 10:00:00+00:00,0.3474881578033383,303.7,36.61,0.0
2022-04-16 11:00:00+00:00,1.3760531049012197,281.1,35.32,0.0
2022-04-16 12:00:00+00:00,2.3212208941263,277.5,33.8,0.0
2022-04-16 13:00:00+00:00,2.877201946611641,274.7,31.83,0.0
2022-04-16 14:00:00+00:00,4.392250314634197,272.4,30.82,0.0037018979789288364
2022-04-16 15:00:00+00:00,6.115791577338754,271.3,29.76,0.04149327063112731
2022-04-16 16:00:00+00:00,7.186055103373036,270.7,28.46,0.10062069074974332
2022-04-16 17:00:00+00:00,7.436246576991439,270.3,27.17,0.11976212779461047
2022-04-16 18:00:00+00:00,7.325050366494371,269.8,26.05,0.11098032176705581
2022-04-16 19:00:00+00:00,7.255552734933704,270.4,25.15,0.10571592196770735
2022-04-16 20:00:00+00:00,6.935863629754633,271.6,24.49,0.08363587392701052
2022-04-16 21:00:00+00:00,6.185289208899422,272.1,23.96,0.04433217945770191
2022-04-16 22:00:00+00:00,5.212322367050074,271.2,23.52,0.01485312042444501
2022-04-16 23:00:00+00:00,4.489546998819131,267.5,23.13,0.0045335154916750515
2022-04-17 00:00:00+00:00,4.12815931470366,264.0,22.83,0.001969626016918578
2022-04-17 01:00:00+00:00,4.989929946055938,266.0,23.38,0.010809007911421285
2022-04-17 02:00:00+00:00,5.643207682726214,273.7,25.42,0.025331816625898403
2022-04-17 03:00:00+00:00,5.073327103928739,281.4,28.52,0.012225762279898732
2022-04-17 04:00:00+00:00,4.003063577894457,284.5,31.4,0.0013843880918589244
2022-04-17 05:00:00+00:00,3.294187735975647,282.9,33.18,3.492578399574811e-05
2022-04-17 06:00:00+00:00,2.8077043150509735,281.1,34.47,0.0
2022-04-17 07:00:00+00:00,2.4463166309355016,279.8,35.22,0.0
2022-04-17 08:00:00+00:00,2.3212208941263,278.3,35.45,0.0
2022-04-17 09:00:00+00:00,2.279522315189899,278.4,35.17,0.0
2022-04-17 10:00:00+00:00,2.279522315189899,275.6,34.37,0.0
2022-04-17 11:00:00+00:00,2.4880152098719024,266.5,33.65,0.0
2022-04-17 12:00:00+00:00,2.4185175783112345,256.0,32.33,0.0
2022-04-17 13:00:00+00:00,2.640909999305371,247.4,29.69,0.0
2022-04-17 14:00:00+00:00,3.433182999096983,245.1,28.56,0.00011150303355417385
2022-04-17 15:00:00+00:00,4.3366522093856625,245.4,27.79,0.0032758781055688304
2022-04-17 16:00:00+00:00,5.671006735350481,246.3,27.09,0.026139508732790348
2022-04-17 17:00:00+00:00,6.782968840321163,247.1,26.25,0.07426270495364592
2022-04-17 18:00:00+00:00,6.935863629754633,248.6,25.38,0.08363587392701052
2022-04-17 19:00:00+00:00,6.741270261384763,251.9,24.69,0.07183394489804402
2022-04-17 20:00:00+00:00,6.33818399833289,255.7,24.13,0.05102738172015916
2022-04-17 21:00:00+00:00,5.671006735350481,255.7,23.7,0.026139508732790348
2022-04-17 22:00:00+00:00,4.906532788183137,250.8,23.41,0.009506164109132393
2022-04-17 23:00:00+00:00,4.12815931470366,243.6,23.2,0.001969626016918578
2022-04-18 00:00:00+00:00,3.488781104345516,234.2,23.02,0.0001601827320135531
2022-04-18 01:00:00+00:00,4.100360262079392,232.7,23.55,0.001827583236896953
2022-04-18 02:00:00+00:00,4.461747946194864,236.3,25.05,0.004284399388135919
2022-04-18 03:00:00+00:00,4.239355525200727,239.6,26.96,0.0026113205918682114
2022-04-18 04:00:00+00:00,3.891867367397389,245.3,29.2,0.0009731354487117983
2022-04-18 05:00:00+00:00,3.3358863149120475,252.5,30.85,5.198157098923984e-05
2022-04-18 06:00:00+00:00,2.5992114203689707,261.7,32.06,0.0
2022-04-18 07:00:00+00:00,1.7513403153288252,272.7,32.95,0.0
2022-04-18 08:00:00+00:00,1.0007658944736142,290.2,33.64,0.0
2022-04-18 09:00:00+00:00,0.4586843683004066,336.6,33.97,0.0
2022-04-18 10:00:00+00:00,0.5142824735489406,77.5,33.89,0.0
2022-04-18 11:00:00+00:00,1.0841630523464156,119.8,33.38,0.0
2022-04-18 12:00:00+00:00,1.3899526312133532,146.5,32.19,0.0
2022-04-18 13:00:00+00:00,1.7235412627045579,174.9,29.86,0.0
2022-04-18 14:00:00+00:00,2.2100246836292317,203.7,28.77,0.0
2022-04-18 15:00:00+00:00,2.6826085782417715,231.5,27.77,0.0
2022-04-18 16:00:00+00:00,3.294187735975647,250.3,26.75,3.492578399574811e-05
2022-04-18 17:00:00+00:00,3.989164051582324,259.0,25.85,0.0013276311875834244
2022-04-18 18:00:00+00:00,4.4756474725069975,259.8,25.07,0.004407784228315372
2022-04-18 19:00:00+00:00,4.489546998819131,253.6,24.32,0.0045335154916750515
2022-04-18 20:00:00+00:00,4.4756474725069975,242.2,23.77,0.004407784228315372
2022-04-18 21:00:00+00:00,4.503446525131265,233.3,23.41,0.0046616152798153255
2022-04-18 22:00:00+00:00,4.447848419882731,234.9,23.17,0.004163338869536317
2022-04-18 23:00:00+00:00,4.100360262079392,247.1,22.99,0.001827583236896953
2022-04-19 00:00:00+00:00,3.8501687884609885,264.8,22.79,0.0008429230749551987
2022-04-19 01:00:00+00:00,5.15672426180154,287.3,23.29,0.013761201160245875
2022-04-19 02:00:00+00:00,6.838566945569697,307.0,24.52,0.07758536887904664
2022-04-19 03:00:00+00:00,8.562108208274257,313.4,26.38,0.23604280804698755
2022-04-19 04:00:00+00:00,9.2848835765052,312.1,28.35,0.34053690366059947
2022-04-19 05:00:00+00:00,8.840098734516927,307.9,29.93,0.27323293054954223
2022-04-19 06:00:00+00:00,7.894930945291846,304.3,31.0,0.16088374976716124
2022-04-19 07:00:00+00:00,6.699571682448363,301.8,31.61,0.06945872569881545
2022-04-19 08:00:00+00:00,5.5181119459170125,297.5,31.77,0.02190269581182482
2022-04-19 09:00:00+00:00,4.392250314634197,290.2,31.71,0.0037018979789288364
2022-04-19 10:00:00+00:00,3.69727399902752,271.1,31.42,0.0004650320488121447
2022-04-19 11:00:00+00:00,3.97526452527019,248.6,30.81,0.00127244715047499
2022-04-19 12:00:00+00:00,3.3914844201605816,235.3,29.17,8.230304840734889e-05
2022-04-19 13:00:00+00:00,3.405383946472716,231.6,26.98,9.138440963821283e-05
2022-04-19 14:00:00+00:00,3.5721782622183174,234.0,26.27,0.0002569605983163631
2022-04-19 15:00:00+00:00,3.5443792095940503,243.9,25.71,0.00022129778332958595
2022-04-19 16:00:00+00:00,3.627776367466852,257.6,25.2,0.0003393808709624709
2022-04-19 17:00:00+00:00,3.8362692621488548,266.9,24.67,0.0008022521214967887
2022-04-19 18:00:00+00:00,3.8362692621488548,269.6,24.11,0.0008022521214967887
2022-04-19 19:00:00+00:00,3.69727399902752,268.7,23.65,0.0004650320488121447
2022-04-19 20:00:00+00:00,3.683374472715386,264.4,23.34,0.00043777275252535725
2022-04-19 21:00:00+00:00,3.711173525339653,259.7,23.0,0.0004934000786581087
2022-04-19 22:00:00+00:00,3.669474946403253,257.3,22.78,0.00041160008819737294
2022-04-19 23:00:00+00:00,3.2524891570392462,258.4,22.6,2.2080081336773903e-05
2022-04-20 00:00:00+00:00,2.668709051929638,261.6,22.35,0.0
2022-04-20 01:00:00+00:00,3.5443792095940503,267.5,23.3,0.00022129778332958595
2022-04-20 02:00:00+00:00,3.26638868335138,273.4,25.2,2.593103107544525e-05
2022-04-20 03:00:00+00:00,3.46098205172125,300.9,29.51,0.00013437687007828548
2022-04-20 04:00:00+00:00,2.8355033676752406,324.0,32.6,0.0
2022-04-20 05:00:00+00:00,1.7513403153288252,352.3,34.39,0.0
2022-04-20 06:00:00+00:00,1.2231583154677508,39.5,35.87,0.0
2022-04-20 07:00:00+00:00,1.4733497890861544,83.5,36.94,0.0
2022-04-20 08:00:00+00:00,1.8903355784501605,106.2,37.55,0.0
2022-04-20 09:00:00+00:00,2.349019946750567,114.9,37.61,0.0
2022-04-20 10:00:00+00:00,2.849402893987374,119.2,37.15,0.0
2022-04-20 11:00:00+00:00,3.26638868335138,126.9,36.03,2.593103107544525e-05
2022-04-20 12:00:00+00:00,2.7521062098024394,141.3,33.83,0.0
2022-04-20 13:00:00+00:00,2.9883981571087093,164.1,30.95,0.0
2022-04-20 14:00:00+00:00,3.3775848938484487,187.6,29.99,7.38441855273961e-05
2022-04-20 15:00:00+00:00,3.8362692621488548,212.0,29.28,0.0008022521214967887
2022-04-20 16:00:00+00:00,4.795336577686069,232.8,28.56,0.00793798198934463
2022-04-20 17:00:00+00:00,5.698805787974748,245.8,27.63,0.02696418948293244
2022-04-20 18:00:00+00:00,6.06019347209022,255.3,26.57,0.039311455595912086
2022-04-20 19:00:00+00:00,5.86560010372035,263.3,25.69,0.03227893700900672
2022-04-20 20:00:00+00:00,4.920432314495271,270.8,24.97,0.009715596884865342
2022-04-20 21:00:00+00:00,3.711173525339653,279.7,24.36,0.0004934000786581087
2022-04-20 22:00:00+00:00,2.960599104484442,291.5,23.89,0.0
2022-04-20 23:00:00+00:00,2.7938047887388398,305.9,23.67,0.0
2022-04-21 00:00:00+00:00,3.141292946542178,317.1,23.54,3.869313493322774e-06
2022-04-21 01:00:00+00:00,4.614642735628332,322.6,24.34,0.005774332669084107
2022-04-21 02:00:00+00:00,4.4061498409463296,330.1,26.55,0.0038138822272128117
2022-04-21 03:00:00+00:00,4.989929946055938,351.8,30.67,0.010809007911421285
2022-04-21 04:00:00+00:00,3.9057668937095227,10.5,33.76,0.0010193464164257086
2022-04-21 05:00:00+00:00,2.613110946681104,40.5,35.71,0.0
2022-04-21 06:00:00+00:00,2.307321367814166,79.6,36.96,0.0
2022-04-21 07:00:00+00:00,2.4880152098719024,107.5,37.66,0.0
2022-04-21 08:00:00+00:00,2.7382066834903056,125.7,37.88,0.0
2022-04-21 09:00:00+00:00,3.26638868335138,135.7,37.79,2.593103107544525e-05
2022-04-21 10:00:00+00:00,4.030862630518724,139.8,37.28,0.001502708908312643
2022-04-21 11:00:00+00:00,4.837035156622469,141.9,36.18,0.008504031790338215
2022-04-21 12:00:00+00:00,4.656341314564734,146.3,33.92,0.006233356642585244
2022-04-21 13:00:00+00:00,5.226221893362208,150.7,31.07,0.01513483950649421
2022-04-21 14:00:00+00:00,5.962896787905286,157.3,30.07,0.03567976958915885
2022-04-21 15:00:00+00:00,5.11502568286514,172.0,29.04,0.012978347784483516
2022-04-21 16:00:00+00:00,4.364451262009929,195.9,28.21,0.0034845488214943995
2022-04-21 17:00:00+00:00,4.267154577824994,221.6,27.49,0.002791009163336437
2022-04-21 18:00:00+00:00,4.517346051443398,240.7,26.82,0.004792105694336564
2022-04-21 19:00:00+00:00,4.614642735628332,251.7,26.17,0.005774332669084107
2022-04-21 20:00:00+00:00,4.322752683073529,257.9,25.59,0.003174741909170927
2022-04-21 21:00:00+00:00,3.7945706832124544,262.0,25.09,0.0006881293520976709
2022-04-21 22:00:00+00:00,3.1134938939179113,264.4,24.62,2.0053489814363437e-06
2022-04-21 23:00:00+00:00,2.5019147361840357,266.2,24.22,0.0
2022-04-22 00:00:00+00:00,2.140527052068564,269.6,23.98,0.0
2022-04-22 01:00:00+00:00,2.8077043150509735,274.6,24.7,0.0
2022-04-22 02:00:00+00:00,2.6548095256175044,289.9,26.41,0.0
2022-04-22 03:00:00+00:00,1.876436052138027,310.2,29.19,0.0
2022-04-22 04:00:00+00:00,0.5976796314217419,111.8,31.46,0.0
2022-04-22 05:00:00+00:00,2.6826085782417715,125.7,33.19,0.0
2022-04-22 06:00:00+00:00,4.0169631042065905,123.4,34.26,0.0014427399649018734
2022-04-22 07:00:00+00:00,4.837035156622469,122.0,34.78,0.008504031790338215
2022-04-22 08:00:00+00:00,5.379116682795677,120.6,35.06,0.01847224579475195
2022-04-22 09:00:00+00:00,5.62930815641408,118.3,34.82,0.0249342860596703
2022-04-22 10:00:00+00:00,5.823901524783951,113.8,34.22,0.030890228112073235
2022-04-22 11:00:00+00:00,5.768303419535417,110.7,33.25,0.02910137700652688
2022-04-22 12:00:00+00:00,3.947465472645923,113.0,31.21,0.001166709271357827
2022-04-22 13:00:00+00:00,3.141292946542178,118.6,28.94,3.869313493322774e-06
2022-04-22 14:00:00+00:00,2.4185175783112345,118.0,28.67,0.0
2022-04-22 15:00:00+00:00,1.6818426837681573,103.9,28.41,0.0
2022-04-22 16:00:00+00:00,1.487249315398288,90.0,27.68,0.0
2022-04-22 17:00:00+00:00,1.7374407890166914,91.4,26.86,0.0
2022-04-22 18:00:00+00:00,2.0015317889472284,98.4,26.24,0.0
2022-04-22 19:00:00+00:00,1.904235104762294,91.7,25.7,0.0
2022-04-22 20:00:00+00:00,2.1266275257564304,78.3,24.98,0.0
2022-04-22 21:00:00+00:00,2.140527052068564,75.7,24.34,0.0
2022-04-22 22:00:00+00:00,1.8208379468894929,82.1,23.8,0.0
2022-04-22 23:00:00+00:00,1.6123450522074896,96.4,23.41,0.0
2022-04-23 00:00:00+00:00,1.5567469469589557,119.3,23.08,0.0
2022-04-23 01:00:00+00:00,2.1822256310049646,142.3,23.94,0.0
2022-04-23 02:00:00+00:00,2.9883981571087093,156.4,25.46,0.0
2022-04-23 03:00:00+00:00,4.16985789364006,172.5,27.71,0.0021961995647331533
2022-04-23 04:00:00+00:00,4.684140367189,170.4,29.76,0.006552504508844232
2022-04-23 05:00:00+00:00,4.308853156761395,157.2,31.19,0.0030757090183491102
2022-04-23 06:00:00+00:00,4.350551735697795,134.0,32.34,0.0033791397091431905
2022-04-23 07:00:00+00:00,4.989929946055938,116.3,33.22,0.010809007911421285
2022-04-23 08:00:00+00:00,5.54591099854128,107.7,33.64,0.02263612708252825
2022-04-23 09:00:00+00:00,5.698805787974748,101.3,33.49,0.02696418948293244
2022-04-23 10:00:00+00:00,5.532011472229145,93.5,32.89,0.02226739837477213
2022-04-23 11:00:00+00:00,4.6702408408768665,85.9,32.07,0.006391602652921991
2022-04-23 12:00:00+00:00,2.4880152098719024,72.8,30.26,0.0
2022-04-23 13:00:00+00:00,2.5436133151204365,48.1,28.52,0.0
2022-04-23 14:00:00+00:00,2.960599104484442,25.2,27.89,0.0
2022-04-23 15:00:00+00:00,3.5999773148425844,14.5,27.38,0.00029626268992632233
2022-04-23 16:00:00+00:00,4.114259788391525,15.1,26.75,0.0018977187361225354
2022-04-23 17:00:00+00:00,3.961364998958057,21.8,26.08,0.0012188138789332506
2022-04-23 18:00:00+00:00,3.2524891570392462,30.6,25.5,2.2080081336773903e-05
2022-04-23 19:00:00+00:00,2.4463166309355016,39.9,25.01,0.0
2022-04-23 20:00:00+00:00,1.6540436311438902,47.7,24.57,0.0
2022-04-23 21:00:00+00:00,0.6393782103581425,37.1,24.27,0.0
2022-04-23 22:00:00+00:00,0.9312682629129467,294.7,23.99,0.0
2022-04-23 23:00:00+00:00,1.7791393679530922,293.6,23.71,0.0
2022-04-24 00:00:00+00:00,2.0293308415714955,304.7,23.49,0.0
2022-04-24 01:00:00+00:00,2.404618051999101,322.7,23.79,0.0
2022-04-24 02:00:00+00:00,2.7104076308660385,349.7,24.56,0.0
2022-04-24 03:00:00+00:00,3.26638868335138,21.8,26.17,2.593103107544525e-05
2022-04-24 04:00:00+00:00,3.4192834727848487,31.7,27.56,0.00010111037082036194
2022-04-24 05:00:00+00:00,3.26638868335138,26.2,28.68,2.593103107544525e-05
2022-04-24 06:00:00+00:00,3.3775848938484487,14.3,29.75,7.38441855273961e-05
2022-04-24 07:00:00+00:00,3.989164051582324,3.8,30.8,0.0013276311875834244
2022-04-24 08:00:00+00:00,4.850934682934603,359.2,31.5,0.008698527718115565
2022-04-24 09:00:00+00:00,5.62930815641408,359.4,31.74,0.0249342860596703
2022-04-24 10:00:00+00:00,6.101892051026621,1.8,31.56,0.04094044050828759
2022-04-24 11:00:00+00:00,6.268686366772223,4.1,30.95,0.047906255528068174
2022-04-24 12:00:00+00:00,4.989929946055938,4.0,29.48,0.010809007911421285
2022-04-24 13:00:00+00:00,3.8779678410852556,4.3,27.13,0.000928342636962328
2022-04-24 14:00:00+00:00,3.961364998958057,8.9,26.4,0.0012188138789332506
2022-04-24 15:00:00+00:00,3.864068314773122,15.0,25.85,0.000884945879576919
2022-04-24 16:00:00+00:00,3.669474946403253,19.7,25.29,0.00041160008819737294
2022-04-24 17:00:00+00:00,3.5026806306576503,20.2,24.65,0.00017424042651131133
2022-04-24 18:00:00+00:00,3.3636853675363145,17.3,24.11,6.598571939797699e-05
2022-04-24 19:00:00+00:00,3.2524891570392462,15.1,23.65,2.2080081336773903e-05
2022-04-24 20:00:00+00:00,3.057895788669377,14.7,23.23,2.6620327539076553e-07
2022-04-24 21:00:00+00:00,2.7104076308660385,13.3,23.08,0.0
2022-04-24 22:00:00+00:00,2.307321367814166,9.3,23.01,0.0
2022-04-24 23:00:00+00:00,1.9737327363229615,2.0,22.97,0.0
2022-04-25 00:00:00+00:00,1.7513403153288252,351.8,22.91,0.0
2022-04-25 01:00:00+00:00,1.9181346310744274,342.2,24.1,0.0
2022-04-25 02:00:00+00:00,1.7096417363924243,339.5,25.94,0.0
2022-04-25 03:00:00+00:00,2.015431315259362,112.3,30.26,0.0
2022-04-25 04:00:00+00:00,2.960599104484442,113.0,32.77,0.0
2022-04-25 05:00:00+00:00,3.03009673604511,104.6,34.3,3.739647521900956e-08
2022-04-25 06:00:00+00:00,2.960599104484442,95.7,35.34,0.0
2022-04-25 07:00:00+00:00,2.8077043150509735,86.6,35.84,0.0
2022-04-25 08:00:00+00:00,2.613110946681104,75.8,35.91,0.0
2022-04-25 09:00:00+00:00,2.5992114203689707,59.2,35.58,0.0
2022-04-25 10:00:00+00:00,2.849402893987374,41.2,34.98,0.0
2022-04-25 11:00:00+00:00,3.03009673604511,27.9,33.97,3.739647521900956e-08
2022-04-25 12:00:00+00:00,2.821603841363107,16.6,31.99,0.0
2022-04-25 13:00:00+00:00,2.877201946611641,6.1,29.39,0.0
2022-04-25 14:00:00+00:00,3.1551924728543117,356.5,28.54,5.127249265297204e-06
2022-04-25 15:00:00+00:00,3.1829915254785788,344.6,27.91,8.405535843187353e-06
2022-04-25 16:00:00+00:00,3.196891051790712,328.0,27.21,1.0470089849854629e-05
2022-04-25 17:00:00+00:00,3.3636853675363145,311.3,26.61,6.598571939797699e-05
2022-04-25 18:00:00+00:00,3.864068314773122,297.2,25.97,0.000884945879576919
2022-04-25 19:00:00+00:00,4.586843683004066,290.4,25.27,0.0054811907186705505
2022-04-25 20:00:00+00:00,5.15672426180154,287.9,24.55,0.013761201160245875
2022-04-25 21:00:00+00:00,5.448614314356345,288.9,23.9,0.02013880161320679
2022-04-25 22:00:00+00:00,5.240121419674342,291.0,23.3,0.015420098498143919
2022-04-25 23:00:00+00:00,4.767537525061802,294.1,22.85,0.007574926091293861
2022-04-26 00:00:00+00:00,4.183757419952193,299.7,22.5,0.0022754149878147487
2022-04-26 01:00:00+00:00,4.628542261940466,308.0,23.12,0.0059247437522666705
2022-04-26 02:00:00+00:00,4.364451262009929,320.2,25.37,0.0034845488214943995
2022-04-26 03:00:00+00:00,4.809236103998202,346.4,29.44,0.008123781027553128
2022-04-26 04:00:00+00:00,4.378350788322063,18.7,32.1,0.0035921275442228223
2022-04-26 05:00:00+00:00,4.058661683142991,39.6,33.44,0.0016275864126391443
2022-04-26 06:00:00+00:00,3.919666420021656,54.5,34.38,0.001066997641704432
2022-04-26 07:00:00+00:00,3.8223697358367215,62.5,34.86,0.0007629109176013152
2022-04-26 08:00:00+00:00,3.5304796832819174,63.8,34.99,0.00020477585056895208
2022-04-26 09:00:00+00:00,3.1134938939179113,53.3,34.71,2.0053489814363437e-06
2022-04-26 10:00:00+00:00,3.0856948412936442,36.2,34.16,8.632498431277694e-07
2022-04-26 11:00:00+00:00,2.7938047887388398,20.7,33.27,0.0
2022-04-26 12:00:00+00:00,2.4324171046233682,3.9,31.53,0.0
2022-04-26 13:00:00+00:00,2.6826085782417715,346.5,29.43,0.0
2022-04-26 14:00:00+00:00,3.0439962623572434,337.8,28.71,1.168207045471248e-07
2022-04-26 15:00:00+00:00,3.294187735975647,334.5,28.12,3.492578399574811e-05
2022-04-26 16:00:00+00:00,3.4192834727848487,333.4,27.68,0.00010111037082036194
2022-04-26 17:00:00+00:00,3.516580156969783,332.4,27.24,0.00018909743216298478
2022-04-26 18:00:00+00:00,3.5443792095940503,332.7,26.79,0.00022129778332958595
2022-04-26 19:00:00+00:00,3.5026806306576503,335.6,26.36,0.00017424042651131133
2022-04-26 20:00:00+00:00,3.3636853675363145,340.4,25.95,6.598571939797699e-05
2022-04-26 21:00:00+00:00,3.169091999166445,345.5,25.54,6.6319561817934365e-06
2022-04-26 22:00:00+00:00,2.9883981571087093,350.1,25.14,0.0
2022-04-26 23:00:00+00:00,2.877201946611641,352.5,24.72,0.0
2022-04-27 00:00:00+00:00,2.932800051860175,353.2,24.26,0.0
2022-04-27 01:00:00+00:00,4.4756474725069975,357.0,25.43,0.004407784228315372
2022-04-27 02:00:00+00:00,5.379116682795677,9.8,27.83,0.01847224579475195
2022-04-27 03:00:00+00:00,6.852466471881831,28.0,31.42,0.07843123884450616
2022-04-27 04:00:00+00:00,7.311150840182238,39.4,33.65,0.10991377571107316
2022-04-27 05:00:00+00:00,7.116557471812369,45.2,35.23,0.09569186541311687
2022-04-27 06:00:00+00:00,6.588375471951294,48.2,36.42,0.06338202493675352
2022-04-27 07:00:00+00:00,5.837801051096084,49.4,37.22,0.031348611330500535
2022-04-27 08:00:00+00:00,5.003829472368071,49.8,37.68,0.011037094257513352
2022-04-27 09:00:00+00:00,4.294953630449261,51.6,37.7,0.0029787573315030076
2022-04-27 10:00:00+00:00,3.711173525339653,54.3,37.21,0.0004934000786581087
2022-04-27 11:00:00+00:00,2.877201946611641,54.2,36.03,0.0
2022-04-27 12:00:00+00:00,2.0015317889472284,50.3,34.38,0.0
2022-04-27 13:00:00+00:00,1.4038521575254868,24.5,32.63,0.0
2022-04-27 14:00:00+00:00,1.4177516838376203,356.6,32.26,0.0
2022-04-27 15:00:00+00:00,1.598445525895356,344.9,31.49,0.0
2022-04-27 16:00:00+00:00,1.6679431574560237,344.0,30.65,0.0
2022-04-27 17:00:00+00:00,1.3621535785890861,350.6,29.74,0.0
2022-04-27 18:00:00+00:00,0.7922729997916113,39.3,28.27,0.0
2022-04-27 19:00:00+00:00,1.0146654207857477,93.1,27.4,0.0
2022-04-27 20:00:00+00:00,1.2926559470284185,123.2,27.03,0.0
2022-04-27 21:00:00+00:00,1.3204549996526855,151.8,26.64,0.0
2022-04-27 22:00:00+00:00,1.2509573680920179,192.2,26.2,0.0
2022-04-27 23:00:00+00:00,1.459450262774021,227.7,25.69,0.0
2022-04-28 00:00:00+00:00,1.7374407890166914,245.9,25.25,0.0
2022-04-28 01:00:00+00:00,1.932034157386561,258.8,26.15,0.0
2022-04-28 02:00:00+00:00,2.1683261046928313,256.7,27.99,0.0
2022-04-28 03:00:00+00:00,1.7652398416409587,239.2,30.46,0.0
2022-04-28 04:00:00+00:00,1.7374407890166914,200.2,32.75,0.0
2022-04-28 05:00:00+00:00,2.2239242099413654,179.3,34.45,0.0
2022-04-28 06:00:00+00:00,2.293421841502033,171.3,35.53,0.0
2022-04-28 07:00:00+00:00,2.08492894682003,166.5,36.21,0.0
2022-04-28 08:00:00+00:00,1.7652398416409587,169.1,36.44,0.0
2022-04-28 09:00:00+00:00,1.5289478943346886,178.4,36.24,0.0
2022-04-28 10:00:00+00:00,1.5428474206468221,191.9,35.76,0.0
2022-04-28 11:00:00+00:00,1.84863699951376,213.3,34.96,0.0
2022-04-28 12:00:00+00:00,2.4463166309355016,231.2,33.02,0.0
2022-04-28 13:00:00+00:00,3.321986788599914,241.0,30.36,4.579168550916993e-05
2022-04-28 14:00:00+00:00,3.8779678410852556,249.4,29.35,0.000928342636962328
2022-04-28 15:00:00+00:00,3.9057668937095227,256.9,28.55,0.0010193464164257086
2022-04-28 16:00:00+00:00,3.6416758937789857,261.7,27.84,0.00036242624901630525
2022-04-28 17:00:00+00:00,3.26638868335138,265.1,27.29,2.593103107544525e-05
2022-04-28 18:00:00+00:00,2.6826085782417715,274.5,26.77,0.0
2022-04-28 19:00:00+00:00,1.959833210010828,309.2,26.23,0.0
2022-04-28 20:00:00+00:00,1.8625365258258935,345.8,25.72,0.0
2022-04-28 21:00:00+00:00,1.7374407890166914,357.7,25.33,0.0
2022-04-28 22:00:00+00:00,1.4038521575254868,359.4,25.25,0.0
2022-04-28 23:00:00+00:00,1.3621535785890861,326.6,25.17,0.0
2022-04-29 00:00:00+00:00,2.1266275257564304,315.3,24.31,0.0
2022-04-29 01:00:00+00:00,3.9057668937095227,326.3,25.21,0.0010193464164257086
2022-04-29 02:00:00+00:00,4.8648342092467365,335.9,27.01,0.008895966812283286
2022-04-29 03:00:00+00:00,2.9883981571087093,354.1,30.81,0.0
2022-04-29 04:00:00+00:00,1.9459336836986945,10.7,33.27,0.0
2022-04-29 05:00:00+00:00,2.1961251573170983,15.8,35.01,0.0
2022-04-29 06:00:00+00:00,2.585311894056837,17.2,36.38,0.0
2022-04-29 07:00:00+00:00,2.946699578172309,14.8,37.26,0.0
2022-04-29 08:00:00+00:00,3.3636853675363145,9.0,37.63,6.598571939797699e-05
2022-04-29 09:00:00+00:00,3.8362692621488548,3.1,37.53,0.0008022521214967887
2022-04-29 10:00:00+00:00,4.3366522093856625,356.5,37.02,0.0032758781055688304
2022-04-29 11:00:00+00:00,4.684140367189,348.9,35.96,0.006552504508844232
2022-04-29 12:00:00+00:00,3.488781104345516,343.1,33.74,0.0001601827320135531
2022-04-29 13:00:00+00:00,3.26638868335138,337.8,30.62,2.593103107544525e-05
2022-04-29 14:00:00+00:00,3.224690104414979,331.4,29.69,1.5560527300512682e-05
2022-04-29 15:00:00+00:00,3.057895788669377,318.3,28.85,2.6620327539076553e-07
2022-04-29 16:00:00+00:00,3.0856948412936442,298.8,28.0,8.632498431277694e-07
2022-04-29 17:00:00+00:00,3.5304796832819174,278.8,27.07,0.00020477585056895208
2022-04-29 18:00:00+00:00,4.420049367258463,267.5,26.05,0.0039281023906751365
2022-04-29 19:00:00+00:00,5.35131763017141,264.5,25.17,0.017832259369005187
2022-04-29 20:00:00+00:00,6.1713896825872885,265.0,24.32,0.0437543562587356
2022-04-29 21:00:00+00:00,6.393782103581424,267.6,23.56,0.05361969474158012
2022-04-29 22:00:00+00:00,5.851700577408217,271.0,23.08,0.031811506928944924
2022-04-29 23:00:00+00:00,4.906532788183137,269.7,22.84,0.009506164109132393
2022-04-30 00:00:00+00:00,4.003063577894457,263.0,22.56,0.0013843880918589244
2022-04-30 01:00:00+00:00,4.9343318408074035,257.8,23.61,0.009928083334990526
2022-04-30 02:00:00+00:00,5.087226630240873,260.1,26.43,0.01247329785396345
2022-04-30 03:00:00+00:00,4.684140367189,284.2,30.33,0.006552504508844232
2022-04-30 04:00:00+00:00,5.003829472368071,316.2,33.76,0.011037094257513352
2022-04-30 05:00:00+00:00,5.671006735350481,328.3,35.94,0.026139508732790348
2022-04-30 06:00:00+00:00,6.074092998402354,332.6,37.47,0.03984955509228037
2022-04-30 07:00:00+00:00,6.213088261523689,334.4,38.47,0.045503042717314215
2022-04-30 08:00:00+00:00,6.2964854193964905,336.2,38.98,0.04913895870481589
2022-04-30 09:00:00+00:00,6.226987787835823,339.6,38.99,0.04609612698116098
2022-04-30 10:00:00+00:00,5.935097735281017,343.9,38.5,0.03468487818959025
2022-04-30 11:00:00+00:00,5.476413366980611,346.2,37.47,0.020832523975831782
2022-04-30 12:00:00+00:00,3.3497858412241817,340.4,34.73,5.8705548418717294e-05
2022-04-30 13:00:00+00:00,3.3775848938484487,318.2,30.76,7.38441855273961e-05
2022-04-30 14:00:00+00:00,4.044762156830858,297.9,29.24,0.0015643170236916096
2022-04-30 15:00:00+00:00,5.240121419674342,286.3,27.96,0.015420098498143919
2022-04-30 16:00:00+00:00,6.310384945708623,281.8,26.77,0.04976316184163368
2022-04-30 17:00:00+00:00,7.283351787557971,281.4,25.66,0.10780122694647802
2022-04-30 18:00:00+00:00,8.006127155788914,284.1,24.57,0.17209890266771655
2022-04-30 19:00:00+00:00,7.533543261176375,288.9,23.74,0.12781615965387816
2022-04-30 20:00:00+00:00,6.574475945639161,294.7,23.19,0.0626483458072678
2022-04-30 21:00:00+00:00,5.698805787974748,300.3,22.72,0.02696418948293244
2022-04-30 22:00:00+00:00,5.420815261732077,306.3,22.36,0.019460653391407894
2022-04-30 23:00:00+00:00,5.309619051235009,311.7,22.02,0.016900265656413307
2022-05-01 00:00:00+00:00,5.017728998680205,316.8,21.67,0.011268366887599923
2022-05-01 01:00:00+00:00,6.1713896825872885,321.4,22.88,0.0437543562587356
2022-05-01 02:00:00+00:00,5.712705314286882,327.4,26.12,0.027382955853223256
2022-05-01 03:00:00+00:00,6.421581156205692,337.3,30.73,0.0549481415100816
2022-05-01 04:00:00+00:00,7.227753682309437,348.1,34.25,0.10365768396195829
2022-05-01 05:00:00+00:00,7.158256050748769,354.5,36.45,0.0986293466205349
2022-05-01 06:00:00+00:00,6.8246674192575645,357.2,37.88,0.07674560260883129
2022-05-01 07:00:00+00:00,6.3659830509571576,355.9,38.76,0.05231283374920702
2022-05-01 08:00:00+00:00,5.990695840529551,351.6,39.14,0.03669350616640907
2022-05-01 09:00:00+00:00,5.893399156344618,347.7,39.03,0.03322748902038412
2022-05-01 10:00:00+00:00,5.796102472159683,345.1,38.46,0.029986910408868205
2022-05-01 11:00:00+00:00,5.490312893292746,342.5,37.35,0.02118528071395504
2022-05-01 12:00:00+00:00,3.3497858412241817,336.7,34.5,5.8705548418717294e-05
2022-05-01 13:00:00+00:00,3.488781104345516,319.5,30.55,0.0001601827320135531
2022-05-01 14:00:00+00:00,3.961364998958057,298.4,29.12,0.0012188138789332506
2022-05-01 15:00:00+00:00,5.365217156483543,278.9,28.11,0.018150372119076427
2022-05-01 16:00:00+00:00,7.088758419188101,270.2,27.1,0.09376631008043017
2022-05-01 17:00:00+00:00,8.756701576644126,269.1,26.08,0.26169391310198736
2022-05-01 18:00:00+00:00,8.979093997638262,270.7,24.81,0.29320988985536467
2022-05-01 19:00:00+00:00,8.25631862940732,273.6,23.9,0.19921292968636692
2022-05-01 20:00:00+00:00,7.24165320862157,275.3,23.26,0.10468343064400529
2022-05-01 21:00:00+00:00,6.33818399833289,275.8,22.77,0.05102738172015916
2022-05-01 22:00:00+00:00,5.726604840599015,276.0,22.38,0.027806035689127713
2022-05-01 23:00:00+00:00,5.448614314356345,276.7,22.09,0.02013880161320679
2022-05-02 00:00:00+00:00,5.39301620910781,277.7,21.93,0.018797902497632125
2022-05-02 01:00:00+00:00,6.157490156275155,278.8,23.05,0.04318157587819536
2022-05-02 02:00:00+00:00,6.240887314147956,281.0,25.79,0.04669434246983532
2022-05-02 03:00:00+00:00,6.421581156205692,288.9,29.28,0.0549481415100816
2022-05-02 04:00:00+00:00,6.782968840321163,304.1,33.02,0.07426270495364592
2022-05-02 05:00:00+00:00,6.741270261384763,312.7,35.63,0.07183394489804402
2022-05-02 06:00:00+00:00,6.33818399833289,317.8,37.36,0.05102738172015916
2022-05-02 07:00:00+00:00,5.879499630032485,321.7,38.35,0.032750923672286346
2022-05-02 08:00:00+00:00,5.532011472229145,324.5,38.78,0.02226739837477213
2022-05-02 09:00:00+00:00,5.476413366980611,326.8,38.73,0.020832523975831782
2022-05-02 10:00:00+00:00,5.54591099854128,327.6,38.32,0.02263612708252825
2022-05-02 11:00:00+00:00,5.504212419604879,325.5,37.21,0.0215419972920859
2022-05-02 12:00:00+00:00,3.919666420021656,316.3,34.95,0.001066997641704432
2022-05-02 13:00:00+00:00,4.044762156830858,299.4,31.61,0.0015643170236916096
2022-05-02 14:00:00+00:00,5.948997261593152,286.1,30.71,0.03517997929296452
2022-05-02 15:00:00+00:00,7.728136629546244,281.1,29.7,0.14499149418498797
2022-05-02 16:00:00+00:00,9.3265821554416,280.5,28.37,0.34736009736535806
2022-05-02 17:00:00+00:00,8.645505366147058,280.0,26.76,0.24682033948020748
2022-05-02 18:00:00+00:00,7.297251313870104,279.3,25.46,0.10885408480474731
2022-05-02 19:00:00+00:00,6.393782103581424,279.0,24.59,0.05361969474158012
2022-05-02 20:00:00+00:00,6.129691103650888,278.5,23.96,0.04205105516599162
2022-05-02 21:00:00+00:00,6.087992524714487,277.2,23.46,0.04039254269587205
2022-05-02 22:00:00+00:00,5.810001998471816,274.8,22.99,0.03043633517206254
2022-05-02 23:00:00+00:00,5.337418103859276,270.6,22.61,0.01751788544293783
2022-05-03 00:00:00+00:00,4.920432314495271,266.4,22.33,0.009715596884865342
2022-05-03 01:00:00+00:00,6.01849489315382,270.5,23.64,0.03772626473414412
2022-05-03 02:00:00+00:00,6.53277736670276,284.5,26.7,0.06048132260143082
2022-05-03 03:00:00+00:00,6.407681629893559,302.5,30.47,0.05428120885301468
2022-05-03 04:00:00+00:00,6.115791577338754,321.5,33.85,0.04149327063112731
2022-05-03 05:00:00+00:00,5.810001998471816,332.2,36.18,0.03043633517206254
2022-05-03 06:00:00+00:00,5.657107209038348,337.6,37.85,0.025733550149738323
2022-05-03 07:00:00+00:00,5.573710051165546,341.2,38.9,0.023385751338868273
2022-05-03 08:00:00+00:00,5.573710051165546,342.9,39.25,0.023385751338868273
2022-05-03 09:00:00+00:00,5.615408630101947,341.5,38.74,0.024540936349453625
2022-05-03 10:00:00+00:00,5.62930815641408,337.8,38.35,0.0249342860596703
2022-05-03 11:00:00+00:00,5.532011472229145,333.3,37.01,0.02226739837477213
2022-05-03 12:00:00+00:00,3.808470209524588,324.0,35.08,0.0007248773616684016
2022-05-03 13:00:00+00:00,3.669474946403253,308.7,32.38,0.00041160008819737294
2022-05-03 14:00:00+00:00,4.698039893501134,295.6,31.18,0.006716084311952335
2022-05-03 15:00:00+00:00,5.532011472229145,286.3,29.97,0.02226739837477213
2022-05-03 16:00:00+00:00,6.1713896825872885,282.5,29.02,0.0437543562587356
2022-05-03 17:00:00+00:00,7.158256050748769,281.8,28.1,0.0986293466205349
2022-05-03 18:00:00+00:00,7.269452261245838,280.1,27.17,0.1067551800346648
2022-05-03 19:00:00+00:00,6.963662682378899,280.9,26.5,0.08542058378901518
2022-05-03 20:00:00+00:00,6.213088261523689,283.2,26.07,0.045503042717314215
2022-05-03 21:00:00+00:00,5.212322367050074,283.0,25.8,0.01485312042444501
2022-05-03 22:00:00+00:00,4.086460735767258,279.6,25.57,0.0017591974176414424
2022-05-03 23:00:00+00:00,3.2802882096635133,276.3,25.41,3.0205564761644622e-05
2022-05-04 00:00:00+00:00,2.960599104484442,274.3,25.25,0.0
2022-05-04 01:00:00+00:00,3.8779678410852556,286.0,25.71,0.000928342636962328
2022-05-04 02:00:00+00:00,4.8648342092467365,312.2,27.59,0.008895966812283286
2022-05-04 03:00:00+00:00,5.212322367050074,332.7,30.53,0.01485312042444501
2022-05-04 04:00:00+00:00,4.920432314495271,343.9,33.38,0.009715596884865342
2022-05-04 05:00:00+00:00,4.392250314634197,356.7,35.71,0.0037018979789288364
2022-05-04 06:00:00+00:00,3.752872104276054,16.8,37.41,0.0005853775855548267
2022-05-04 07:00:00+00:00,3.3358863149120475,39.1,38.38,5.198157098923984e-05
2022-05-04 08:00:00+00:00,3.1273934202300446,61.6,38.54,2.83604726549443e-06
2022-05-04 09:00:00+00:00,2.946699578172309,78.0,37.15,0.0
2022-05-04 10:00:00+00:00,2.5436133151204365,95.0,36.2,0.0
2022-05-04 11:00:00+00:00,2.0015317889472284,121.0,35.02,0.0
2022-05-04 12:00:00+00:00,1.5289478943346886,169.5,33.45,0.0
2022-05-04 13:00:00+00:00,1.932034157386561,219.8,31.75,0.0
2022-05-04 14:00:00+00:00,3.1551924728543117,249.9,30.4,5.127249265297204e-06
2022-05-04 15:00:00+00:00,4.21155647257646,261.1,29.06,0.0024395148042953133
2022-05-04 16:00:00+00:00,4.503446525131265,263.8,27.93,0.0046616152798153255
2022-05-04 17:00:00+00:00,3.97526452527019,262.6,27.08,0.00127244715047499
2022-05-04 18:00:00+00:00,3.3636853675363145,260.3,26.36,6.598571939797699e-05
2022-05-04 19:00:00+00:00,3.002297683420843,261.5,25.66,1.6639606180337144e-11
2022-05-04 20:00:00+00:00,2.877201946611641,264.7,25.05,0.0
2022-05-04 21:00:00+00:00,2.946699578172309,271.9,24.53,0.0
2022-05-04 22:00:00+00:00,3.03009673604511,278.2,24.19,3.739647521900956e-08
2022-05-04 23:00:00+00:00,3.141292946542178,283.3,24.01,3.869313493322774e-06
2022-05-05 00:00:00+00:00,3.780671156900321,288.6,23.9,0.0006526447872887494
2022-05-05 01:00:00+00:00,4.892633261871003,292.7,24.04,0.009299762906191316
2022-05-05 02:00:00+00:00,5.657107209038348,305.4,24.29,0.025733550149738323
2022-05-05 03:00:00+00:00,5.851700577408217,318.4,24.89,0.031811506928944924
2022-05-05 04:00:00+00:00,6.143590629963021,331.9,26.98,0.042613816214480814
2022-05-05 05:00:00+00:00,6.101892051026621,355.4,29.39,0.04094044050828759
2022-05-05 06:00:00+00:00,5.962896787905286,22.0,30.77,0.03567976958915885
2022-05-05 07:00:00+00:00,5.657107209038348,42.9,31.39,0.025733550149738323
2022-05-05 08:00:00+00:00,5.142824735489407,59.1,31.53,0.01349685010219363
2022-05-05 09:00:00+00:00,4.850934682934603,67.3,31.36,0.008698527718115565
2022-05-05 10:00:00+00:00,4.503446525131265,73.1,30.99,0.0046616152798153255
2022-05-05 11:00:00+00:00,3.9057668937095227,82.2,30.41,0.0010193464164257086
2022-05-05 12:00:00+00:00,2.8077043150509735,98.2,29.37,0.0
2022-05-05 13:00:00+00:00,2.0710294205078963,124.3,27.81,0.0
2022-05-05 14:00:00+00:00,2.2239242099413654,157.9,26.99,0.0
2022-05-05 15:00:00+00:00,2.7799052624267064,190.4,26.33,0.0
2022-05-05 16:00:00+00:00,3.405383946472716,214.3,25.83,9.138440963821283e-05
2022-05-05 17:00:00+00:00,4.267154577824994,231.2,25.43,0.002791009163336437
2022-05-05 18:00:00+00:00,5.11502568286514,244.4,25.05,0.012978347784483516
2022-05-05 19:00:00+00:00,5.281819998610742,256.3,24.63,0.016297335946699874
2022-05-05 20:00:00+00:00,5.1289252091772735,268.0,24.35,0.013235906344139632
2022-05-05 21:00:00+00:00,4.976030419743805,276.4,24.14,0.010584085747723354
2022-05-05 22:00:00+00:00,4.767537525061802,282.5,23.99,0.007574926091293861
2022-05-05 23:00:00+00:00,4.6007432093161995,288.5,23.89,0.005626489025085531
2022-05-06 00:00:00+00:00,4.294953630449261,293.1,23.77,0.0029787573315030076
2022-05-06 01:00:00+00:00,5.434714788044212,299.3,24.39,0.01979779178550429
2022-05-06 02:00:00+00:00,6.240887314147956,309.9,26.12,0.04669434246983532
2022-05-06 03:00:00+00:00,5.5181119459170125,318.6,28.96,0.02190269581182482
2022-05-06 04:00:00+00:00,3.5582787359061845,328.1,31.81,0.00023868533204526545
2022-05-06 05:00:00+00:00,1.904235104762294,341.7,33.65,0.0
2022-05-06 06:00:00+00:00,1.042464473410015,24.5,34.91,0.0
2022-05-06 07:00:00+00:00,1.3482540522769526,65.6,35.46,0.0
2022-05-06 08:00:00+00:00,1.6540436311438902,70.3,35.47,0.0
2022-05-06 09:00:00+00:00,1.5428474206468221,68.3,34.76,0.0
2022-05-06 10:00:00+00:00,1.0285649470978813,76.7,34.53,0.0
2022-05-06 11:00:00+00:00,0.4586843683004066,152.6,34.05,0.0
2022-05-06 12:00:00+00:00,1.570646473271089,218.2,32.97,0.0
2022-05-06 13:00:00+00:00,2.7521062098024394,232.0,30.18,0.0
2022-05-06 14:00:00+00:00,4.183757419952193,243.4,28.73,0.0022754149878147487
2022-05-06 15:00:00+00:00,5.935097735281017,253.6,27.84,0.03468487818959025
2022-05-06 16:00:00+00:00,7.4779451559278405,261.8,26.95,0.12317108931792753
2022-05-06 17:00:00+00:00,7.5474427874885075,268.4,25.95,0.128995393922022
2022-05-06 18:00:00+00:00,6.463279735142093,272.5,25.06,0.05698167177108102
2022-05-06 19:00:00+00:00,4.809236103998202,272.6,24.36,0.008123781027553128
2022-05-06 20:00:00+00:00,3.683374472715386,267.2,23.83,0.00043777275252535725
2022-05-06 21:00:00+00:00,3.3914844201605816,256.2,23.46,8.230304840734889e-05
2022-05-06 22:00:00+00:00,3.474881578033383,244.7,23.0,0.00014690224706933659
2022-05-06 23:00:00+00:00,3.8779678410852556,236.7,22.65,0.000928342636962328
2022-05-07 00:00:00+00:00,4.350551735697795,234.0,22.42,0.0033791397091431905
2022-05-07 01:00:00+00:00,5.754403893223282,240.6,23.48,0.028665224164179125
2022-05-07 02:00:00+00:00,5.726604840599015,267.8,25.98,0.027806035689127713
2022-05-07 03:00:00+00:00,6.129691103650888,297.3,29.41,0.04205105516599162
2022-05-07 04:00:00+00:00,6.324284472020757,310.3,32.38,0.05039262881288134
2022-05-07 05:00:00+00:00,6.129691103650888,313.7,34.61,0.04205105516599162
2022-05-07 06:00:00+00:00,5.7822029458475495,319.2,36.37,0.029541931720889748
2022-05-07 07:00:00+00:00,5.240121419674342,327.9,37.41,0.015420098498143919
2022-05-07 08:00:00+00:00,4.698039893501134,336.5,37.86,0.006716084311952335
2022-05-07 09:00:00+00:00,4.253255051512861,345.1,37.96,0.002700168478815222
2022-05-07 10:00:00+00:00,3.780671156900321,354.5,37.95,0.0006526447872887494
2022-05-07 11:00:00+00:00,3.141292946542178,1.5,37.09,3.869313493322774e-06
2022-05-07 12:00:00+00:00,1.3621535785890861,348.8,34.98,0.0
2022-05-07 13:00:00+00:00,1.4455507364618874,253.8,32.89,0.0
2022-05-07 14:00:00+00:00,4.086460735767258,246.1,31.34,0.0017591974176414424
2022-05-07 15:00:00+00:00,6.5049783140784925,251.1,29.08,0.05906476460038596
2022-05-07 16:00:00+00:00,7.5474427874885075,254.6,27.59,0.128995393922022
2022-05-07 17:00:00+00:00,8.756701576644126,257.4,26.46,0.26169391310198736
2022-05-07 18:00:00+00:00,8.395313892528653,258.5,25.56,0.21543815495346216
2022-05-07 19:00:00+00:00,7.533543261176375,258.5,25.14,0.12781615965387816
2022-05-07 20:00:00+00:00,6.546676893014894,260.5,24.82,0.06119801674120681
2022-05-07 21:00:00+00:00,5.601509103789814,266.2,24.39,0.024151745393648
2022-05-07 22:00:00+00:00,4.781437051373935,272.5,23.89,0.007755037711124997
2022-05-07 23:00:00+00:00,3.8501687884609885,272.7,23.44,0.0008429230749551987
2022-05-08 00:00:00+00:00,3.321986788599914,268.6,23.11,4.579168550916993e-05
2022-05-08 01:00:00+00:00,4.767537525061802,269.7,24.2,0.007574926091293861
2022-05-08 02:00:00+00:00,4.586843683004066,284.4,26.46,0.0054811907186705505
2022-05-08 03:00:00+00:00,3.7945706832124544,302.3,29.48,0.0006881293520976709
2022-05-08 04:00:00+00:00,2.640909999305371,328.6,32.62,0.0
2022-05-08 05:00:00+00:00,1.598445525895356,357.5,34.81,0.0
2022-05-08 06:00:00+00:00,1.2092587891556172,29.5,36.46,0.0
2022-05-08 07:00:00+00:00,1.0980625786585492,48.1,37.55,0.0
2022-05-08 08:00:00+00:00,1.2231583154677508,41.3,38.14,0.0
2022-05-08 09:00:00+00:00,2.0293308415714955,29.5,37.68,0.0
2022-05-08 10:00:00+00:00,2.307321367814166,30.0,36.74,0.0
2022-05-08 11:00:00+00:00,1.8069384205773593,26.0,35.54,0.0
2022-05-08 12:00:00+00:00,0.8200720524158783,8.8,34.4,0.0
2022-05-08 13:00:00+00:00,0.9312682629129467,237.7,32.97,0.0
2022-05-08 14:00:00+00:00,2.55751284143257,228.1,30.95,0.0
2022-05-08 15:00:00+00:00,4.4061498409463296,233.5,29.68,0.0038138822272128117
2022-05-08 16:00:00+00:00,5.309619051235009,242.6,28.41,0.016900265656413307
2022-05-08 17:00:00+00:00,5.948997261593152,252.0,27.32,0.03517997929296452
2022-05-08 18:00:00+00:00,6.76906931400903,259.4,26.47,0.0734471324484032
2022-05-08 19:00:00+00:00,6.977562208691032,265.1,25.93,0.0863223815836885
2022-05-08 20:00:00+00:00,6.616174524575561,269.2,25.67,0.06486652289663741
2022-05-08 21:00:00+00:00,5.9767963142174185,270.0,25.42,0.036184271179773554
2022-05-08 22:00:00+00:00,5.476413366980611,270.3,25.12,0.020832523975831782
2022-05-08 23:00:00+00:00,5.3235185775471425,273.1,24.66,0.017207228239273998
2022-05-09 00:00:00+00:00,5.504212419604879,277.1,24.29,0.0215419972920859
2022-05-09 01:00:00+00:00,6.852466471881831,283.2,25.04,0.07843123884450616
2022-05-09 02:00:00+00:00,7.5474427874885075,291.9,27.04,0.128995393922022
2022-05-09 03:00:00+00:00,7.505744208552108,295.7,29.62,0.12547929534177862
2022-05-09 04:00:00+00:00,6.8246674192575645,298.3,32.59,0.07674560260883129
2022-05-09 05:00:00+00:00,6.157490156275155,302.8,35.13,0.04318157587819536
2022-05-09 06:00:00+00:00,6.032394419465953,313.6,37.04,0.03824983251844433
2022-05-09 07:00:00+00:00,6.157490156275155,324.6,38.32,0.04318157587819536
2022-05-09 08:00:00+00:00,6.352083524645025,331.8,38.46,0.05166744266506765
2022-05-09 09:00:00+00:00,5.948997261593152,328.9,37.06,0.03517997929296452
2022-05-09 10:00:00+00:00,5.712705314286882,314.5,37.07,0.027382955853223256
2022-05-09 11:00:00+00:00,5.3235185775471425,291.1,36.4,0.017207228239273998
2022-05-09 12:00:00+00:00,5.823901524783951,265.1,33.71,0.030890228112073235
2022-05-09 13:00:00+00:00,8.450911997777188,260.2,31.33,0.2221672214562928
2022-05-09 14:00:00+00:00,11.300314891764563,260.4,30.04,0.7844335818244422
2022-05-09 15:00:00+00:00,12.009190733683372,263.2,28.68,1.0
2022-05-09 16:00:00+00:00,11.689501628504301,269.5,27.77,0.9000301924003719
2022-05-09 17:00:00+00:00,11.09182199708256,275.5,27.0,0.7267941677864175
2022-05-09 18:00:00+00:00,10.424644734100148,277.2,26.24,0.5614350279054442
2022-05-09 19:00:00+00:00,9.701869365869205,277.2,25.45,0.4129147019865108
2022-05-09 20:00:00+00:00,8.812299681892659,274.5,24.71,0.2693496818479683
2022-05-09 21:00:00+00:00,8.172921471534517,277.8,24.29,0.1898803958356906
2022-05-09 22:00:00+00:00,7.783734734794778,281.4,24.04,0.15016673554645646
2022-05-09 23:00:00+00:00,7.630839945361309,283.7,23.73,0.13622342150102767
2022-05-10 00:00:00+00:00,8.075624787349582,285.9,23.53,0.17936636239301096
2022-05-10 01:00:00+00:00,10.063257049984678,290.2,24.35,0.48337869685840185
2022-05-10 02:00:00+00:00,11.647803049567901,301.3,26.42,0.8871352623708103
2022-05-10 03:00:00+00:00,12.092587891556173,310.2,29.19,1.0
2022-05-10 04:00:00+00:00,12.148185996804708,316.3,31.88,1.0
2022-05-10 05:00:00+00:00,11.717300681128567,322.6,34.15,0.9086958613529552
2022-05-10 06:00:00+00:00,10.994525312897624,329.5,35.98,0.7008910552058
2022-05-10 07:00:00+00:00,9.965960365799743,336.2,36.99,0.4636769094123139
2022-05-10 08:00:00+00:00,9.3265821554416,340.9,37.1,0.34736009736535806
2022-05-10 09:00:00+00:00,8.937395418701861,341.7,36.72,0.28711798059856425
2022-05-10 10:00:00+00:00,8.450911997777188,340.6,36.04,0.2221672214562928
2022-05-10 11:00:00+00:00,7.005361261315301,337.9,34.91,0.0881449734083793
2022-05-10 12:00:00+00:00,4.294953630449261,328.6,32.57,0.0029787573315030076
2022-05-10 13:00:00+00:00,4.183757419952193,304.2,30.14,0.0022754149878147487
2022-05-10 14:00:00+00:00,6.33818399833289,277.7,29.34,0.05102738172015916
2022-05-10 15:00:00+00:00,9.145888313383864,267.8,28.56,0.3184391550678458
2022-05-10 16:00:00+00:00,10.799931944527755,265.1,27.4,0.6509459240378377
2022-05-10 17:00:00+00:00,10.424644734100148,264.8,26.08,0.5614350279054442
2022-05-10 18:00:00+00:00,9.535075050123604,266.0,25.24,0.3828460847843906
2022-05-10 19:00:00+00:00,9.215385944944531,269.1,24.78,0.32936449100286797
2022-05-10 20:00:00+00:00,9.465577418562935,271.2,24.59,0.37076132076851703
2022-05-10 21:00:00+00:00,8.979093997638262,271.2,24.46,0.29320988985536467
2022-05-10 22:00:00+00:00,8.867897787141194,272.3,24.38,0.277153324553909
2022-05-10 23:00:00+00:00,8.70110347139559,275.3,24.37,0.25418460381354163
2022-05-11 00:00:00+00:00,8.33971578728012,275.9,24.34,0.20884635364241086
2022-05-11 01:00:00+00:00,9.159787839695998,275.4,24.96,0.3206045887266357
2022-05-11 02:00:00+00:00,10.146654207857479,277.2,26.52,0.5007036753146784
2022-05-11 03:00:00+00:00,10.16055373416961,282.0,28.64,0.5036308163645226
2022-05-11 04:00:00+00:00,9.660170786932806,286.4,30.8,0.40525517510756576
2022-05-11 05:00:00+00:00,9.09029020813533,287.7,32.66,0.3098749250257471
2022-05-11 06:00:00+00:00,8.589907260898523,288.7,34.15,0.2395997055995605
2022-05-11 07:00:00+00:00,8.214620050470918,290.3,35.19,0.1945093498694628
2022-05-11 08:00:00+00:00,8.061725261037449,290.6,35.27,0.17789681737899846
2022-05-11 09:00:00+00:00,8.492610576713588,285.9,34.68,0.22730495252713512
2022-05-11 10:00:00+00:00,9.423878839626536,280.1,33.51,0.3636340099443778
2022-05-11 11:00:00+00:00,10.424644734100148,271.9,31.65,0.5614350279054442
2022-05-11 12:00:00+00:00,11.189118681267495,263.9,29.49,0.7533277528300304
2022-05-11 13:00:00+00:00,11.175219154955359,259.2,27.53,0.7494983530052601
2022-05-11 14:00:00+00:00,10.54974047090935,258.1,26.37,0.5902942319679177
2022-05-11 15:00:00+00:00,9.521175523811468,258.7,25.76,0.3804084375761829
2022-05-11 16:00:00+00:00,8.756701576644126,256.8,25.28,0.26169391310198736
2022-05-11 17:00:00+00:00,8.395313892528653,253.0,24.74,0.21543815495346216
2022-05-11 18:00:00+00:00,8.478711050401454,253.1,24.22,0.2255836711866327
2022-05-11 19:00:00+00:00,8.270218155719451,254.7,23.85,0.20079747627349914
2022-05-11 20:00:00+00:00,7.561342313800642,255.2,23.63,0.13018185906702937
2022-05-11 21:00:00+00:00,7.603040892737042,258.5,23.44,0.13378486077923435
2022-05-11 22:00:00+00:00,7.9366295242282465,262.2,23.25,0.16503044868431418
2022-05-11 23:00:00+00:00,8.075624787349582,262.4,23.11,0.17936636239301096
2022-05-12 00:00:00+00:00,8.075624787349582,261.5,23.03,0.17936636239301096
2022-05-12 01:00:00+00:00,9.56287410274787,265.1,23.79,0.38775257551955605
2022-05-12 02:00:00+00:00,11.870195470562035,275.6,25.83,0.9573528684092296
2022-05-12 03:00:00+00:00,12.134286470492574,286.5,28.15,1.0
2022-05-12 04:00:00+00:00,10.89722862871269,297.0,30.37,0.6756108342392498
2022-05-12 05:00:00+00:00,9.604572681684271,306.1,32.33,0.39519063394318904
2022-05-12 06:00:00+00:00,8.756701576644126,314.0,33.86,0.26169391310198736
2022-05-12 07:00:00+00:00,8.33971578728012,322.4,34.86,0.20884635364241086
2022-05-12 08:00:00+00:00,8.033926208413181,330.2,35.23,0.17498185115760465
2022-05-12 09:00:00+00:00,7.380648471742905,333.0,34.62,0.11531549951956305
2022-05-12 10:00:00+00:00,6.379882577269291,329.9,33.87,0.05296357707417774
2022-05-12 11:00:00+00:00,4.795336577686069,314.8,32.92,0.00793798198934463
2022-05-12 12:00:00+00:00,3.9335659463337898,273.0,31.37,0.0011161112261483472
2022-05-12 13:00:00+00:00,5.726604840599015,246.4,29.22,0.027806035689127713
2022-05-12 14:00:00+00:00,8.46481152408932,240.8,27.65,0.22387110153021858
2022-05-12 15:00:00+00:00,9.729668418493473,242.9,26.19,0.41807429952774805
2022-05-12 16:00:00+00:00,10.091056102608944,249.3,25.33,0.4891085288606312
2022-05-12 17:00:00+00:00,9.660170786932806,256.2,24.78,0.40525517510756576
2022-05-12 18:00:00+00:00,8.909596366077594,260.8,24.43,0.2831039497812021
2022-05-12 19:00:00+00:00,8.325816260967986,263.6,24.12,0.2072196852388606
2022-05-12 20:00:00+00:00,7.505744208552108,261.8,23.81,0.12547929534177862
2022-05-12 21:00:00+00:00,7.060959366563835,260.1,23.61,0.09186676084394715
2022-05-12 22:00:00+00:00,6.810767892945432,261.4,23.55,0.07591191793225965
2022-05-12 23:00:00+00:00,6.421581156205692,263.0,23.54,0.0549481415100816
2022-05-13 00:00:00+00:00,6.1713896825872885,265.2,23.57,0.0437543562587356
2022-05-13 01:00:00+00:00,7.728136629546244,273.8,24.27,0.14499149418498797
2022-05-13 02:00:00+00:00,9.56287410274787,283.8,26.0,0.38775257551955605
2022-05-13 03:00:00+00:00,9.743567944805605,288.0,28.32,0.42067013848974955
2022-05-13 04:00:00+00:00,9.340481681753733,291.6,30.63,0.3496545855615667
2022-05-13 05:00:00+00:00,8.784500629268393,295.4,32.66,0.2655034016363845
2022-05-13 06:00:00+00:00,8.159021945222383,299.3,33.9,0.18835389152432733
2022-05-13 07:00:00+00:00,7.7420361558583775,302.4,34.66,0.14627397197485198
2022-05-13 08:00:00+00:00,7.561342313800642,303.6,34.81,0.13018185906702937
2022-05-13 09:00:00+00:00,7.297251313870104,304.1,34.45,0.10885408480474731
2022-05-13 10:00:00+00:00,6.685672156136229,303.3,33.33,0.06867878079302038
2022-05-13 11:00:00+00:00,5.893399156344618,296.9,31.99,0.03322748902038412
2022-05-13 12:00:00+00:00,4.6702408408768665,280.6,30.41,0.006391602652921991
2022-05-13 13:00:00+00:00,4.823135630310336,262.1,28.84,0.008312456927350872
2022-05-13 14:00:00+00:00,6.1713896825872885,254.2,27.88,0.0437543562587356
2022-05-13 15:00:00+00:00,7.227753682309437,250.5,26.92,0.10365768396195829
2022-05-13 16:00:00+00:00,7.8671318926675795,255.0,26.03,0.15815823774275664
2022-05-13 17:00:00+00:00,7.686438050609843,259.8,25.39,0.14118908159500354
2022-05-13 18:00:00+00:00,7.561342313800642,263.0,24.91,0.13018185906702937
2022-05-13 19:00:00+00:00,7.158256050748769,263.5,24.54,0.0986293466205349
2022-05-13 20:00:00+00:00,6.977562208691032,264.2,24.29,0.0863223815836885
2022-05-13 21:00:00+00:00,6.782968840321163,265.3,24.11,0.07426270495364592
2022-05-13 22:00:00+00:00,6.282585893084356,265.7,23.95,0.04851999730082746
2022-05-13 23:00:00+00:00,5.893399156344618,266.5,23.82,0.03322748902038412
2022-05-14 00:00:00+00:00,5.684906261662614,267.8,23.67,0.026549714476654915
2022-05-14 01:00:00+00:00,6.8941650508182315,272.4,24.39,0.08100569192835308
2022-05-14 02:00:00+00:00,7.658638997985576,279.3,26.15,0.138691436168683
2022-05-14 03:00:00+00:00,7.71423710323411,284.6,28.45,0.14371653459279213
2022-05-14 04:00:00+00:00,7.338949892806506,289.0,30.91,0.11205374507429589
2022-05-14 05:00:00+00:00,6.699571682448363,293.1,33.16,0.06945872569881545
2022-05-14 06:00:00+00:00,5.962896787905286,298.5,35.07,0.03567976958915885
2022-05-14 07:00:00+00:00,5.3235185775471425,305.4,36.52,0.017207228239273998
2022-05-14 08:00:00+00:00,4.920432314495271,312.5,37.44,0.009715596884865342
2022-05-14 09:00:00+00:00,4.6702408408768665,319.7,37.58,0.006391602652921991
2022-05-14 10:00:00+00:00,4.586843683004066,324.0,37.39,0.0054811907186705505
2022-05-14 11:00:00+00:00,4.586843683004066,320.4,36.47,0.0054811907186705505
2022-05-14 12:00:00+00:00,3.752872104276054,300.3,34.65,0.0005853775855548267
2022-05-14 13:00:00+00:00,4.837035156622469,276.9,31.95,0.008504031790338215
2022-05-14 14:00:00+00:00,7.060959366563835,270.0,30.68,0.09186676084394715
2022-05-14 15:00:00+00:00,8.784500629268393,269.4,29.15,0.2655034016363845
2022-05-14 16:00:00+00:00,8.965194471326129,269.2,27.52,0.29116977556352974
2022-05-14 17:00:00+00:00,8.631605839834924,271.0,26.31,0.2450017709091073
2022-05-14 18:00:00+00:00,8.367514839904386,275.9,25.56,0.21212518455536553
2022-05-14 19:00:00+00:00,8.159021945222383,280.3,25.06,0.18835389152432733
2022-05-14 20:00:00+00:00,7.908830471603981,282.2,24.76,0.16225816985387245
2022-05-14 21:00:00+00:00,7.658638997985576,282.1,24.61,0.138691436168683
2022-05-14 22:00:00+00:00,7.533543261176375,282.7,24.55,0.12781615965387816
2022-05-14 23:00:00+00:00,7.24165320862157,284.4,24.4,0.10468343064400529
2022-05-15 00:00:00+00:00,6.741270261384763,288.4,24.27,0.07183394489804402
2022-05-15 01:00:00+00:00,7.922729997916114,296.7,25.14,0.1636403954590566
2022-05-15 02:00:00+00:00,8.548208681962123,305.3,27.07,0.23427763676203708
2022-05-15 03:00:00+00:00,7.755935682170511,311.2,29.47,0.14756399006398443
2022-05-15 04:00:00+00:00,6.6300740508876945,315.9,31.86,0.06561738593023632
2022-05-15 05:00:00+00:00,5.671006735350481,319.1,33.88,0.026139508732790348
2022-05-15 06:00:00+00:00,4.767537525061802,319.4,35.21,0.007574926091293861
2022-05-15 07:00:00+00:00,3.9335659463337898,315.3,35.49,0.0011161112261483472
2022-05-15 08:00:00+00:00,3.196891051790712,301.1,34.87,1.0470089849854629e-05
2022-05-15 09:00:00+00:00,3.1829915254785788,267.7,34.12,8.405535843187353e-06
2022-05-15 10:00:00+00:00,4.656341314564734,243.0,33.48,0.006233356642585244
2022-05-15 11:00:00+00:00,6.518877840390627,238.3,32.62,0.059770245921690696
2022-05-15 12:00:00+00:00,8.172921471534517,239.1,31.38,0.1898803958356906
2022-05-15 13:00:00+00:00,8.895696839765462,239.9,29.5,0.2811110406738716
2022-05-15 14:00:00+00:00,9.076390681823197,240.8,28.18,0.30775813315548584
2022-05-15 15:00:00+00:00,8.576007734586389,242.6,27.29,0.23781682362562842
2022-05-15 16:00:00+00:00,8.42311294515292,249.1,26.62,0.21878544164950336
2022-05-15 17:00:00+00:00,8.325816260967986,258.1,26.09,0.2072196852388606
2022-05-15 18:00:00+00:00,8.117323366285982,267.2,25.78,0.18382351026751492
2022-05-15 19:00:00+00:00,7.964428576852515,273.3,25.56,0.1678341264014513
2022-05-15 20:00:00+00:00,7.7420361558583775,276.7,25.33,0.14627397197485198
2022-05-15 21:00:00+00:00,7.338949892806506,278.4,25.12,0.11205374507429589
2022-05-15 22:00:00+00:00,6.838566945569697,281.2,24.94,0.07758536887904664
2022-05-15 23:00:00+00:00,6.157490156275155,284.4,24.79,0.04318157587819536
2022-05-16 00:00:00+00:00,5.643207682726214,289.1,24.61,0.025331816625898403
2022-05-16 01:00:00+00:00,7.366748945430772,297.2,25.45,0.1142213118489491
2022-05-16 02:00:00+00:00,8.46481152408932,305.1,27.29,0.22387110153021858
2022-05-16 03:00:00+00:00,8.020026682101047,313.9,29.5,0.17353638574702254
2022-05-16 04:00:00+00:00,7.033160313939566,324.6,31.89,0.0899930408908644
2022-05-16 05:00:00+00:00,6.01849489315382,338.5,34.08,0.03772626473414412
2022-05-16 06:00:00+00:00,5.240121419674342,356.5,35.76,0.015420098498143919
2022-05-16 07:00:00+00:00,4.892633261871003,15.3,36.51,0.009299762906191316
2022-05-16 08:00:00+00:00,4.656341314564734,29.6,36.78,0.006233356642585244
2022-05-16 09:00:00+00:00,4.114259788391525,38.1,36.78,0.0018977187361225354
2022-05-16 10:00:00+00:00,2.7938047887388398,49.4,35.76,0.0
2022-05-16 11:00:00+00:00,0.8478711050401454,109.0,34.42,0.0
2022-05-16 12:00:00+00:00,2.974498630796576,211.0,32.61,0.0
2022-05-16 13:00:00+00:00,5.990695840529551,222.8,30.39,0.03669350616640907
2022-05-16 14:00:00+00:00,7.5474427874885075,229.6,28.58,0.128995393922022
2022-05-16 15:00:00+00:00,6.7551697876968975,233.7,27.46,0.07263755313040274
2022-05-16 16:00:00+00:00,5.559810524853413,234.4,26.84,0.023008904036693503
2022-05-16 17:00:00+00:00,4.531245577755532,230.1,26.4,0.004925008836839162
2022-05-16 18:00:00+00:00,3.97526452527019,219.5,26.05,0.00127244715047499
2022-05-16 19:00:00+00:00,3.8362692621488548,208.6,25.71,0.0008022521214967887
2022-05-16 20:00:00+00:00,4.6007432093161995,197.9,25.33,0.005626489025085531
2022-05-16 21:00:00+00:00,6.226987787835823,196.5,24.94,0.04609612698116098
2022-05-16 22:00:00+00:00,7.839332840043312,198.6,24.5,0.15546368257303958
2022-05-16 23:00:00+00:00,8.534309155649987,203.4,23.96,0.23252128766917687
2022-05-17 00:00:00+00:00,7.95052905054038,211.0,23.35,0.16642835163124553
2022-05-17 01:00:00+00:00,8.172921471534517,219.4,23.63,0.1898803958356906
2022-05-17 02:00:00+00:00,9.04859162919893,224.3,25.25,0.3035535134720765
2022-05-17 03:00:00+00:00,9.076390681823197,224.4,27.87,0.30775813315548584
2022-05-17 04:00:00+00:00,7.505744208552108,225.4,30.35,0.12547929534177862
2022-05-17 05:00:00+00:00,5.643207682726214,227.4,32.34,0.025331816625898403
2022-05-17 06:00:00+00:00,4.12815931470366,228.4,33.69,0.001969626016918578
2022-05-17 07:00:00+00:00,2.8633024202995077,226.4,34.24,0.0
2022-05-17 08:00:00+00:00,1.84863699951376,215.2,34.42,0.0
2022-05-17 09:00:00+00:00,1.5428474206468221,186.7,34.2,0.0
2022-05-17 10:00:00+00:00,2.08492894682003,170.8,33.49,0.0
2022-05-17 11:00:00+00:00,3.196891051790712,181.5,32.36,1.0470089849854629e-05
2022-05-17 12:00:00+00:00,4.197656946264327,199.5,30.69,0.0023565127004686816
2022-05-17 13:00:00+00:00,5.267920472298608,212.9,28.58,0.016001324616646363
2022-05-17 14:00:00+00:00,6.574475945639161,223.3,27.13,0.0626483458072678
2022-05-17 15:00:00+00:00,7.311150840182238,233.7,26.02,0.10991377571107316
2022-05-17 16:00:00+00:00,7.338949892806506,242.9,25.36,0.11205374507429589
2022-05-17 17:00:00+00:00,6.685672156136229,249.9,25.04,0.06867878079302038
2022-05-17 18:00:00+00:00,6.004595366841686,256.8,24.84,0.03720749665066583
2022-05-17 19:00:00+00:00,5.35131763017141,264.6,24.68,0.017832259369005187
2022-05-17 20:00:00+00:00,4.781437051373935,274.7,24.54,0.007755037711124997
2022-05-17 21:00:00+00:00,4.322752683073529,290.7,24.39,0.003174741909170927
2022-05-17 22:00:00+00:00,4.364451262009929,307.5,24.25,0.0034845488214943995
2022-05-17 23:00:00+00:00,4.906532788183137,319.5,24.13,0.009506164109132393
2022-05-18 00:00:00+00:00,5.337418103859276,327.3,24.04,0.01751788544293783
2022-05-18 01:00:00+00:00,6.352083524645025,331.5,24.74,0.05166744266506765
2022-05-18 02:00:00+00:00,6.713471208760496,339.1,26.5,0.07024455328385079
2022-05-18 03:00:00+00:00,5.9767963142174185,350.6,28.73,0.036184271179773554
2022-05-18 04:00:00+00:00,5.15672426180154,7.0,30.52,0.013761201160245875
2022-05-18 05:00:00+00:00,5.212322367050074,19.6,31.9,0.01485312042444501
2022-05-18 06:00:00+00:00,5.5876095774776795,23.4,32.83,0.02376669109065298
2022-05-18 07:00:00+00:00,5.990695840529551,24.1,33.39,0.03669350616640907
2022-05-18 08:00:00+00:00,6.213088261523689,25.1,33.52,0.045503042717314215
2022-05-18 09:00:00+00:00,6.115791577338754,27.8,33.18,0.04149327063112731
2022-05-18 10:00:00+00:00,5.768303419535417,34.0,32.58,0.02910137700652688
2022-05-18 11:00:00+00:00,4.656341314564734,42.5,31.46,0.006233356642585244
2022-05-18 12:00:00+00:00,3.5026806306576503,54.0,29.74,0.00017424042651131133
2022-05-18 13:00:00+00:00,2.4741156835597686,65.7,27.84,0.0
2022-05-18 14:00:00+00:00,1.6262445785196231,74.7,27.03,0.0
2022-05-18 15:00:00+00:00,0.5837801051096083,83.2,26.42,0.0
2022-05-18 16:00:00+00:00,0.5976796314217419,266.0,26.05,0.0
2022-05-18 17:00:00+00:00,2.404618051999101,267.4,25.62,0.0
2022-05-18 18:00:00+00:00,3.97526452527019,273.0,24.81,0.00127244715047499
2022-05-18 19:00:00+00:00,5.184523314425808,276.8,24.2,0.014300213582746675
2022-05-18 20:00:00+00:00,5.712705314286882,281.1,23.77,0.027382955853223256
2022-05-18 21:00:00+00:00,5.754403893223282,283.8,23.52,0.028665224164179125
2022-05-18 22:00:00+00:00,5.62930815641408,285.5,23.39,0.0249342860596703
2022-05-18 23:00:00+00:00,5.406915735419944,288.0,23.33,0.01912736432931732
2022-05-19 00:00:00+00:00,5.15672426180154,291.0,23.32,0.013761201160245875
2022-05-19 01:00:00+00:00,5.559810524853413,294.8,23.62,0.023008904036693503
2022-05-19 02:00:00+00:00,7.060959366563835,306.0,24.21,0.09186676084394715
2022-05-19 03:00:00+00:00,8.172921471534517,318.4,25.09,0.1898803958356906
2022-05-19 04:00:00+00:00,8.214620050470918,330.5,26.47,0.1945093498694628
2022-05-19 05:00:00+00:00,7.700337576921977,341.0,28.02,0.14244907109666421
2022-05-19 06:00:00+00:00,6.866365998193966,350.1,29.16,0.07928323460681022
2022-05-19 07:00:00+00:00,6.046293945778086,354.7,29.86,0.03877822210516686
2022-05-19 08:00:00+00:00,5.295719524922876,357.6,30.15,0.01659697559275541
2022-05-19 09:00:00+00:00,4.628542261940466,2.1,30.0,0.0059247437522666705
2022-05-19 10:00:00+00:00,4.086460735767258,6.4,29.53,0.0017591974176414424
2022-05-19 11:00:00+00:00,3.3080872622877804,8.5,28.67,4.0113790378131155e-05
2022-05-19 12:00:00+00:00,2.1266275257564304,6.4,27.45,0.0
2022-05-19 13:00:00+00:00,1.1397611575949496,346.0,26.53,0.0
2022-05-19 14:00:00+00:00,1.2370578417798843,288.2,26.08,0.0
2022-05-19 15:00:00+00:00,2.55751284143257,279.1,25.52,0.0
2022-05-19 16:00:00+00:00,3.9335659463337898,280.4,24.74,0.0011161112261483472
2022-05-19 17:00:00+00:00,5.184523314425808,285.7,24.25,0.014300213582746675
2022-05-19 18:00:00+00:00,6.574475945639161,288.6,23.9,0.0626483458072678
2022-05-19 19:00:00+00:00,7.366748945430772,289.9,23.56,0.1142213118489491
2022-05-19 20:00:00+00:00,7.686438050609843,290.9,23.25,0.14118908159500354
2022-05-19 21:00:00+00:00,7.505744208552108,288.9,23.0,0.12547929534177862
2022-05-19 22:00:00+00:00,7.380648471742905,284.7,22.81,0.11531549951956305
2022-05-19 23:00:00+00:00,6.935863629754633,276.2,22.69,0.08363587392701052
2022-05-20 00:00:00+00:00,6.880265524506099,267.6,22.6,0.08014137826755904
2022-05-20 01:00:00+00:00,8.020026682101047,265.3,23.03,0.17353638574702254
2022-05-20 02:00:00+00:00,9.340481681753733,273.9,24.16,0.3496545855615667
2022-05-20 03:00:00+00:00,9.521175523811468,280.3,25.57,0.3804084375761829
2022-05-20 04:00:00+00:00,9.173687366008132,286.4,26.81,0.3227798170479327
2022-05-20 05:00:00+00:00,8.784500629268393,292.0,27.9,0.2655034016363845
2022-05-20 06:00:00+00:00,8.478711050401454,296.0,28.58,0.2255836711866327
2022-05-20 07:00:00+00:00,8.200720524158784,297.8,28.99,0.19295810290665796
2022-05-20 08:00:00+00:00,7.9366295242282465,300.2,29.01,0.16503044868431418
2022-05-20 09:00:00+00:00,7.783734734794778,301.8,28.83,0.15016673554645646
2022-05-20 10:00:00+00:00,7.7420361558583775,301.7,28.1,0.14627397197485198
2022-05-20 11:00:00+00:00,7.5474427874885075,296.8,27.24,0.128995393922022
2022-05-20 12:00:00+00:00,6.477179261454226,285.2,26.05,0.057670499626681526
2022-05-20 13:00:00+00:00,5.5876095774776795,267.3,24.61,0.02376669109065298
2022-05-20 14:00:00+00:00,6.8246674192575645,254.2,23.87,0.07674560260883129
2022-05-20 15:00:00+00:00,7.839332840043312,246.6,23.26,0.15546368257303958
2022-05-20 16:00:00+00:00,7.908830471603981,243.5,22.79,0.16225816985387245
2022-05-20 17:00:00+00:00,7.908830471603981,245.7,22.56,0.16225816985387245
2022-05-20 18:00:00+00:00,7.922729997916114,251.8,22.37,0.1636403954590566
2022-05-20 19:00:00+00:00,8.145122418910251,258.5,22.19,0.18683559056024407
2022-05-20 20:00:00+00:00,7.464045629615707,260.9,22.05,0.12202767791009429
2022-05-20 21:00:00+00:00,7.2138541559973035,262.7,21.97,0.10263865981996585
2022-05-20 22:00:00+00:00,6.588375471951294,263.2,21.89,0.06338202493675352
2022-05-20 23:00:00+00:00,6.421581156205692,263.8,21.82,0.0549481415100816
2022-05-21 00:00:00+00:00,6.782968840321163,264.6,21.78,0.07426270495364592
2022-05-21 01:00:00+00:00,8.353615313592252,266.7,22.37,0.21048151271404547
2022-05-21 02:00:00+00:00,9.729668418493473,271.4,23.89,0.41807429952774805
2022-05-21 03:00:00+00:00,9.938161313175476,272.7,25.8,0.45814784780682366
2022-05-21 04:00:00+00:00,9.71576889218134,273.2,27.73,0.4154891613938684
2022-05-21 05:00:00+00:00,9.4099793133144,274.7,29.42,0.3612786983242929
2022-05-21 06:00:00+00:00,9.118089260759596,276.7,30.49,0.31413758333138475
2022-05-21 07:00:00+00:00,9.00689305026253,279.4,31.06,0.2973186625657411
2022-05-21 08:00:00+00:00,9.04859162919893,281.1,31.04,0.3035535134720765
2022-05-21 09:00:00+00:00,8.979093997638262,282.6,30.62,0.29320988985536467
2022-05-21 10:00:00+00:00,8.85399826082906,282.7,29.99,0.2751884733380762
2022-05-21 11:00:00+00:00,8.742802050331992,280.3,29.13,0.25980291045973297
2022-05-21 12:00:00+00:00,7.5474427874885075,274.8,27.75,0.128995393922022
2022-05-21 13:00:00+00:00,6.53277736670276,267.4,26.07,0.06048132260143082
2022-05-21 14:00:00+00:00,7.088758419188101,264.1,25.17,0.09376631008043017
2022-05-21 15:00:00+00:00,7.352849419118638,261.1,24.37,0.11313406773439343
2022-05-21 16:00:00+00:00,7.408447524367173,257.4,23.72,0.11752479393536774
2022-05-21 17:00:00+00:00,7.408447524367173,254.1,23.19,0.11752479393536774
2022-05-21 18:00:00+00:00,7.297251313870104,251.3,22.7,0.10885408480474731
2022-05-21 19:00:00+00:00,7.074858892875968,250.5,22.4,0.09281329575096342
2022-05-21 20:00:00+00:00,6.949763156066766,250.7,22.29,0.08452508860398927
2022-05-21 21:00:00+00:00,7.074858892875968,252.2,22.24,0.09281329575096342
2022-05-21 22:00:00+00:00,7.074858892875968,253.2,22.2,0.09281329575096342
2022-05-21 23:00:00+00:00,7.116557471812369,253.4,22.21,0.09569186541311687
2022-05-22 00:00:00+00:00,7.088758419188101,254.2,22.29,0.09376631008043017
2022-05-22 01:00:00+00:00,8.520409629337856,257.3,23.27,0.23077373866680695
2022-05-22 02:00:00+00:00,10.285649470978814,263.8,25.22,0.5304901070031963
2022-05-22 03:00:00+00:00,10.855530049776288,267.0,27.43,0.6649652562953288
2022-05-22 04:00:00+00:00,10.966726260273356,268.5,29.49,0.6936049060848659
2022-05-22 05:00:00+00:00,11.022324365521891,268.9,31.28,0.7082280526217598
2022-05-22 06:00:00+00:00,11.050123418146159,268.7,32.65,0.7156160751455486
2022-05-22 07:00:00+00:00,11.13352057601896,267.6,33.51,0.7380880614919179
2022-05-22 08:00:00+00:00,11.272515839140294,266.2,33.81,0.7765783767540577
2022-05-22 09:00:00+00:00,11.508807786446564,265.1,33.53,0.8450426153795316
2022-05-22 10:00:00+00:00,11.703401154816435,264.3,32.66,0.9043561072489761
2022-05-22 11:00:00+00:00,11.620003996943632,263.3,31.24,0.8786074334319732
2022-05-22 12:00:00+00:00,10.577539523533618,260.2,29.27,0.5968388741998244
2022-05-22 13:00:00+00:00,9.145888313383864,254.3,27.21,0.3184391550678458
2022-05-22 14:00:00+00:00,8.311916734655853,248.3,25.74,0.20560148540179465
2022-05-22 15:00:00+00:00,7.589141366424909,244.1,24.73,0.1325765703940351
2022-05-22 16:00:00+00:00,7.130456998124502,242.6,24.03,0.0966644506195374
2022-05-22 17:00:00+00:00,6.9219641034425,243.6,23.6,0.08275291765647853
2022-05-22 18:00:00+00:00,7.283351787557971,248.1,23.4,0.10780122694647802
2022-05-22 19:00:00+00:00,7.39454799805504,252.4,23.24,0.11641665284783591
2022-05-22 20:00:00+00:00,6.741270261384763,253.6,23.08,0.07183394489804402
2022-05-22 21:00:00+00:00,6.602274998263428,254.2,22.93,0.06412140993267662
2022-05-22 22:00:00+00:00,6.3659830509571576,254.3,22.8,0.05231283374920702
2022-05-22 23:00:00+00:00,5.962896787905286,252.6,22.71,0.03567976958915885
2022-05-23 00:00:00+00:00,5.601509103789814,250.3,22.7,0.024151745393648
2022-05-23 01:00:00+00:00,7.533543261176375,253.2,23.9,0.12781615965387816
2022-05-23 02:00:00+00:00,9.354381208065869,262.2,25.94,0.3519591557410872
2022-05-23 03:00:00+00:00,9.535075050123604,265.5,27.97,0.3828460847843906
2022-05-23 04:00:00+00:00,9.270984050193066,265.8,29.78,0.33828252238163425
2022-05-23 05:00:00+00:00,8.992993523950394,266.3,31.38,0.2952595114889014
2022-05-23 06:00:00+00:00,8.85399826082906,267.3,32.67,0.2751884733380762
2022-05-23 07:00:00+00:00,8.742802050331992,268.1,33.54,0.25980291045973297
2022-05-23 08:00:00+00:00,8.715002997707725,267.4,33.87,0.2560482779171104
2022-05-23 09:00:00+00:00,8.659404892459191,265.6,33.58,0.24864788495460075
2022-05-23 10:00:00+00:00,8.812299681892659,264.6,32.94,0.2693496818479683
2022-05-23 11:00:00+00:00,8.992993523950394,264.1,31.83,0.2952595114889014
2022-05-23 12:00:00+00:00,8.200720524158784,261.4,30.11,0.19295810290665796
2022-05-23 13:00:00+00:00,7.186055103373036,257.4,27.95,0.10062069074974332
2022-05-23 14:00:00+00:00,7.158256050748769,254.3,26.66,0.0986293466205349
2022-05-23 15:00:00+00:00,6.9219641034425,251.9,25.66,0.08275291765647853
2022-05-23 16:00:00+00:00,6.616174524575561,250.3,24.86,0.06486652289663741
2022-05-23 17:00:00+00:00,6.33818399833289,249.6,24.22,0.05102738172015916
2022-05-23 18:00:00+00:00,6.226987787835823,251.0,23.81,0.04609612698116098
2022-05-23 19:00:00+00:00,6.074092998402354,253.9,23.62,0.03984955509228037
2022-05-23 20:00:00+00:00,5.9072986826567515,256.1,23.51,0.03370865515490046
2022-05-23 21:00:00+00:00,5.796102472159683,257.0,23.38,0.029986910408868205
2022-05-23 22:00:00+00:00,5.740504366911149,256.4,23.24,0.028233451092246224
2022-05-23 23:00:00+00:00,5.54591099854128,255.8,23.1,0.02263612708252825
2022-05-24 00:00:00+00:00,5.601509103789814,258.0,23.09,0.024151745393648
2022-05-24 01:00:00+00:00,6.866365998193966,260.8,24.16,0.07928323460681022
2022-05-24 02:00:00+00:00,8.159021945222383,270.9,26.07,0.18835389152432733
2022-05-24 03:00:00+00:00,8.46481152408932,277.2,28.12,0.22387110153021858
2022-05-24 04:00:00+00:00,8.33971578728012,280.8,30.03,0.20884635364241086
2022-05-24 05:00:00+00:00,8.117323366285982,282.9,31.76,0.18382351026751492
2022-05-24 06:00:00+00:00,7.839332840043312,283.8,33.07,0.15546368257303958
2022-05-24 07:00:00+00:00,7.630839945361309,282.7,33.94,0.13622342150102767
2022-05-24 08:00:00+00:00,7.561342313800642,280.1,34.32,0.13018185906702937
2022-05-24 09:00:00+00:00,7.686438050609843,277.0,34.07,0.14118908159500354
2022-05-24 10:00:00+00:00,7.9366295242282465,274.4,33.41,0.16503044868431418
2022-05-24 11:00:00+00:00,8.089524313661716,272.1,32.31,0.18084397814470093
2022-05-24 12:00:00+00:00,7.325050366494371,267.6,30.52,0.11098032176705581
2022-05-24 13:00:00+00:00,6.685672156136229,260.8,28.19,0.06867878079302038
2022-05-24 14:00:00+00:00,7.5474427874885075,257.8,27.01,0.128995393922022
2022-05-24 15:00:00+00:00,7.894930945291846,257.5,26.13,0.16088374976716124
2022-05-24 16:00:00+00:00,7.658638997985576,259.2,25.37,0.138691436168683
2022-05-24 17:00:00+00:00,6.963662682378899,260.8,24.68,0.08542058378901518
2022-05-24 18:00:00+00:00,6.53277736670276,262.9,24.13,0.06048132260143082
2022-05-24 19:00:00+00:00,6.074092998402354,265.1,23.73,0.03984955509228037
2022-05-24 20:00:00+00:00,5.754403893223282,269.4,23.48,0.028665224164179125
2022-05-24 21:00:00+00:00,5.671006735350481,274.9,23.29,0.026139508732790348
2022-05-24 22:00:00+00:00,5.420815261732077,280.2,23.09,0.019460653391407894
2022-05-24 23:00:00+00:00,4.976030419743805,286.1,22.86,0.010584085747723354
2022-05-25 00:00:00+00:00,4.878733735558869,291.9,22.65,0.009096371174441733
2022-05-25 01:00:00+00:00,6.713471208760496,299.9,23.65,0.07024455328385079
2022-05-25 02:00:00+00:00,7.561342313800642,307.4,25.77,0.13018185906702937
2022-05-25 03:00:00+00:00,7.39454799805504,313.2,28.38,0.11641665284783591
2022-05-25 04:00:00+00:00,6.741270261384763,318.5,30.9,0.07183394489804402
2022-05-25 05:00:00+00:00,5.698805787974748,322.0,32.99,0.02696418948293244
2022-05-25 06:00:00+00:00,4.781437051373935,321.7,34.37,0.007755037711124997
2022-05-25 07:00:00+00:00,4.4061498409463296,318.1,35.12,0.0038138822272128117
2022-05-25 08:00:00+00:00,4.350551735697795,312.9,35.44,0.0033791397091431905
2022-05-25 09:00:00+00:00,4.503446525131265,307.0,35.13,0.0046616152798153255
2022-05-25 10:00:00+00:00,4.6007432093161995,300.7,34.87,0.005626489025085531
2022-05-25 11:00:00+00:00,4.545145104067665,295.4,33.94,0.005060346808923484
2022-05-25 12:00:00+00:00,3.5582787359061845,285.4,32.23,0.00023868533204526545
2022-05-25 13:00:00+00:00,3.169091999166445,270.5,29.66,6.6319561817934365e-06
2022-05-25 14:00:00+00:00,3.8501687884609885,262.7,28.5,0.0008429230749551987
2022-05-25 15:00:00+00:00,4.6424417882526,261.6,27.54,0.006077744376233591
2022-05-25 16:00:00+00:00,5.573710051165546,263.0,26.67,0.023385751338868273
2022-05-25 17:00:00+00:00,6.310384945708623,264.7,25.69,0.04976316184163368
2022-05-25 18:00:00+00:00,6.782968840321163,268.0,24.82,0.07426270495364592
2022-05-25 19:00:00+00:00,7.0192607876274336,272.7,24.06,0.08906581164159735
2022-05-25 20:00:00+00:00,7.130456998124502,277.4,23.45,0.0966644506195374
2022-05-25 21:00:00+00:00,7.158256050748769,281.0,23.0,0.0986293466205349
2022-05-25 22:00:00+00:00,6.991461735003167,282.5,22.74,0.08723050408960982
2022-05-25 23:00:00+00:00,6.657873103511962,283.8,22.63,0.06713645061274993
2022-05-26 00:00:00+00:00,6.616174524575561,287.5,22.63,0.06486652289663741
2022-05-26 01:00:00+00:00,7.422347050679306,291.3,23.41,0.11863994488375919
2022-05-26 02:00:00+00:00,7.589141366424909,294.7,25.31,0.1325765703940351
2022-05-26 03:00:00+00:00,7.199954629685169,294.0,27.8,0.10162633611642759
2022-05-26 04:00:00+00:00,6.588375471951294,290.1,30.55,0.06338202493675352
2022-05-26 05:00:00+00:00,5.851700577408217,284.3,32.86,0.031811506928944924
2022-05-26 06:00:00+00:00,5.448614314356345,278.6,34.35,0.02013880161320679
2022-05-26 07:00:00+00:00,5.532011472229145,272.6,35.23,0.02226739837477213
2022-05-26 08:00:00+00:00,6.01849489315382,266.4,35.58,0.03772626473414412
2022-05-26 09:00:00+00:00,6.657873103511962,262.3,35.47,0.06713645061274993
2022-05-26 10:00:00+00:00,7.144356524436635,258.8,34.83,0.0976436036548099
2022-05-26 11:00:00+00:00,7.533543261176375,254.4,33.4,0.12781615965387816
2022-05-26 12:00:00+00:00,7.088758419188101,248.1,31.24,0.09376631008043017
2022-05-26 13:00:00+00:00,7.978328103164648,245.2,29.01,0.16924779509653126
2022-05-26 14:00:00+00:00,9.604572681684271,247.8,27.69,0.39519063394318904
2022-05-26 15:00:00+00:00,9.09029020813533,250.1,26.31,0.3098749250257471
2022-05-26 16:00:00+00:00,8.645505366147058,253.1,25.24,0.24682033948020748
2022-05-26 17:00:00+00:00,8.409213418840787,255.9,24.38,0.21710749771343965
2022-05-26 18:00:00+00:00,8.450911997777188,257.2,23.7,0.2221672214562928
2022-05-26 19:00:00+00:00,8.85399826082906,257.7,23.23,0.2751884733380762
2022-05-26 20:00:00+00:00,9.020792576574662,258.7,22.93,0.2993873651874827
2022-05-26 21:00:00+00:00,9.034692102886796,260.1,22.67,0.30146564145572796
2022-05-26 22:00:00+00:00,9.00689305026253,261.8,22.5,0.2973186625657411
2022-05-26 23:00:00+00:00,8.867897787141194,264.1,22.38,0.277153324553909
2022-05-27 00:00:00+00:00,8.728902524019858,267.1,22.32,0.2579210394319741
2022-05-27 01:00:00+00:00,9.938161313175476,271.0,23.32,0.45814784780682366
2022-05-27 02:00:00+00:00,11.342013470700962,275.8,25.41,0.7963154320012541
2022-05-27 03:00:00+00:00,11.272515839140294,279.3,27.68,0.7765783767540577
2022-05-27 04:00:00+00:00,10.174453260481746,282.1,29.9,0.5065693433921017
2022-05-27 05:00:00+00:00,9.020792576574662,283.5,31.93,0.2993873651874827
2022-05-27 06:00:00+00:00,8.172921471534517,283.9,33.4,0.1898803958356906
2022-05-27 07:00:00+00:00,7.700337576921977,283.3,34.41,0.14244907109666421
2022-05-27 08:00:00+00:00,7.505744208552108,282.2,34.89,0.12547929534177862
2022-05-27 09:00:00+00:00,7.4779451559278405,279.7,34.94,0.12317108931792753
2022-05-27 10:00:00+00:00,7.505744208552108,276.3,34.5,0.12547929534177862
2022-05-27 11:00:00+00:00,7.575241840112775,272.2,33.45,0.13137557719050022
2022-05-27 12:00:00+00:00,6.671772629824095,265.3,31.39,0.06790469646486533
2022-05-27 13:00:00+00:00,6.560576419327027,255.6,28.42,0.06192035044261896
2022-05-27 14:00:00+00:00,9.034692102886796,252.8,27.14,0.30146564145572796
2022-05-27 15:00:00+00:00,9.79916605005414,252.7,25.72,0.43116094465098703
2022-05-27 16:00:00+00:00,9.159787839695998,252.0,24.52,0.3206045887266357
2022-05-27 17:00:00+00:00,8.437012471465055,253.8,23.64,0.2204720088632546
2022-05-27 18:00:00+00:00,8.020026682101047,257.8,22.99,0.17353638574702254
2022-05-27 19:00:00+00:00,7.603040892737042,261.4,22.47,0.13378486077923435
2022-05-27 20:00:00+00:00,7.130456998124502,264.7,22.04,0.0966644506195374
2022-05-27 21:00:00+00:00,6.7551697876968975,267.5,21.66,0.07263755313040274
2022-05-27 22:00:00+00:00,6.3659830509571576,269.0,21.3,0.05231283374920702
2022-05-27 23:00:00+00:00,5.851700577408217,269.3,20.91,0.031811506928944924
2022-05-28 00:00:00+00:00,5.462513840668478,268.8,20.62,0.020483704976115853
2022-05-28 01:00:00+00:00,7.269452261245838,272.4,22.03,0.1067551800346648
2022-05-28 02:00:00+00:00,9.201486418632399,280.9,24.89,0.3271597460844485
2022-05-28 03:00:00+00:00,8.881797313453326,282.7,27.54,0.2791275062986404
2022-05-28 04:00:00+00:00,7.728136629546244,282.0,30.01,0.14499149418498797
2022-05-28 05:00:00+00:00,6.76906931400903,280.8,32.13,0.0734471324484032
2022-05-28 06:00:00+00:00,6.074092998402354,278.6,33.76,0.03984955509228037
2022-05-28 07:00:00+00:00,5.740504366911149,275.8,34.85,0.028233451092246224
2022-05-28 08:00:00+00:00,5.86560010372035,274.3,35.45,0.03227893700900672
2022-05-28 09:00:00+00:00,6.101892051026621,276.2,35.6,0.04094044050828759
2022-05-28 10:00:00+00:00,6.393782103581424,278.0,35.28,0.05361969474158012
2022-05-28 11:00:00+00:00,6.7551697876968975,278.0,34.33,0.07263755313040274
2022-05-28 12:00:00+00:00,5.726604840599015,272.8,32.02,0.027806035689127713
2022-05-28 13:00:00+00:00,6.2964854193964905,264.1,28.86,0.04913895870481589
2022-05-28 14:00:00+00:00,8.589907260898523,261.5,27.56,0.2395997055995605
2022-05-28 15:00:00+00:00,9.95206083948761,260.3,26.36,0.46090685138270454
2022-05-28 16:00:00+00:00,9.757467471117739,258.8,25.14,0.4232767003814739
2022-05-28 17:00:00+00:00,9.04859162919893,258.4,24.16,0.3035535134720765
2022-05-28 18:00:00+00:00,8.548208681962123,257.2,23.4,0.23427763676203708
2022-05-28 19:00:00+00:00,8.770601102956258,259.3,22.88,0.26359406946033753
2022-05-28 20:00:00+00:00,8.728902524019858,261.1,22.61,0.2579210394319741
2022-05-28 21:00:00+00:00,8.353615313592252,264.8,22.46,0.21048151271404547
2022-05-28 22:00:00+00:00,8.061725261037449,268.4,22.39,0.17789681737899846
2022-05-28 23:00:00+00:00,7.686438050609843,271.7,22.29,0.14118908159500354
2022-05-29 00:00:00+00:00,7.408447524367173,275.0,22.18,0.11752479393536774
2022-05-29 01:00:00+00:00,8.548208681962123,278.6,23.22,0.23427763676203708
2022-05-29 02:00:00+00:00,8.979093997638262,283.2,25.29,0.29320988985536467
2022-05-29 03:00:00+00:00,8.631605839834924,286.0,27.72,0.2450017709091073
2022-05-29 04:00:00+00:00,7.783734734794778,287.1,30.17,0.15016673554645646
2022-05-29 05:00:00+00:00,6.685672156136229,288.1,32.28,0.06867878079302038
2022-05-29 06:00:00+00:00,5.559810524853413,289.0,33.84,0.023008904036693503
2022-05-29 07:00:00+00:00,4.781437051373935,288.8,34.88,0.007755037711124997
2022-05-29 08:00:00+00:00,4.489546998819131,286.8,35.46,0.0045335154916750515
2022-05-29 09:00:00+00:00,4.517346051443398,283.5,35.55,0.004792105694336564
2022-05-29 10:00:00+00:00,4.6424417882526,279.5,35.2,0.006077744376233591
2022-05-29 11:00:00+00:00,5.073327103928739,273.9,34.03,0.012225762279898732
2022-05-29 12:00:00+00:00,5.142824735489407,264.7,32.0,0.01349685010219363
2022-05-29 13:00:00+00:00,6.213088261523689,256.3,29.22,0.045503042717314215
2022-05-29 14:00:00+00:00,8.937395418701861,254.8,27.84,0.28711798059856425
2022-05-29 15:00:00+00:00,10.132754681545345,256.7,26.43,0.4977878981409672
2022-05-29 16:00:00+00:00,9.020792576574662,256.5,25.14,0.2993873651874827
2022-05-29 17:00:00+00:00,7.978328103164648,254.8,24.19,0.16924779509653126
2022-05-29 18:00:00+00:00,7.269452261245838,253.6,23.45,0.1067551800346648
2022-05-29 19:00:00+00:00,6.852466471881831,255.1,22.9,0.07843123884450616
2022-05-29 20:00:00+00:00,6.407681629893559,258.6,22.48,0.05428120885301468
2022-05-29 21:00:00+00:00,5.837801051096084,261.9,22.23,0.031348611330500535
2022-05-29 22:00:00+00:00,5.448614314356345,264.7,22.09,0.02013880161320679
2022-05-29 23:00:00+00:00,5.184523314425808,266.2,21.98,0.014300213582746675
2022-05-30 00:00:00+00:00,5.184523314425808,267.2,21.92,0.014300213582746675
2022-05-30 01:00:00+00:00,6.991461735003167,275.6,23.12,0.08723050408960982
2022-05-30 02:00:00+00:00,8.311916734655853,284.6,25.48,0.20560148540179465
2022-05-30 03:00:00+00:00,7.783734734794778,285.4,27.93,0.15016673554645646
2022-05-30 04:00:00+00:00,6.935863629754633,284.4,30.29,0.08363587392701052
2022-05-30 05:00:00+00:00,5.9767963142174185,283.9,32.38,0.036184271179773554
2022-05-30 06:00:00+00:00,5.101126156553006,285.0,34.0,0.01272415232162491
2022-05-30 07:00:00+00:00,4.364451262009929,287.6,35.11,0.0034845488214943995
2022-05-30 08:00:00+00:00,3.8501687884609885,290.9,35.72,0.0008429230749551987
2022-05-30 09:00:00+00:00,3.433182999096983,294.7,35.85,0.00011150303355417385
2022-05-30 10:00:00+00:00,3.0856948412936442,293.1,35.49,8.632498431277694e-07
2022-05-30 11:00:00+00:00,3.2524891570392462,277.9,34.43,2.2080081336773903e-05
2022-05-30 12:00:00+00:00,3.725073051651787,258.8,32.79,0.0005228989436636271
2022-05-30 13:00:00+00:00,5.240121419674342,248.2,30.04,0.015420098498143919
2022-05-30 14:00:00+00:00,8.895696839765462,248.0,28.77,0.2811110406738716
2022-05-30 15:00:00+00:00,11.022324365521891,251.5,27.29,0.7082280526217598
2022-05-30 16:00:00+00:00,11.272515839140294,255.4,26.0,0.7765783767540577
2022-05-30 17:00:00+00:00,10.341247576227348,258.6,24.95,0.5427278189688268
2022-05-30 18:00:00+00:00,9.535075050123604,263.1,24.19,0.3828460847843906
2022-05-30 19:00:00+00:00,8.715002997707725,268.5,23.66,0.2560482779171104
2022-05-30 20:00:00+00:00,7.964428576852515,273.2,23.27,0.1678341264014513
2022-05-30 21:00:00+00:00,7.033160313939566,276.8,23.02,0.0899930408908644
2022-05-30 22:00:00+00:00,6.782968840321163,280.6,22.92,0.07426270495364592
2022-05-30 23:00:00+00:00,7.116557471812369,284.1,22.97,0.09569186541311687
2022-05-31 00:00:00+00:00,7.074858892875968,286.8,23.02,0.09281329575096342
2022-05-31 01:00:00+00:00,7.95052905054038,291.8,23.92,0.16642835163124553
2022-05-31 02:00:00+00:00,8.353615313592252,299.2,25.73,0.21048151271404547
2022-05-31 03:00:00+00:00,7.436246576991439,305.3,27.89,0.11976212779461047
2022-05-31 04:00:00+00:00,6.115791577338754,310.5,30.02,0.04149327063112731
2022-05-31 05:00:00+00:00,4.920432314495271,314.9,31.73,0.009715596884865342
2022-05-31 06:00:00+00:00,3.989164051582324,318.0,32.92,0.0013276311875834244
2022-05-31 07:00:00+00:00,3.26638868335138,322.3,33.75,2.593103107544525e-05
2022-05-31 08:00:00+00:00,2.640909999305371,328.2,34.14,0.0
2022-05-31 09:00:00+00:00,1.8208379468894929,333.2,33.7,0.0
2022-05-31 10:00:00+00:00,0.7505744208552108,305.2,32.83,0.0
2022-05-31 11:00:00+00:00,1.4177516838376203,219.8,31.79,0.0
2022-05-31 12:00:00+00:00,2.7382066834903056,218.0,30.37,0.0
2022-05-31 13:00:00+00:00,3.8501687884609885,228.7,28.56,0.0008429230749551987
2022-05-31 14:00:00+00:00,5.62930815641408,239.8,27.38,0.0249342860596703
2022-05-31 15:00:00+00:00,7.352849419118638,249.7,26.49,0.11313406773439343
2022-05-31 16:00:00+00:00,7.95052905054038,257.6,25.5,0.16642835163124553
2022-05-31 17:00:00+00:00,7.811533787419045,264.2,24.73,0.1527999074452072
2022-05-31 18:00:00+00:00,7.450146103303574,270.7,24.16,0.1208913647695221
2022-05-31 19:00:00+00:00,7.24165320862157,275.6,23.69,0.10468343064400529
2022-05-31 20:00:00+00:00,7.047059840251701,277.4,23.28,0.09092668325778094
2022-05-31 21:00:00+00:00,6.685672156136229,281.5,23.07,0.06867878079302038
2022-05-31 22:00:00+00:00,6.33818399833289,287.5,23.03,0.05102738172015916
2022-05-31 23:00:00+00:00,5.11502568286514,294.8,23.0,0.012978347784483516
2022-06-01 00:00:00+00:00,4.072561209455126,303.6,22.95,0.0016925391767556356
2022-06-01 01:00:00+00:00,4.572944156691932,315.9,23.54,0.005338415648238799
2022-06-01 02:00:00+00:00,5.504212419604879,328.5,24.89,0.0215419972920859
2022-06-01 03:00:00+00:00,5.420815261732077,344.5,26.52,0.019460653391407894
2022-06-01 04:00:00+00:00,4.725838946125401,2.9,27.87,0.007051366166127606
2022-06-01 05:00:00+00:00,4.044762156830858,8.3,28.85,0.0015643170236916096
2022-06-01 06:00:00+00:00,3.321986788599914,348.9,29.91,4.579168550916993e-05
2022-06-01 07:00:00+00:00,3.5026806306576503,322.1,30.89,0.00017424042651131133
2022-06-01 08:00:00+00:00,3.919666420021656,306.3,31.54,0.001066997641704432
2022-06-01 09:00:00+00:00,4.142058841015793,298.5,31.88,0.002043327180885438
2022-06-01 10:00:00+00:00,4.100360262079392,293.4,31.57,0.001827583236896953
2022-06-01 11:00:00+00:00,4.030862630518724,284.4,30.96,0.001502708908312643
2022-06-01 12:00:00+00:00,3.655575420091119,272.0,29.73,0.0003864919542278135
2022-06-01 13:00:00+00:00,3.6138768411547186,258.7,27.6,0.0003173337184659358
2022-06-01 14:00:00+00:00,5.267920472298608,253.3,26.63,0.016001324616646363
2022-06-01 15:00:00+00:00,6.852466471881831,252.8,25.8,0.07843123884450616
2022-06-01 16:00:00+00:00,7.088758419188101,251.7,24.89,0.09376631008043017
2022-06-01 17:00:00+00:00,6.9219641034425,251.7,24.17,0.08275291765647853
2022-06-01 18:00:00+00:00,6.866365998193966,254.2,23.69,0.07928323460681022
2022-06-01 19:00:00+00:00,6.602274998263428,258.3,23.37,0.06412140993267662
2022-06-01 20:00:00+00:00,5.948997261593152,262.9,23.19,0.03517997929296452
2022-06-01 21:00:00+00:00,5.017728998680205,263.8,23.08,0.011268366887599923
2022-06-01 22:00:00+00:00,4.322752683073529,262.1,22.96,0.003174741909170927
2022-06-01 23:00:00+00:00,4.044762156830858,262.9,22.84,0.0015643170236916096
2022-06-02 00:00:00+00:00,4.6424417882526,274.8,22.83,0.006077744376233591
2022-06-02 01:00:00+00:00,6.074092998402354,286.4,23.65,0.03984955509228037
2022-06-02 02:00:00+00:00,6.616174524575561,299.4,25.5,0.06486652289663741
2022-06-02 03:00:00+00:00,6.602274998263428,309.3,27.68,0.06412140993267662
2022-06-02 04:00:00+00:00,6.254786840460089,315.5,29.43,0.047297711284937566
2022-06-02 05:00:00+00:00,5.62930815641408,320.4,30.78,0.0249342860596703
2022-06-02 06:00:00+00:00,4.962130893431671,323.5,31.84,0.010362305664819162
2022-06-02 07:00:00+00:00,4.308853156761395,322.2,32.5,0.0030757090183491102
2022-06-02 08:00:00+00:00,3.8362692621488548,314.7,32.76,0.0008022521214967887
2022-06-02 09:00:00+00:00,3.405383946472716,303.4,32.52,9.138440963821283e-05
2022-06-02 10:00:00+00:00,3.321986788599914,286.5,32.04,4.579168550916993e-05
2022-06-02 11:00:00+00:00,3.919666420021656,268.0,31.33,0.001066997641704432
2022-06-02 12:00:00+00:00,4.100360262079392,252.7,29.74,0.001827583236896953
2022-06-02 13:00:00+00:00,4.711939419813268,244.1,27.53,0.00688236416384667
2022-06-02 14:00:00+00:00,6.727370735072629,241.6,26.66,0.07103628564972683
2022-06-02 15:00:00+00:00,7.755935682170511,241.6,25.77,0.14756399006398443
2022-06-02 16:00:00+00:00,7.603040892737042,241.5,24.92,0.13378486077923435
2022-06-02 17:00:00+00:00,7.047059840251701,242.9,24.38,0.09092668325778094
2022-06-02 18:00:00+00:00,6.53277736670276,249.1,24.06,0.06048132260143082
2022-06-02 19:00:00+00:00,6.33818399833289,258.6,23.9,0.05102738172015916
2022-06-02 20:00:00+00:00,6.074092998402354,266.3,23.78,0.03984955509228037
2022-06-02 21:00:00+00:00,5.712705314286882,272.5,23.64,0.027382955853223256
2022-06-02 22:00:00+00:00,5.434714788044212,277.1,23.47,0.01979779178550429
2022-06-02 23:00:00+00:00,5.11502568286514,280.3,23.24,0.012978347784483516
2022-06-03 00:00:00+00:00,4.989929946055938,284.2,23.0,0.010809007911421285
2022-06-03 01:00:00+00:00,6.49107878776636,291.3,23.7,0.058364856535916415
2022-06-03 02:00:00+00:00,7.366748945430772,299.9,25.0,0.1142213118489491
2022-06-03 03:00:00+00:00,7.491844682239973,302.7,26.72,0.1243216210946221
2022-06-03 04:00:00+00:00,7.172155577060903,303.8,28.64,0.09962170161831257
2022-06-03 05:00:00+00:00,6.741270261384763,305.6,30.37,0.07183394489804402
2022-06-03 06:00:00+00:00,5.893399156344618,303.5,31.77,0.03322748902038412
2022-06-03 07:00:00+00:00,4.6007432093161995,292.9,32.63,0.005626489025085531
2022-06-03 08:00:00+00:00,3.6138768411547186,267.8,33.15,0.0003173337184659358
2022-06-03 09:00:00+00:00,3.947465472645923,242.7,33.27,0.001166709271357827
2022-06-03 10:00:00+00:00,4.906532788183137,232.9,33.09,0.009506164109132393
2022-06-03 11:00:00+00:00,6.143590629963021,231.1,32.36,0.042613816214480814
2022-06-03 12:00:00+00:00,6.8941650508182315,230.9,30.61,0.08100569192835308
2022-06-03 13:00:00+00:00,7.71423710323411,232.8,27.94,0.14371653459279213
2022-06-03 14:00:00+00:00,9.312682629129467,237.4,26.57,0.3450756690508612
2022-06-03 15:00:00+00:00,9.034692102886796,241.8,25.4,0.30146564145572796
2022-06-03 16:00:00+00:00,8.311916734655853,247.1,24.49,0.20560148540179465
2022-06-03 17:00:00+00:00,7.39454799805504,254.2,23.87,0.11641665284783591
2022-06-03 18:00:00+00:00,6.53277736670276,261.6,23.59,0.06048132260143082
2022-06-03 19:00:00+00:00,5.948997261593152,265.6,23.45,0.03517997929296452
2022-06-03 20:00:00+00:00,6.115791577338754,266.7,23.36,0.04149327063112731
2022-06-03 21:00:00+00:00,6.76906931400903,267.1,23.26,0.0734471324484032
2022-06-03 22:00:00+00:00,7.033160313939566,267.3,23.13,0.0899930408908644
2022-06-03 23:00:00+00:00,6.699571682448363,267.4,22.96,0.06945872569881545
2022-06-04 00:00:00+00:00,6.282585893084356,268.1,22.83,0.04851999730082746
2022-06-04 01:00:00+00:00,7.158256050748769,274.9,23.43,0.0986293466205349
2022-06-04 02:00:00+00:00,7.839332840043312,283.8,24.79,0.15546368257303958
2022-06-04 03:00:00+00:00,7.728136629546244,290.8,26.8,0.14499149418498797
2022-06-04 04:00:00+00:00,7.0192607876274336,297.2,29.39,0.08906581164159735
2022-06-04 05:00:00+00:00,5.754403893223282,302.4,31.81,0.028665224164179125
2022-06-04 06:00:00+00:00,4.294953630449261,307.2,33.53,0.0029787573315030076
2022-06-04 07:00:00+00:00,2.8355033676752406,312.6,34.53,0.0
2022-06-04 08:00:00+00:00,1.3899526312133532,313.0,34.87,0.0
2022-06-04 09:00:00+00:00,0.12509573680920177,139.4,34.67,0.0
2022-06-04 10:00:00+00:00,1.5567469469589557,129.5,33.99,0.0
2022-06-04 11:00:00+00:00,2.696508104553905,124.9,32.8,0.0
2022-06-04 12:00:00+00:00,2.946699578172309,120.7,31.04,0.0
2022-06-04 13:00:00+00:00,2.877201946611641,115.8,29.1,0.0
2022-06-04 14:00:00+00:00,2.6826085782417715,108.7,27.9,0.0
2022-06-04 15:00:00+00:00,2.3629194730627003,101.9,26.81,0.0
2022-06-04 16:00:00+00:00,1.7096417363924243,121.4,25.93,0.0
2022-06-04 17:00:00+00:00,1.6540436311438902,166.9,25.18,0.0
2022-06-04 18:00:00+00:00,2.5158142624961695,208.0,24.62,0.0
2022-06-04 19:00:00+00:00,3.8779678410852556,232.4,24.3,0.000928342636962328
2022-06-04 20:00:00+00:00,5.170623788113674,246.1,24.14,0.014028981619896769
2022-06-04 21:00:00+00:00,5.851700577408217,253.5,24.07,0.031811506928944924
2022-06-04 22:00:00+00:00,5.990695840529551,258.2,24.03,0.03669350616640907
2022-06-04 23:00:00+00:00,5.823901524783951,262.6,23.98,0.030890228112073235
2022-06-05 00:00:00+00:00,5.5876095774776795,266.3,23.95,0.02376669109065298
2022-06-05 01:00:00+00:00,5.86560010372035,268.5,24.31,0.03227893700900672
2022-06-05 02:00:00+00:00,6.352083524645025,268.6,25.13,0.05166744266506765
2022-06-05 03:00:00+00:00,6.33818399833289,261.9,26.1,0.05102738172015916
2022-06-05 04:00:00+00:00,6.324284472020757,251.2,27.49,0.05039262881288134
2022-06-05 05:00:00+00:00,6.449380208829958,243.4,28.89,0.056298350867514384
2022-06-05 06:00:00+00:00,6.185289208899422,241.1,30.26,0.04433217945770191
2022-06-05 07:00:00+00:00,5.5181119459170125,241.0,31.22,0.02190269581182482
2022-06-05 08:00:00+00:00,4.878733735558869,240.1,31.56,0.009096371174441733
2022-06-05 09:00:00+00:00,4.531245577755532,238.3,31.46,0.004925008836839162
2022-06-05 10:00:00+00:00,4.4756474725069975,238.2,30.96,0.004407784228315372
2022-06-05 11:00:00+00:00,4.739738472437534,236.0,30.14,0.007223112420395537
2022-06-05 12:00:00+00:00,4.3366522093856625,230.1,28.71,0.0032758781055688304
2022-06-05 13:00:00+00:00,4.281054104137128,223.4,26.72,0.002883864747032247
2022-06-05 14:00:00+00:00,5.698805787974748,222.3,25.8,0.02696418948293244
2022-06-05 15:00:00+00:00,6.810767892945432,226.1,25.06,0.07591191793225965
2022-06-05 16:00:00+00:00,7.144356524436635,234.6,24.32,0.0976436036548099
2022-06-05 17:00:00+00:00,6.963662682378899,245.0,23.73,0.08542058378901518
2022-06-05 18:00:00+00:00,6.49107878776636,253.2,23.29,0.058364856535916415
2022-06-05 19:00:00+00:00,6.157490156275155,257.8,22.99,0.04318157587819536
2022-06-05 20:00:00+00:00,5.768303419535417,258.7,22.8,0.02910137700652688
2022-06-05 21:00:00+00:00,5.184523314425808,255.4,22.75,0.014300213582746675
2022-06-05 22:00:00+00:00,4.517346051443398,250.2,22.74,0.004792105694336564
2022-06-05 23:00:00+00:00,4.267154577824994,247.0,22.75,0.002791009163336437
2022-06-06 00:00:00+00:00,4.030862630518724,244.9,22.81,0.001502708908312643
2022-06-06 01:00:00+00:00,4.6424417882526,248.4,23.43,0.006077744376233591
2022-06-06 02:00:00+00:00,5.448614314356345,262.7,24.57,0.02013880161320679
2022-06-06 03:00:00+00:00,5.671006735350481,271.3,26.05,0.026139508732790348
2022-06-06 04:00:00+00:00,5.490312893292746,278.4,27.63,0.02118528071395504
2022-06-06 05:00:00+00:00,4.989929946055938,288.0,28.7,0.010809007911421285
2022-06-06 06:00:00+00:00,4.698039893501134,301.8,29.29,0.006716084311952335
2022-06-06 07:00:00+00:00,4.725838946125401,315.6,29.19,0.007051366166127606
2022-06-06 08:00:00+00:00,4.837035156622469,325.3,28.73,0.008504031790338215
2022-06-06 09:00:00+00:00,4.809236103998202,328.1,28.24,0.008123781027553128
2022-06-06 10:00:00+00:00,4.684140367189,324.3,27.91,0.006552504508844232
2022-06-06 11:00:00+00:00,4.239355525200727,316.5,27.41,0.0026113205918682114
2022-06-06 12:00:00+00:00,3.1551924728543117,302.2,26.63,5.127249265297204e-06
2022-06-06 13:00:00+00:00,2.4741156835597686,279.4,25.4,0.0
2022-06-06 14:00:00+00:00,3.1551924728543117,265.2,24.85,5.127249265297204e-06
2022-06-06 15:00:00+00:00,4.003063577894457,260.4,24.48,0.0013843880918589244
2022-06-06 16:00:00+00:00,4.545145104067665,261.7,24.02,0.005060346808923484
2022-06-06 17:00:00+00:00,5.142824735489407,265.5,23.61,0.01349685010219363
2022-06-06 18:00:00+00:00,5.54591099854128,265.8,23.27,0.02263612708252825
2022-06-06 19:00:00+00:00,5.559810524853413,262.5,22.94,0.023008904036693503
2022-06-06 20:00:00+00:00,5.810001998471816,258.7,22.83,0.03043633517206254
2022-06-06 21:00:00+00:00,5.698805787974748,256.5,22.79,0.02696418948293244
2022-06-06 22:00:00+00:00,5.309619051235009,256.8,22.72,0.016900265656413307
2022-06-06 23:00:00+00:00,5.045528051304472,258.7,22.61,0.01174055940615806
2022-06-07 00:00:00+00:00,4.976030419743805,260.2,22.49,0.010584085747723354
2022-06-07 01:00:00+00:00,6.143590629963021,262.5,23.25,0.042613816214480814
2022-06-07 02:00:00+00:00,6.602274998263428,266.4,24.83,0.06412140993267662
2022-06-07 03:00:00+00:00,6.2964854193964905,264.3,26.64,0.04913895870481589
2022-06-07 04:00:00+00:00,5.796102472159683,259.8,28.3,0.029986910408868205
2022-06-07 05:00:00+00:00,5.198422840737941,256.4,29.47,0.014574919150395974
2022-06-07 06:00:00+00:00,4.6424417882526,253.6,30.3,0.006077744376233591
2022-06-07 07:00:00+00:00,4.155958367327926,251.1,30.7,0.002118844329623507
2022-06-07 08:00:00+00:00,3.947465472645923,245.2,30.85,0.001166709271357827
2022-06-07 09:00:00+00:00,3.7667716305881873,235.8,30.63,0.000618401565641259
2022-06-07 10:00:00+00:00,4.044762156830858,224.7,29.96,0.0015643170236916096
2022-06-07 11:00:00+00:00,5.003829472368071,224.4,28.85,0.011037094257513352
2022-06-07 12:00:00+00:00,5.462513840668478,227.3,27.54,0.020483704976115853
2022-06-07 13:00:00+00:00,6.115791577338754,232.8,26.14,0.04149327063112731
2022-06-07 14:00:00+00:00,7.6725385242977096,239.4,25.31,0.13993654398621
2022-06-07 15:00:00+00:00,8.492610576713588,245.1,24.54,0.22730495252713512
2022-06-07 16:00:00+00:00,8.645505366147058,250.9,23.9,0.24682033948020748
2022-06-07 17:00:00+00:00,8.117323366285982,256.5,23.42,0.18382351026751492
2022-06-07 18:00:00+00:00,7.561342313800642,262.6,23.13,0.13018185906702937
2022-06-07 19:00:00+00:00,7.533543261176375,268.1,22.94,0.12781615965387816
2022-06-07 20:00:00+00:00,7.380648471742905,271.4,22.72,0.11531549951956305
2022-06-07 21:00:00+00:00,7.255552734933704,272.7,22.53,0.10571592196770735
2022-06-07 22:00:00+00:00,6.699571682448363,271.9,22.33,0.06945872569881545
2022-06-07 23:00:00+00:00,6.324284472020757,270.8,22.2,0.05039262881288134
2022-06-08 00:00:00+00:00,6.240887314147956,269.5,22.17,0.04669434246983532
2022-06-08 01:00:00+00:00,7.088758419188101,269.4,22.76,0.09376631008043017
2022-06-08 02:00:00+00:00,8.437012471465055,277.8,24.15,0.2204720088632546
2022-06-08 03:00:00+00:00,8.770601102956258,283.1,25.9,0.26359406946033753
2022-06-08 04:00:00+00:00,8.534309155649987,283.3,27.52,0.23252128766917687
2022-06-08 05:00:00+00:00,8.242419103095184,281.1,28.85,0.1976367411577168
2022-06-08 06:00:00+00:00,7.853232366355446,277.3,29.76,0.1568071016018623
2022-06-08 07:00:00+00:00,7.436246576991439,272.6,30.36,0.11976212779461047
2022-06-08 08:00:00+00:00,7.088758419188101,267.8,30.61,0.09376631008043017
2022-06-08 09:00:00+00:00,6.7551697876968975,263.4,30.6,0.07263755313040274
2022-06-08 10:00:00+00:00,6.449380208829958,258.3,30.18,0.056298350867514384
2022-06-08 11:00:00+00:00,6.254786840460089,252.3,29.39,0.047297711284937566
2022-06-08 12:00:00+00:00,5.212322367050074,246.2,27.95,0.01485312042444501
2022-06-08 13:00:00+00:00,5.142824735489407,242.0,26.18,0.01349685010219363
2022-06-08 14:00:00+00:00,6.8246674192575645,239.5,25.45,0.07674560260883129
2022-06-08 15:00:00+00:00,7.783734734794778,238.7,24.66,0.15016673554645646
2022-06-08 16:00:00+00:00,8.117323366285982,239.1,23.85,0.18382351026751492
2022-06-08 17:00:00+00:00,8.520409629337856,238.9,23.3,0.23077373866680695
2022-06-08 18:00:00+00:00,8.909596366077594,240.0,22.98,0.2831039497812021
2022-06-08 19:00:00+00:00,8.409213418840787,241.4,22.74,0.21710749771343965
2022-06-08 20:00:00+00:00,7.8671318926675795,243.9,22.62,0.15815823774275664
2022-06-08 21:00:00+00:00,6.602274998263428,243.1,22.53,0.06412140993267662
2022-06-08 22:00:00+00:00,5.948997261593152,240.7,22.53,0.03517997929296452
2022-06-08 23:00:00+00:00,5.601509103789814,240.7,22.52,0.024151745393648
2022-06-09 00:00:00+00:00,5.337418103859276,242.2,22.49,0.01751788544293783
2022-06-09 01:00:00+00:00,6.8941650508182315,249.1,23.38,0.08100569192835308
2022-06-09 02:00:00+00:00,9.340481681753733,260.7,25.13,0.3496545855615667
2022-06-09 03:00:00+00:00,9.854764155302673,266.9,27.18,0.44182473219021057
2022-06-09 04:00:00+00:00,9.4099793133144,269.4,28.74,0.3612786983242929
2022-06-09 05:00:00+00:00,8.812299681892659,269.6,30.02,0.2693496818479683
2022-06-09 06:00:00+00:00,8.33971578728012,268.0,30.94,0.20884635364241086
2022-06-09 07:00:00+00:00,7.978328103164648,264.7,31.42,0.16924779509653126
2022-06-09 08:00:00+00:00,7.769835208482644,260.5,31.84,0.1488615705539858
2022-06-09 09:00:00+00:00,7.491844682239973,256.7,31.88,0.1243216210946221
2022-06-09 10:00:00+00:00,7.130456998124502,252.7,31.62,0.0966644506195374
2022-06-09 11:00:00+00:00,6.963662682378899,246.0,30.92,0.08542058378901518
2022-06-09 12:00:00+00:00,6.282585893084356,239.2,29.52,0.04851999730082746
2022-06-09 13:00:00+00:00,5.7822029458475495,233.9,27.33,0.029541931720889748
2022-06-09 14:00:00+00:00,7.39454799805504,230.4,26.27,0.11641665284783591
2022-06-09 15:00:00+00:00,7.922729997916114,226.8,25.21,0.1636403954590566
2022-06-09 16:00:00+00:00,7.811533787419045,224.0,24.27,0.1527999074452072
2022-06-09 17:00:00+00:00,8.075624787349582,223.8,23.59,0.17936636239301096
2022-06-09 18:00:00+00:00,8.353615313592252,226.4,23.16,0.21048151271404547
2022-06-09 19:00:00+00:00,8.450911997777188,229.1,22.85,0.2221672214562928
2022-06-09 20:00:00+00:00,8.33971578728012,231.6,22.62,0.20884635364241086
2022-06-09 21:00:00+00:00,7.644739471673443,233.3,22.42,0.1374537360408224
2022-06-09 22:00:00+00:00,6.838566945569697,233.3,22.25,0.07758536887904664
2022-06-09 23:00:00+00:00,5.62930815641408,231.1,22.01,0.0249342860596703
2022-06-10 00:00:00+00:00,5.3235185775471425,228.1,21.89,0.017207228239273998
2022-06-10 01:00:00+00:00,7.839332840043312,231.4,23.06,0.15546368257303958
2022-06-10 02:00:00+00:00,9.660170786932806,237.9,25.16,0.40525517510756576
2022-06-10 03:00:00+00:00,9.618472207996405,241.8,27.35,0.39769096110970387
2022-06-10 04:00:00+00:00,8.923495892389727,244.4,29.39,0.28510625572223286
2022-06-10 05:00:00+00:00,8.214620050470918,246.5,31.21,0.1945093498694628
2022-06-10 06:00:00+00:00,7.769835208482644,248.6,32.44,0.1488615705539858
2022-06-10 07:00:00+00:00,7.6725385242977096,251.2,33.16,0.13993654398621
2022-06-10 08:00:00+00:00,7.700337576921977,254.3,33.37,0.14244907109666421
2022-06-10 09:00:00+00:00,7.797634261106912,256.1,33.02,0.15147950714299685
2022-06-10 10:00:00+00:00,8.367514839904386,255.4,32.0,0.21212518455536553
2022-06-10 11:00:00+00:00,9.145888313383864,254.2,30.46,0.3184391550678458
2022-06-10 12:00:00+00:00,9.437778365938668,252.2,28.67,0.3659995361573762
2022-06-10 13:00:00+00:00,8.812299681892659,248.5,26.79,0.2693496818479683
2022-06-10 14:00:00+00:00,8.951294945013995,243.8,25.51,0.28913914651179634
2022-06-10 15:00:00+00:00,9.13198878707173,241.1,24.58,0.31628349396996225
2022-06-10 16:00:00+00:00,9.00689305026253,239.0,23.91,0.2973186625657411
2022-06-10 17:00:00+00:00,8.798400155580525,237.1,23.43,0.26742193173172774
2022-06-10 18:00:00+00:00,8.367514839904386,234.1,23.03,0.21212518455536553
2022-06-10 19:00:00+00:00,8.033926208413181,233.4,22.72,0.17498185115760465
2022-06-10 20:00:00+00:00,7.894930945291846,236.0,22.51,0.16088374976716124
2022-06-10 21:00:00+00:00,7.450146103303574,239.8,22.31,0.1208913647695221
2022-06-10 22:00:00+00:00,6.685672156136229,243.9,22.15,0.06867878079302038
2022-06-10 23:00:00+00:00,6.01849489315382,247.5,22.05,0.03772626473414412
2022-06-11 00:00:00+00:00,5.893399156344618,248.0,22.02,0.03322748902038412
2022-06-11 01:00:00+00:00,7.755935682170511,249.2,22.97,0.14756399006398443
2022-06-11 02:00:00+00:00,9.632371734308537,253.5,24.95,0.4002018122915378
2022-06-11 03:00:00+00:00,9.882563207926943,256.5,27.24,0.4472219360085753
2022-06-11 04:00:00+00:00,9.854764155302673,257.9,29.34,0.44182473219021057
2022-06-11 05:00:00+00:00,9.79916605005414,257.3,31.04,0.43116094465098703
2022-06-11 06:00:00+00:00,9.979859892111875,255.7,32.29,0.4664580439972515
2022-06-11 07:00:00+00:00,10.355147102539481,254.7,32.81,0.5458163749525805
2022-06-11 08:00:00+00:00,10.883329102400555,254.6,32.58,0.6720497803641896
2022-06-11 09:00:00+00:00,11.369812523325228,254.9,31.62,0.8043029516852904
2022-06-11 10:00:00+00:00,11.633903523255766,255.7,30.25,0.8828644835277046
2022-06-11 11:00:00+00:00,11.369812523325228,256.4,28.99,0.8043029516852904
2022-06-11 12:00:00+00:00,10.174453260481746,256.6,27.63,0.5065693433921017
2022-06-11 13:00:00+00:00,7.783734734794778,254.3,25.91,0.15016673554645646
2022-06-11 14:00:00+00:00,6.852466471881831,249.7,24.71,0.07843123884450616
2022-06-11 15:00:00+00:00,6.963662682378899,246.1,23.88,0.08542058378901518
2022-06-11 16:00:00+00:00,6.8246674192575645,243.3,23.15,0.07674560260883129
2022-06-11 17:00:00+00:00,6.741270261384763,240.5,22.64,0.07183394489804402
2022-06-11 18:00:00+00:00,7.519643734864241,239.5,22.43,0.12664413416099704
2022-06-11 19:00:00+00:00,8.006127155788914,239.7,22.29,0.17209890266771655
2022-06-11 20:00:00+00:00,8.033926208413181,239.3,22.11,0.17498185115760465
2022-06-11 21:00:00+00:00,7.853232366355446,239.3,21.92,0.1568071016018623
2022-06-11 22:00:00+00:00,7.505744208552108,239.3,21.73,0.12547929534177862
2022-06-11 23:00:00+00:00,6.9219641034425,239.5,21.49,0.08275291765647853
2022-06-12 00:00:00+00:00,6.546676893014894,239.6,21.29,0.06119801674120681
2022-06-12 01:00:00+00:00,7.700337576921977,242.5,21.85,0.14244907109666421
2022-06-12 02:00:00+00:00,9.062491155511063,249.3,23.54,0.30565100333812906
2022-06-12 03:00:00+00:00,9.493376471187203,256.4,25.97,0.3755642289705184
2022-06-12 04:00:00+00:00,9.257084523880932,260.7,28.38,0.3360381125779787
2022-06-12 05:00:00+00:00,8.895696839765462,261.4,30.34,0.2811110406738716
2022-06-12 06:00:00+00:00,8.770601102956258,260.2,31.72,0.26359406946033753
2022-06-12 07:00:00+00:00,9.020792576574662,259.3,32.16,0.2993873651874827
2022-06-12 08:00:00+00:00,9.396079787002268,258.8,31.86,0.35893357919552205
2022-06-12 09:00:00+00:00,9.660170786932806,257.3,30.93,0.40525517510756576
2022-06-12 10:00:00+00:00,9.79916605005414,255.1,30.03,0.43116094465098703
2022-06-12 11:00:00+00:00,9.687969839557072,253.5,29.08,0.41035089920407464
2022-06-12 12:00:00+00:00,8.979093997638262,250.9,27.67,0.29320988985536467
2022-06-12 13:00:00+00:00,7.186055103373036,245.6,25.84,0.10062069074974332
2022-06-12 14:00:00+00:00,6.852466471881831,240.1,24.79,0.07843123884450616
2022-06-12 15:00:00+00:00,6.685672156136229,236.9,24.1,0.06867878079302038
2022-06-12 16:00:00+00:00,6.6300740508876945,233.9,23.53,0.06561738593023632
2022-06-12 17:00:00+00:00,6.76906931400903,230.2,23.0,0.0734471324484032
2022-06-12 18:00:00+00:00,7.005361261315301,228.2,22.47,0.0881449734083793
2022-06-12 19:00:00+00:00,7.199954629685169,227.7,22.0,0.10162633611642759
2022-06-12 20:00:00+00:00,7.088758419188101,227.7,21.66,0.09376631008043017
2022-06-12 21:00:00+00:00,6.49107878776636,228.4,21.45,0.058364856535916415
2022-06-12 22:00:00+00:00,5.559810524853413,227.9,21.33,0.023008904036693503
2022-06-12 23:00:00+00:00,4.503446525131265,226.3,21.27,0.0046616152798153255
2022-06-13 00:00:00+00:00,4.003063577894457,222.3,21.32,0.0013843880918589244
2022-06-13 01:00:00+00:00,5.142824735489407,221.8,22.36,0.01349685010219363
2022-06-13 02:00:00+00:00,6.880265524506099,232.7,24.58,0.08014137826755904
2022-06-13 03:00:00+00:00,6.9219641034425,242.1,27.01,0.08275291765647853
2022-06-13 04:00:00+00:00,6.449380208829958,245.8,28.92,0.056298350867514384
2022-06-13 05:00:00+00:00,6.046293945778086,246.4,30.33,0.03877822210516686
2022-06-13 06:00:00+00:00,6.004595366841686,246.0,31.32,0.03720749665066583
2022-06-13 07:00:00+00:00,6.393782103581424,245.4,31.82,0.05361969474158012
2022-06-13 08:00:00+00:00,7.047059840251701,245.8,32.07,0.09092668325778094
2022-06-13 09:00:00+00:00,7.839332840043312,247.2,31.91,0.15546368257303958
2022-06-13 10:00:00+00:00,8.589907260898523,249.9,31.42,0.2395997055995605
2022-06-13 11:00:00+00:00,8.909596366077594,252.2,30.25,0.2831039497812021
2022-06-13 12:00:00+00:00,8.645505366147058,254.0,28.7,0.24682033948020748
2022-06-13 13:00:00+00:00,7.130456998124502,253.9,26.82,0.0966644506195374
2022-06-13 14:00:00+00:00,6.977562208691032,252.1,25.61,0.0863223815836885
2022-06-13 15:00:00+00:00,7.24165320862157,250.9,24.68,0.10468343064400529
2022-06-13 16:00:00+00:00,7.561342313800642,252.1,23.88,0.13018185906702937
2022-06-13 17:00:00+00:00,7.811533787419045,255.5,23.29,0.1527999074452072
2022-06-13 18:00:00+00:00,7.881031418979712,259.6,22.91,0.1595171130973227
2022-06-13 19:00:00+00:00,7.352849419118638,261.5,22.66,0.11313406773439343
2022-06-13 20:00:00+00:00,6.838566945569697,260.3,22.46,0.07758536887904664
2022-06-13 21:00:00+00:00,6.379882577269291,256.8,22.27,0.05296357707417774
2022-06-13 22:00:00+00:00,6.06019347209022,253.5,22.09,0.039311455595912086
2022-06-13 23:00:00+00:00,5.684906261662614,251.3,21.92,0.026549714476654915
2022-06-14 00:00:00+00:00,5.601509103789814,250.0,21.83,0.024151745393648
2022-06-14 01:00:00+00:00,6.8246674192575645,250.6,22.86,0.07674560260883129
2022-06-14 02:00:00+00:00,7.533543261176375,254.1,24.93,0.12781615965387816
2022-06-14 03:00:00+00:00,7.519643734864241,259.5,27.38,0.12664413416099704
2022-06-14 04:00:00+00:00,7.116557471812369,262.4,29.46,0.09569186541311687
2022-06-14 05:00:00+00:00,6.838566945569697,262.6,31.2,0.07758536887904664
2022-06-14 06:00:00+00:00,6.76906931400903,262.8,32.42,0.0734471324484032
2022-06-14 07:00:00+00:00,6.880265524506099,264.6,33.17,0.08014137826755904
2022-06-14 08:00:00+00:00,7.033160313939566,266.9,33.44,0.0899930408908644
2022-06-14 09:00:00+00:00,7.338949892806506,268.4,32.99,0.11205374507429589
2022-06-14 10:00:00+00:00,8.075624787349582,267.2,31.82,0.17936636239301096
2022-06-14 11:00:00+00:00,8.909596366077594,265.3,30.34,0.2831039497812021
2022-06-14 12:00:00+00:00,9.229285471256665,262.7,28.74,0.331579118990196
2022-06-14 13:00:00+00:00,8.325816260967986,258.1,26.95,0.2072196852388606
2022-06-14 14:00:00+00:00,8.020026682101047,253.5,25.77,0.17353638574702254
2022-06-14 15:00:00+00:00,8.047825734725315,253.7,24.9,0.1764353210010631
2022-06-14 16:00:00+00:00,8.18682099784665,255.8,24.16,0.19141512559593396
2022-06-14 17:00:00+00:00,7.491844682239973,257.7,23.46,0.1243216210946221
2022-06-14 18:00:00+00:00,7.033160313939566,260.4,22.89,0.0899930408908644
2022-06-14 19:00:00+00:00,6.546676893014894,261.9,22.49,0.06119801674120681
2022-06-14 20:00:00+00:00,6.115791577338754,262.4,22.31,0.04149327063112731
2022-06-14 21:00:00+00:00,5.837801051096084,262.3,22.24,0.031348611330500535
2022-06-14 22:00:00+00:00,5.921198208968884,265.0,22.24,0.034194444177435696
2022-06-14 23:00:00+00:00,5.559810524853413,270.3,22.18,0.023008904036693503
2022-06-15 00:00:00+00:00,5.281819998610742,272.6,22.13,0.016297335946699874
2022-06-15 01:00:00+00:00,6.06019347209022,270.9,22.72,0.039311455595912086
2022-06-15 02:00:00+00:00,6.4354806825178255,268.5,23.88,0.0556205148143814
2022-06-15 03:00:00+00:00,6.643973577199828,267.6,25.44,0.06637402113507371
2022-06-15 04:00:00+00:00,6.671772629824095,268.6,27.11,0.06790469646486533
2022-06-15 05:00:00+00:00,6.8246674192575645,270.4,28.56,0.07674560260883129
2022-06-15 06:00:00+00:00,6.977562208691032,271.7,29.67,0.0863223815836885
2022-06-15 07:00:00+00:00,7.186055103373036,272.9,30.41,0.10062069074974332
2022-06-15 08:00:00+00:00,7.533543261176375,273.5,30.83,0.12781615965387816
2022-06-15 09:00:00+00:00,7.9366295242282465,275.4,31.12,0.16503044868431418
2022-06-15 10:00:00+00:00,8.38141436621652,276.9,30.99,0.21377739126797088
2022-06-15 11:00:00+00:00,8.589907260898523,277.1,30.07,0.2395997055995605
2022-06-15 12:00:00+00:00,8.117323366285982,276.3,28.6,0.18382351026751492
2022-06-15 13:00:00+00:00,6.407681629893559,273.5,26.61,0.05428120885301468
2022-06-15 14:00:00+00:00,6.421581156205692,270.6,25.47,0.0549481415100816
2022-06-15 15:00:00+00:00,6.3659830509571576,267.6,24.74,0.05231283374920702
2022-06-15 16:00:00+00:00,6.240887314147956,264.8,24.2,0.04669434246983532
2022-06-15 17:00:00+00:00,6.01849489315382,261.6,23.81,0.03772626473414412
2022-06-15 18:00:00+00:00,5.921198208968884,257.2,23.5,0.034194444177435696
2022-06-15 19:00:00+00:00,5.893399156344618,252.4,23.23,0.03322748902038412
2022-06-15 20:00:00+00:00,5.796102472159683,248.9,23.06,0.029986910408868205
2022-06-15 21:00:00+00:00,5.337418103859276,246.8,22.95,0.01751788544293783
2022-06-15 22:00:00+00:00,4.489546998819131,245.5,22.87,0.0045335154916750515
2022-06-15 23:00:00+00:00,3.5582787359061845,247.9,22.8,0.00023868533204526545
2022-06-16 00:00:00+00:00,3.03009673604511,251.8,22.81,3.739647521900956e-08
2022-06-16 01:00:00+00:00,4.308853156761395,254.5,23.49,0.0030757090183491102
2022-06-16 02:00:00+00:00,5.851700577408217,260.9,24.66,0.031811506928944924
2022-06-16 03:00:00+00:00,6.546676893014894,263.9,25.93,0.06119801674120681
2022-06-16 04:00:00+00:00,7.047059840251701,264.9,27.2,0.09092668325778094
2022-06-16 05:00:00+00:00,7.464045629615707,267.4,28.6,0.12202767791009429
2022-06-16 06:00:00+00:00,7.71423710323411,271.2,29.95,0.14371653459279213
2022-06-16 07:00:00+00:00,7.881031418979712,273.3,30.78,0.1595171130973227
2022-06-16 08:00:00+00:00,8.089524313661716,273.1,31.02,0.18084397814470093
2022-06-16 09:00:00+00:00,8.576007734586389,271.5,30.8,0.23781682362562842
2022-06-16 10:00:00+00:00,9.118089260759596,269.7,30.07,0.31413758333138475
2022-06-16 11:00:00+00:00,9.548974576435736,268.2,28.82,0.38529412339831454
2022-06-16 12:00:00+00:00,9.479476944875069,267.0,27.28,0.37315762336986
2022-06-16 13:00:00+00:00,8.117323366285982,264.6,25.65,0.18382351026751492
2022-06-16 14:00:00+00:00,7.338949892806506,262.1,24.6,0.11205374507429589
2022-06-16 15:00:00+00:00,6.616174524575561,260.0,23.91,0.06486652289663741
2022-06-16 16:00:00+00:00,5.948997261593152,256.5,23.38,0.03517997929296452
2022-06-16 17:00:00+00:00,5.434714788044212,251.8,22.97,0.01979779178550429
2022-06-16 18:00:00+00:00,5.198422840737941,247.5,22.67,0.014574919150395974
2022-06-16 19:00:00+00:00,5.198422840737941,244.2,22.47,0.014574919150395974
2022-06-16 20:00:00+00:00,5.15672426180154,240.3,22.37,0.013761201160245875
2022-06-16 21:00:00+00:00,5.198422840737941,236.2,22.32,0.014574919150395974
2022-06-16 22:00:00+00:00,5.101126156553006,233.8,22.31,0.01272415232162491
2022-06-16 23:00:00+00:00,4.837035156622469,231.0,22.28,0.008504031790338215
2022-06-17 00:00:00+00:00,4.684140367189,229.2,22.27,0.006552504508844232
2022-06-17 01:00:00+00:00,5.5876095774776795,237.0,22.94,0.02376669109065298
2022-06-17 02:00:00+00:00,6.087992524714487,255.7,24.38,0.04039254269587205
2022-06-17 03:00:00+00:00,6.004595366841686,270.1,26.1,0.03720749665066583
2022-06-17 04:00:00+00:00,5.54591099854128,276.3,27.74,0.02263612708252825
2022-06-17 05:00:00+00:00,4.976030419743805,277.4,29.17,0.010584085747723354
2022-06-17 06:00:00+00:00,4.420049367258463,272.5,30.13,0.0039281023906751365
2022-06-17 07:00:00+00:00,4.16985789364006,262.0,30.42,0.0021961995647331533
2022-06-17 08:00:00+00:00,4.12815931470366,252.4,30.11,0.001969626016918578
2022-06-17 09:00:00+00:00,4.308853156761395,245.6,29.34,0.0030757090183491102
2022-06-17 10:00:00+00:00,4.6702408408768665,244.4,28.52,0.006391602652921991
2022-06-17 11:00:00+00:00,5.101126156553006,245.4,27.58,0.01272415232162491
2022-06-17 12:00:00+00:00,5.434714788044212,245.2,26.46,0.01979779178550429
2022-06-17 13:00:00+00:00,5.504212419604879,242.8,25.32,0.0215419972920859
2022-06-17 14:00:00+00:00,6.129691103650888,240.8,24.51,0.04205105516599162
2022-06-17 15:00:00+00:00,6.727370735072629,242.3,23.96,0.07103628564972683
2022-06-17 16:00:00+00:00,7.033160313939566,243.2,23.52,0.0899930408908644
2022-06-17 17:00:00+00:00,7.380648471742905,245.3,23.11,0.11531549951956305
2022-06-17 18:00:00+00:00,7.2138541559973035,245.5,22.68,0.10263865981996585
2022-06-17 19:00:00+00:00,6.949763156066766,244.8,22.3,0.08452508860398927
2022-06-17 20:00:00+00:00,6.713471208760496,243.4,22.0,0.07024455328385079
2022-06-17 21:00:00+00:00,6.53277736670276,241.8,21.75,0.06048132260143082
2022-06-17 22:00:00+00:00,6.379882577269291,241.8,21.54,0.05296357707417774
2022-06-17 23:00:00+00:00,6.004595366841686,243.6,21.34,0.03720749665066583
2022-06-18 00:00:00+00:00,5.601509103789814,244.4,21.18,0.024151745393648
2022-06-18 01:00:00+00:00,6.574475945639161,249.5,21.54,0.0626483458072678
2022-06-18 02:00:00+00:00,6.741270261384763,256.3,22.55,0.07183394489804402
2022-06-18 03:00:00+00:00,6.407681629893559,264.9,24.09,0.05428120885301468
2022-06-18 04:00:00+00:00,6.268686366772223,272.2,25.99,0.047906255528068174
2022-06-18 05:00:00+00:00,6.01849489315382,274.8,27.75,0.03772626473414412
2022-06-18 06:00:00+00:00,5.851700577408217,274.9,29.12,0.031811506928944924
2022-06-18 07:00:00+00:00,5.823901524783951,275.2,30.05,0.030890228112073235
2022-06-18 08:00:00+00:00,6.004595366841686,277.3,30.56,0.03720749665066583
2022-06-18 09:00:00+00:00,6.463279735142093,279.4,30.67,0.05698167177108102
2022-06-18 10:00:00+00:00,6.8941650508182315,280.0,30.25,0.08100569192835308
2022-06-18 11:00:00+00:00,6.977562208691032,279.0,29.48,0.0863223815836885
2022-06-18 12:00:00+00:00,5.573710051165546,275.9,28.1,0.023385751338868273
2022-06-18 13:00:00+00:00,4.739738472437534,271.8,26.42,0.007223112420395537
2022-06-18 14:00:00+00:00,5.254020945986475,268.9,25.53,0.015708919500994498
2022-06-18 15:00:00+00:00,5.643207682726214,266.7,24.78,0.025331816625898403
2022-06-18 16:00:00+00:00,5.726604840599015,265.0,24.09,0.027806035689127713
2022-06-18 17:00:00+00:00,5.754403893223282,264.3,23.51,0.028665224164179125
2022-06-18 18:00:00+00:00,5.559810524853413,263.0,23.01,0.023008904036693503
2022-06-18 19:00:00+00:00,5.615408630101947,262.8,22.66,0.024540936349453625
2022-06-18 20:00:00+00:00,5.476413366980611,263.3,22.37,0.020832523975831782
2022-06-18 21:00:00+00:00,5.337418103859276,262.4,22.19,0.01751788544293783
2022-06-18 22:00:00+00:00,5.7822029458475495,261.6,22.12,0.029541931720889748
2022-06-18 23:00:00+00:00,6.157490156275155,261.4,22.02,0.04318157587819536
2022-06-19 00:00:00+00:00,6.588375471951294,260.3,21.93,0.06338202493675352
2022-06-19 01:00:00+00:00,7.297251313870104,258.9,22.46,0.10885408480474731
2022-06-19 02:00:00+00:00,7.422347050679306,262.1,23.89,0.11863994488375919
2022-06-19 03:00:00+00:00,7.186055103373036,267.2,25.62,0.10062069074974332
2022-06-19 04:00:00+00:00,6.810767892945432,270.2,27.31,0.07591191793225965
2022-06-19 05:00:00+00:00,6.5049783140784925,268.5,28.7,0.05906476460038596
2022-06-19 06:00:00+00:00,6.574475945639161,264.9,29.87,0.0626483458072678
2022-06-19 07:00:00+00:00,7.0192607876274336,261.6,30.65,0.08906581164159735
2022-06-19 08:00:00+00:00,7.755935682170511,260.0,30.87,0.14756399006398443
2022-06-19 09:00:00+00:00,8.506510103025722,259.1,30.5,0.2290349676533265
2022-06-19 10:00:00+00:00,9.173687366008132,257.7,29.78,0.3227798170479327
2022-06-19 11:00:00+00:00,9.56287410274787,256.8,28.68,0.38775257551955605
2022-06-19 12:00:00+00:00,9.521175523811468,255.4,27.28,0.3804084375761829
2022-06-19 13:00:00+00:00,8.520409629337856,252.3,25.55,0.23077373866680695
2022-06-19 14:00:00+00:00,7.783734734794778,247.6,24.28,0.15016673554645646
2022-06-19 15:00:00+00:00,7.4779451559278405,244.7,23.4,0.12317108931792753
2022-06-19 16:00:00+00:00,7.505744208552108,245.0,22.71,0.12547929534177862
2022-06-19 17:00:00+00:00,7.6725385242977096,245.6,22.2,0.13993654398621
2022-06-19 18:00:00+00:00,7.797634261106912,244.9,21.75,0.15147950714299685
2022-06-19 19:00:00+00:00,7.769835208482644,244.9,21.35,0.1488615705539858
2022-06-19 20:00:00+00:00,7.297251313870104,246.2,21.05,0.10885408480474731
2022-06-19 21:00:00+00:00,7.088758419188101,247.2,20.87,0.09376631008043017
2022-06-19 22:00:00+00:00,6.949763156066766,246.8,20.74,0.08452508860398927
2022-06-19 23:00:00+00:00,6.810767892945432,246.8,20.62,0.07591191793225965
2022-06-20 00:00:00+00:00,6.810767892945432,246.9,20.58,0.07591191793225965
2022-06-20 01:00:00+00:00,8.353615313592252,251.2,21.43,0.21048151271404547
2022-06-20 02:00:00+00:00,9.604572681684271,259.6,23.19,0.39519063394318904
2022-06-20 03:00:00+00:00,9.79916605005414,265.2,25.36,0.43116094465098703
2022-06-20 04:00:00+00:00,9.479476944875069,268.4,27.6,0.37315762336986
2022-06-20 05:00:00+00:00,8.992993523950394,268.8,29.7,0.2952595114889014
2022-06-20 06:00:00+00:00,8.756701576644126,265.4,31.08,0.26169391310198736
2022-06-20 07:00:00+00:00,8.965194471326129,260.4,31.52,0.29116977556352974
2022-06-20 08:00:00+00:00,9.507275997499336,256.4,31.37,0.3779811596720928
2022-06-20 09:00:00+00:00,10.146654207857479,254.6,30.83,0.5007036753146784
2022-06-20 10:00:00+00:00,10.827730997152022,253.5,29.8,0.6579306964574796
2022-06-20 11:00:00+00:00,11.411511102261631,252.3,28.42,0.8163841025925971
2022-06-20 12:00:00+00:00,11.620003996943632,250.1,26.84,0.8786074334319732
2022-06-20 13:00:00+00:00,11.022324365521891,246.9,25.19,0.7082280526217598
2022-06-20 14:00:00+00:00,10.660936681406419,244.2,23.95,0.6167626847646407
2022-06-20 15:00:00+00:00,10.54974047090935,243.6,23.08,0.5902942319679177
2022-06-20 16:00:00+00:00,9.521175523811468,246.0,22.72,0.3804084375761829
2022-06-20 17:00:00+00:00,7.922729997916114,252.5,22.66,0.1636403954590566
2022-06-20 18:00:00+00:00,6.963662682378899,256.4,22.68,0.08542058378901518
2022-06-20 19:00:00+00:00,6.657873103511962,255.2,22.72,0.06713645061274993
2022-06-20 20:00:00+00:00,6.741270261384763,253.2,22.67,0.07183394489804402
2022-06-20 21:00:00+00:00,7.283351787557971,255.3,22.56,0.10780122694647802
2022-06-20 22:00:00+00:00,7.700337576921977,257.3,22.36,0.14244907109666421
2022-06-20 23:00:00+00:00,7.825433313731178,257.1,22.1,0.15412795855468794
2022-06-21 00:00:00+00:00,7.24165320862157,252.7,21.89,0.10468343064400529
2022-06-21 01:00:00+00:00,8.145122418910251,250.8,22.39,0.18683559056024407
2022-06-21 02:00:00+00:00,9.465577418562935,253.5,23.79,0.37076132076851703
2022-06-21 03:00:00+00:00,10.18835278679388,256.2,25.28,0.5095192784990146
2022-06-21 04:00:00+00:00,10.577539523533618,258.0,26.61,0.5968388741998244
2022-06-21 05:00:00+00:00,10.827730997152022,258.9,27.68,0.6579306964574796
2022-06-21 06:00:00+00:00,10.994525312897624,258.3,28.21,0.7008910552058
2022-06-21 07:00:00+00:00,11.147420102331091,257.2,28.08,0.7418785294378043
2022-06-21 08:00:00+00:00,11.272515839140294,256.4,27.69,0.7765783767540577
2022-06-21 09:00:00+00:00,11.244716786516028,257.1,27.17,0.7687757881067303
2022-06-21 10:00:00+00:00,10.952826733961222,257.8,26.62,0.6899808443810328
2022-06-21 11:00:00+00:00,10.132754681545345,257.1,25.89,0.4977878981409672
2022-06-21 12:00:00+00:00,8.742802050331992,253.9,24.95,0.25980291045973297
2022-06-21 13:00:00+00:00,7.102657945500235,248.8,23.91,0.09472582593394793
2022-06-21 14:00:00+00:00,6.935863629754633,246.3,23.33,0.08363587392701052
2022-06-21 15:00:00+00:00,7.005361261315301,245.4,23.0,0.0881449734083793
2022-06-21 16:00:00+00:00,6.7551697876968975,244.0,22.75,0.07263755313040274
2022-06-21 17:00:00+00:00,6.226987787835823,240.2,22.54,0.04609612698116098
2022-06-21 18:00:00+00:00,6.157490156275155,236.6,22.36,0.04318157587819536
2022-06-21 19:00:00+00:00,6.157490156275155,234.8,22.26,0.04318157587819536
2022-06-21 20:00:00+00:00,6.157490156275155,234.8,22.17,0.04318157587819536
2022-06-21 21:00:00+00:00,6.004595366841686,236.1,22.11,0.03720749665066583
2022-06-21 22:00:00+00:00,5.796102472159683,235.5,22.11,0.029986910408868205
2022-06-21 23:00:00+00:00,5.657107209038348,233.7,22.12,0.025733550149738323
2022-06-22 00:00:00+00:00,5.62930815641408,232.7,22.19,0.0249342860596703
2022-06-22 01:00:00+00:00,6.33818399833289,233.4,22.95,0.05102738172015916
2022-06-22 02:00:00+00:00,8.22851957678305,245.8,24.4,0.19606888858594884
2022-06-22 03:00:00+00:00,8.742802050331992,256.0,25.85,0.25980291045973297
2022-06-22 04:00:00+00:00,8.38141436621652,263.8,27.02,0.21377739126797088
2022-06-22 05:00:00+00:00,7.755935682170511,267.9,27.73,0.14756399006398443
2022-06-22 06:00:00+00:00,7.060959366563835,267.4,28.25,0.09186676084394715
2022-06-22 07:00:00+00:00,6.602274998263428,262.4,28.33,0.06412140993267662
2022-06-22 08:00:00+00:00,6.518877840390627,256.9,28.31,0.059770245921690696
2022-06-22 09:00:00+00:00,6.588375471951294,253.4,28.25,0.06338202493675352
2022-06-22 10:00:00+00:00,6.546676893014894,247.4,27.56,0.06119801674120681
2022-06-22 11:00:00+00:00,6.685672156136229,240.1,26.54,0.06867878079302038
2022-06-22 12:00:00+00:00,6.643973577199828,234.4,25.37,0.06637402113507371
2022-06-22 13:00:00+00:00,6.004595366841686,229.2,24.3,0.03720749665066583
2022-06-22 14:00:00+00:00,6.046293945778086,223.8,23.72,0.03877822210516686
2022-06-22 15:00:00+00:00,6.157490156275155,220.7,23.32,0.04318157587819536
2022-06-22 16:00:00+00:00,6.115791577338754,221.0,22.98,0.04149327063112731
2022-06-22 17:00:00+00:00,5.921198208968884,221.9,22.65,0.034194444177435696
2022-06-22 18:00:00+00:00,5.657107209038348,226.2,22.38,0.025733550149738323
2022-06-22 19:00:00+00:00,5.240121419674342,233.5,22.17,0.015420098498143919
2022-06-22 20:00:00+00:00,4.684140367189,239.3,22.01,0.006552504508844232
2022-06-22 21:00:00+00:00,4.6007432093161995,240.3,21.92,0.005626489025085531
2022-06-22 22:00:00+00:00,4.892633261871003,238.3,21.85,0.009299762906191316
2022-06-22 23:00:00+00:00,5.15672426180154,236.8,21.76,0.013761201160245875
2022-06-23 00:00:00+00:00,5.504212419604879,235.6,21.72,0.0215419972920859
2022-06-23 01:00:00+00:00,7.047059840251701,239.9,22.46,0.09092668325778094
2022-06-23 02:00:00+00:00,8.047825734725315,247.6,24.06,0.1764353210010631
2022-06-23 03:00:00+00:00,8.117323366285982,252.2,26.07,0.18382351026751492
2022-06-23 04:00:00+00:00,7.978328103164648,254.1,27.85,0.16924779509653126
2022-06-23 05:00:00+00:00,7.894930945291846,254.7,29.44,0.16088374976716124
2022-06-23 06:00:00+00:00,7.922729997916114,255.3,30.71,0.1636403954590566
2022-06-23 07:00:00+00:00,7.95052905054038,255.6,31.56,0.16642835163124553
2022-06-23 08:00:00+00:00,7.95052905054038,254.6,32.03,0.16642835163124553
2022-06-23 09:00:00+00:00,8.047825734725315,249.2,31.91,0.1764353210010631
2022-06-23 10:00:00+00:00,8.520409629337856,242.1,30.69,0.23077373866680695
2022-06-23 11:00:00+00:00,9.465577418562935,236.9,28.63,0.37076132076851703
2022-06-23 12:00:00+00:00,10.063257049984678,234.0,26.52,0.48337869685840185
2022-06-23 13:00:00+00:00,9.729668418493473,233.0,24.98,0.41807429952774805
2022-06-23 14:00:00+00:00,9.423878839626536,233.8,24.24,0.3636340099443778
2022-06-23 15:00:00+00:00,9.229285471256665,237.4,23.8,0.331579118990196
2022-06-23 16:00:00+00:00,8.715002997707725,240.4,23.31,0.2560482779171104
2022-06-23 17:00:00+00:00,7.922729997916114,240.6,22.88,0.1636403954590566
2022-06-23 18:00:00+00:00,7.450146103303574,239.0,22.61,0.1208913647695221
2022-06-23 19:00:00+00:00,7.422347050679306,236.1,22.45,0.11863994488375919
2022-06-23 20:00:00+00:00,7.283351787557971,235.7,22.33,0.10780122694647802
2022-06-23 21:00:00+00:00,7.074858892875968,238.1,22.21,0.09281329575096342
2022-06-23 22:00:00+00:00,6.6300740508876945,239.0,22.07,0.06561738593023632
2022-06-23 23:00:00+00:00,5.9767963142174185,237.5,21.97,0.036184271179773554
2022-06-24 00:00:00+00:00,5.948997261593152,237.5,22.01,0.03517997929296452
2022-06-24 01:00:00+00:00,7.39454799805504,243.2,22.89,0.11641665284783591
2022-06-24 02:00:00+00:00,9.145888313383864,253.6,24.55,0.3184391550678458
2022-06-24 03:00:00+00:00,9.71576889218134,259.1,26.52,0.4154891613938684
2022-06-24 04:00:00+00:00,9.938161313175476,260.2,28.35,0.45814784780682366
2022-06-24 05:00:00+00:00,10.174453260481746,258.3,29.87,0.5065693433921017
2022-06-24 06:00:00+00:00,10.633137628782153,255.4,31.01,0.6100729237853831
2022-06-24 07:00:00+00:00,11.342013470700962,253.3,31.61,0.7963154320012541
2022-06-24 08:00:00+00:00,12.03698978630764,251.6,31.61,1.0
2022-06-24 09:00:00+00:00,12.509573680920179,250.8,31.07,1.0
2022-06-24 10:00:00+00:00,12.648568944041514,251.1,30.12,1.0
2022-06-24 11:00:00+00:00,12.259382207301776,252.4,28.8,1.0
2022-06-24 12:00:00+00:00,11.175219154955359,253.6,27.16,0.7494983530052601
2022-06-24 13:00:00+00:00,8.784500629268393,253.5,25.25,0.2655034016363845
2022-06-24 14:00:00+00:00,7.24165320862157,251.7,24.01,0.10468343064400529
2022-06-24 15:00:00+00:00,6.477179261454226,248.6,23.24,0.057670499626681526
2022-06-24 16:00:00+00:00,5.921198208968884,244.6,22.72,0.034194444177435696
2022-06-24 17:00:00+00:00,5.990695840529551,240.5,22.46,0.03669350616640907
2022-06-24 18:00:00+00:00,6.9219641034425,238.9,22.53,0.08275291765647853
2022-06-24 19:00:00+00:00,7.686438050609843,242.2,22.72,0.14118908159500354
2022-06-24 20:00:00+00:00,8.020026682101047,248.2,22.77,0.17353638574702254
2022-06-24 21:00:00+00:00,8.562108208274257,254.1,22.68,0.23604280804698755
2022-06-24 22:00:00+00:00,8.172921471534517,254.6,22.46,0.1898803958356906
2022-06-24 23:00:00+00:00,8.409213418840787,251.9,22.27,0.21710749771343965
2022-06-25 00:00:00+00:00,8.25631862940732,249.2,22.14,0.19921292968636692
2022-06-25 01:00:00+00:00,8.770601102956258,247.2,22.69,0.26359406946033753
2022-06-25 02:00:00+00:00,10.605338576157886,251.1,23.98,0.6034317125347118
2022-06-25 03:00:00+00:00,11.397611575949496,252.8,25.68,0.8123437066371938
2022-06-25 04:00:00+00:00,11.925793575810571,253.3,27.31,0.9754679126459812
2022-06-25 05:00:00+00:00,12.328879838862441,253.1,28.36,1.0
2022-06-25 06:00:00+00:00,12.648568944041514,252.5,28.99,1.0
2022-06-25 07:00:00+00:00,12.954358522908452,251.9,29.31,1.0
2022-06-25 08:00:00+00:00,13.274047628087525,251.4,29.43,1.0
2022-06-25 09:00:00+00:00,13.315746207023924,250.5,28.81,1.0
2022-06-25 10:00:00+00:00,13.204549996526856,249.3,28.02,1.0
2022-06-25 11:00:00+00:00,12.67636799666578,248.6,26.92,1.0
2022-06-25 12:00:00+00:00,11.592204944319366,246.6,25.58,0.8701344310762303
2022-06-25 13:00:00+00:00,9.896462734239075,242.3,24.12,0.4499369427855466
2022-06-25 14:00:00+00:00,8.937395418701861,236.0,23.13,0.28711798059856425
2022-06-25 15:00:00+00:00,8.784500629268393,233.2,22.47,0.2655034016363845
2022-06-25 16:00:00+00:00,8.659404892459191,233.4,22.09,0.24864788495460075
2022-06-25 17:00:00+00:00,8.784500629268393,234.4,21.92,0.2655034016363845
2022-06-25 18:00:00+00:00,8.742802050331992,234.8,21.87,0.25980291045973297
2022-06-25 19:00:00+00:00,8.311916734655853,235.6,21.86,0.20560148540179465
2022-06-25 20:00:00+00:00,8.020026682101047,238.1,21.96,0.17353638574702254
2022-06-25 21:00:00+00:00,8.061725261037449,241.3,22.08,0.17789681737899846
2022-06-25 22:00:00+00:00,8.242419103095184,242.7,22.17,0.1976367411577168
2022-06-25 23:00:00+00:00,8.033926208413181,243.0,22.21,0.17498185115760465
2022-06-26 00:00:00+00:00,7.811533787419045,243.0,22.34,0.1527999074452072
2022-06-26 01:00:00+00:00,9.020792576574662,244.2,23.49,0.2993873651874827
2022-06-26 02:00:00+00:00,11.99529120737124,251.2,25.38,0.9984312235260098
2022-06-26 03:00:00+00:00,13.565937680642326,255.0,26.96,1.0
2022-06-26 04:00:00+00:00,14.066320627879133,257.3,28.07,1.0
2022-06-26 05:00:00+00:00,13.955124417382065,258.2,29.13,1.0
2022-06-26 06:00:00+00:00,14.108019206815536,258.1,29.91,1.0
2022-06-26 07:00:00+00:00,14.413808785682471,258.1,30.33,1.0
2022-06-26 08:00:00+00:00,14.622301680364476,257.2,30.12,1.0
2022-06-26 09:00:00+00:00,14.636201206676608,255.9,29.42,1.0
2022-06-26 10:00:00+00:00,14.302612575185403,254.7,28.4,1.0
2022-06-26 11:00:00+00:00,13.399143364896727,253.9,27.12,1.0
2022-06-26 12:00:00+00:00,11.80069783900137,251.7,25.65,0.9350262480293425
2022-06-26 13:00:00+00:00,9.535075050123604,248.5,24.27,0.3828460847843906
2022-06-26 14:00:00+00:00,8.367514839904386,246.4,23.52,0.21212518455536553
2022-06-26 15:00:00+00:00,7.922729997916114,245.1,23.1,0.1636403954590566
2022-06-26 16:00:00+00:00,7.755935682170511,243.5,22.84,0.14756399006398443
2022-06-26 17:00:00+00:00,7.728136629546244,241.1,22.67,0.14499149418498797
2022-06-26 18:00:00+00:00,8.311916734655853,238.4,22.58,0.20560148540179465
2022-06-26 19:00:00+00:00,9.020792576574662,236.3,22.5,0.2993873651874827
2022-06-26 20:00:00+00:00,9.535075050123604,235.6,22.4,0.3828460847843906
2022-06-26 21:00:00+00:00,9.785266523742006,235.0,22.31,0.4285220813604923
2022-06-26 22:00:00+00:00,9.535075050123604,234.0,22.29,0.3828460847843906
2022-06-26 23:00:00+00:00,9.298783102817334,234.0,22.33,0.34280127851647507
2022-06-27 00:00:00+00:00,9.104189734447463,234.3,22.41,0.31200140105051316
2022-06-27 01:00:00+00:00,9.785266523742006,233.6,23.02,0.4285220813604923
2022-06-27 02:00:00+00:00,11.508807786446564,235.8,24.38,0.8450426153795316
2022-06-27 03:00:00+00:00,13.357444785960324,240.7,26.46,1.0
2022-06-27 04:00:00+00:00,14.010722522630601,244.6,28.06,1.0
2022-06-27 05:00:00+00:00,14.16361731206407,246.7,28.95,1.0
2022-06-27 06:00:00+00:00,13.871727259509266,248.1,29.49,1.0
2022-06-27 07:00:00+00:00,13.746631522700063,249.1,29.7,1.0
2022-06-27 08:00:00+00:00,13.677133891139395,249.8,29.43,1.0
2022-06-27 09:00:00+00:00,13.287947154399657,250.4,28.88,1.0
2022-06-27 10:00:00+00:00,12.898760417659917,251.9,28.15,1.0
2022-06-27 11:00:00+00:00,12.217683628365373,254.2,27.37,1.0
2022-06-27 12:00:00+00:00,10.50804189197295,254.6,26.44,0.5805672495351399
2022-06-27 13:00:00+00:00,7.575241840112775,251.4,25.12,0.13137557719050022
2022-06-27 14:00:00+00:00,6.2964854193964905,248.4,24.26,0.04913895870481589
2022-06-27 15:00:00+00:00,6.087992524714487,247.5,23.75,0.04039254269587205
2022-06-27 16:00:00+00:00,5.810001998471816,244.8,23.38,0.03043633517206254
2022-06-27 17:00:00+00:00,5.851700577408217,242.0,23.05,0.031811506928944924
2022-06-27 18:00:00+00:00,6.129691103650888,242.3,22.81,0.04205105516599162
2022-06-27 19:00:00+00:00,6.421581156205692,243.4,22.67,0.0549481415100816
2022-06-27 20:00:00+00:00,6.546676893014894,243.1,22.54,0.06119801674120681
2022-06-27 21:00:00+00:00,6.477179261454226,243.2,22.42,0.057670499626681526
2022-06-27 22:00:00+00:00,6.282585893084356,242.5,22.27,0.04851999730082746
2022-06-27 23:00:00+00:00,6.074092998402354,240.4,22.18,0.03984955509228037
2022-06-28 00:00:00+00:00,5.935097735281017,237.7,22.18,0.03468487818959025
2022-06-28 01:00:00+00:00,6.713471208760496,236.0,22.83,0.07024455328385079
2022-06-28 02:00:00+00:00,8.437012471465055,247.1,23.91,0.2204720088632546
2022-06-28 03:00:00+00:00,8.923495892389727,252.5,25.04,0.28510625572223286
2022-06-28 04:00:00+00:00,8.895696839765462,254.0,26.11,0.2811110406738716
2022-06-28 05:00:00+00:00,8.61770631352279,255.7,27.14,0.24319215713969958
2022-06-28 06:00:00+00:00,8.33971578728012,258.2,27.87,0.20884635364241086
2022-06-28 07:00:00+00:00,8.172921471534517,260.4,28.25,0.1898803958356906
2022-06-28 08:00:00+00:00,8.242419103095184,262.1,28.36,0.1976367411577168
2022-06-28 09:00:00+00:00,8.22851957678305,262.3,28.21,0.19606888858594884
2022-06-28 10:00:00+00:00,8.117323366285982,260.4,28.0,0.18382351026751492
2022-06-28 11:00:00+00:00,7.839332840043312,256.6,27.4,0.15546368257303958
2022-06-28 12:00:00+00:00,7.0192607876274336,252.5,26.4,0.08906581164159735
2022-06-28 13:00:00+00:00,5.379116682795677,249.4,25.03,0.01847224579475195
2022-06-28 14:00:00+00:00,5.698805787974748,249.1,24.36,0.02696418948293244
2022-06-28 15:00:00+00:00,6.046293945778086,249.7,23.9,0.03877822210516686
2022-06-28 16:00:00+00:00,6.226987787835823,252.6,23.52,0.04609612698116098
2022-06-28 17:00:00+00:00,6.449380208829958,254.0,23.22,0.056298350867514384
2022-06-28 18:00:00+00:00,6.560576419327027,253.6,23.0,0.06192035044261896
2022-06-28 19:00:00+00:00,6.4354806825178255,252.4,22.84,0.0556205148143814
2022-06-28 20:00:00+00:00,6.699571682448363,252.2,22.72,0.06945872569881545
2022-06-28 21:00:00+00:00,6.963662682378899,248.6,22.62,0.08542058378901518
2022-06-28 22:00:00+00:00,7.047059840251701,241.8,22.55,0.09092668325778094
2022-06-28 23:00:00+00:00,6.518877840390627,239.8,22.48,0.059770245921690696
2022-06-29 00:00:00+00:00,5.39301620910781,242.4,22.45,0.018797902497632125
2022-06-29 01:00:00+00:00,6.282585893084356,246.1,23.3,0.04851999730082746
2022-06-29 02:00:00+00:00,8.534309155649987,257.2,24.88,0.23252128766917687
2022-06-29 03:00:00+00:00,9.535075050123604,262.6,26.55,0.3828460847843906
2022-06-29 04:00:00+00:00,9.660170786932806,263.7,27.93,0.40525517510756576
2022-06-29 05:00:00+00:00,9.632371734308537,262.7,28.8,0.4002018122915378
2022-06-29 06:00:00+00:00,9.771366997429874,262.3,29.25,0.42589400730452187
2022-06-29 07:00:00+00:00,10.091056102608944,261.7,29.45,0.4891085288606312
2022-06-29 08:00:00+00:00,10.521941418285085,259.6,29.46,0.583797609026189
2022-06-29 09:00:00+00:00,11.036223891834025,257.2,28.96,0.7119156746943756
2022-06-29 10:00:00+00:00,11.328113944388829,256.4,28.37,0.7923415801306845
2022-06-29 11:00:00+00:00,11.230817260203894,255.8,27.58,0.7648941696877112
2022-06-29 12:00:00+00:00,10.521941418285085,253.6,26.4,0.583797609026189
2022-06-29 13:00:00+00:00,9.020792576574662,249.5,24.94,0.2993873651874827
2022-06-29 14:00:00+00:00,8.395313892528653,246.9,24.0,0.21543815495346216
2022-06-29 15:00:00+00:00,8.131222892598116,248.5,23.54,0.18532547084183992
2022-06-29 16:00:00+00:00,7.519643734864241,251.9,23.32,0.12664413416099704
2022-06-29 17:00:00+00:00,6.838566945569697,254.2,23.15,0.07758536887904664
2022-06-29 18:00:00+00:00,6.032394419465953,252.4,22.97,0.03824983251844433
2022-06-29 19:00:00+00:00,5.003829472368071,246.4,22.78,0.011037094257513352
2022-06-29 20:00:00+00:00,4.058661683142991,243.1,22.59,0.0016275864126391443
2022-06-29 21:00:00+00:00,3.683374472715386,247.1,22.43,0.00043777275252535725
2022-06-29 22:00:00+00:00,3.46098205172125,248.1,22.3,0.00013437687007828548
2022-06-29 23:00:00+00:00,3.69727399902752,243.9,22.27,0.0004650320488121447
2022-06-30 00:00:00+00:00,4.225455998888594,240.2,22.35,0.002524443400895039
2022-06-30 01:00:00+00:00,5.796102472159683,240.1,23.42,0.029986910408868205
2022-06-30 02:00:00+00:00,7.797634261106912,249.8,24.86,0.15147950714299685
2022-06-30 03:00:00+00:00,9.979859892111875,258.5,26.31,0.4664580439972515
2022-06-30 04:00:00+00:00,10.966726260273356,265.2,27.6,0.6936049060848659
2022-06-30 05:00:00+00:00,11.369812523325228,269.2,28.74,0.8043029516852904
2022-06-30 06:00:00+00:00,11.439310154885897,271.9,29.69,0.8245050419703052
2022-06-30 07:00:00+00:00,11.508807786446564,273.9,30.32,0.8450426153795316
2022-06-30 08:00:00+00:00,11.647803049567901,276.0,30.48,0.8871352623708103
2022-06-30 09:00:00+00:00,11.620003996943632,275.9,30.13,0.8786074334319732
2022-06-30 10:00:00+00:00,11.286415365452427,274.2,29.18,0.7804993911855677
2022-06-30 11:00:00+00:00,10.744333839279221,271.2,28.0,0.6371250342019659
2022-06-30 12:00:00+00:00,9.701869365869205,266.7,26.6,0.4129147019865108
2022-06-30 13:00:00+00:00,7.8671318926675795,261.7,25.29,0.15815823774275664
2022-06-30 14:00:00+00:00,7.380648471742905,257.1,24.54,0.11531549951956305
2022-06-30 15:00:00+00:00,7.297251313870104,254.1,23.99,0.10885408480474731
2022-06-30 16:00:00+00:00,7.074858892875968,253.7,23.58,0.09281329575096342
2022-06-30 17:00:00+00:00,6.574475945639161,255.3,23.3,0.0626483458072678
2022-06-30 18:00:00+00:00,6.33818399833289,256.8,23.11,0.05102738172015916
2022-06-30 19:00:00+00:00,6.087992524714487,257.5,22.95,0.04039254269587205
2022-06-30 20:00:00+00:00,5.893399156344618,258.2,22.84,0.03322748902038412
2022-06-30 21:00:00+00:00,5.406915735419944,256.2,22.71,0.01912736432931732
2022-06-30 22:00:00+00:00,4.781437051373935,252.2,22.58,0.007755037711124997
2022-06-30 23:00:00+00:00,4.350551735697795,248.8,22.48,0.0033791397091431905
2022-07-01 00:00:00+00:00,4.725838946125401,246.1,22.49,0.007051366166127606
2022-07-01 01:00:00+00:00,6.463279735142093,246.6,23.36,0.05698167177108102
2022-07-01 02:00:00+00:00,8.70110347139559,258.9,24.89,0.25418460381354163
2022-07-01 03:00:00+00:00,9.729668418493473,268.7,26.48,0.41807429952774805
2022-07-01 04:00:00+00:00,9.868663681614807,273.6,27.83,0.4445178731773298
2022-07-01 05:00:00+00:00,10.049357523672544,275.6,29.1,0.480530638807884
2022-07-01 06:00:00+00:00,10.46634331303655,275.6,30.09,0.5709477137620524
2022-07-01 07:00:00+00:00,11.036223891834025,275.1,30.83,0.7119156746943756
2022-07-01 08:00:00+00:00,11.439310154885897,273.4,30.77,0.8245050419703052
2022-07-01 09:00:00+00:00,11.592204944319366,271.9,30.15,0.8701344310762303
2022-07-01 10:00:00+00:00,11.439310154885897,270.3,29.29,0.8245050419703052
2022-07-01 11:00:00+00:00,11.008424839209757,268.8,28.26,0.7045531868261016
2022-07-01 12:00:00+00:00,9.618472207996405,266.6,27.0,0.39769096110970387
2022-07-01 13:00:00+00:00,7.5474427874885075,262.7,25.53,0.128995393922022
2022-07-01 14:00:00+00:00,7.102657945500235,258.8,24.62,0.09472582593394793
2022-07-01 15:00:00+00:00,7.186055103373036,256.9,24.03,0.10062069074974332
2022-07-01 16:00:00+00:00,6.991461735003167,256.5,23.64,0.08723050408960982
2022-07-01 17:00:00+00:00,6.76906931400903,255.3,23.4,0.0734471324484032
2022-07-01 18:00:00+00:00,6.991461735003167,253.1,23.19,0.08723050408960982
2022-07-01 19:00:00+00:00,7.199954629685169,253.7,22.97,0.10162633611642759
2022-07-01 20:00:00+00:00,7.227753682309437,257.0,22.75,0.10365768396195829
2022-07-01 21:00:00+00:00,7.005361261315301,257.4,22.57,0.0881449734083793
2022-07-01 22:00:00+00:00,6.796868366633297,255.8,22.42,0.07508429274773128
2022-07-01 23:00:00+00:00,6.5049783140784925,254.4,22.35,0.05906476460038596
2022-07-02 00:00:00+00:00,6.324284472020757,254.2,22.34,0.05039262881288134
2022-07-02 01:00:00+00:00,7.728136629546244,257.2,23.05,0.14499149418498797
2022-07-02 02:00:00+00:00,10.535840944597217,266.6,24.54,0.5870399291365811
2022-07-02 03:00:00+00:00,11.397611575949496,272.3,26.28,0.8123437066371938
2022-07-02 04:00:00+00:00,11.147420102331091,275.0,27.55,0.7418785294378043
2022-07-02 05:00:00+00:00,11.203018207579628,276.1,28.57,0.757170174150962
2022-07-02 06:00:00+00:00,11.647803049567901,277.2,29.5,0.8871352623708103
2022-07-02 07:00:00+00:00,11.953592628434837,276.9,30.14,0.9846105036438446
2022-07-02 08:00:00+00:00,11.96749215474697,275.0,30.3,0.9892031437182498
2022-07-02 09:00:00+00:00,11.828496891625635,273.0,29.88,0.9439147595703598
2022-07-02 10:00:00+00:00,11.717300681128567,271.7,29.17,0.9086958613529552
2022-07-02 11:00:00+00:00,11.161319628643225,271.1,28.2,0.7456819525750515
2022-07-02 12:00:00+00:00,9.396079787002268,268.6,26.99,0.35893357919552205
2022-07-02 13:00:00+00:00,6.866365998193966,260.9,25.52,0.07928323460681022
2022-07-02 14:00:00+00:00,6.421581156205692,252.5,24.58,0.0549481415100816
2022-07-02 15:00:00+00:00,6.518877840390627,249.4,24.0,0.059770245921690696
2022-07-02 16:00:00+00:00,6.588375471951294,249.9,23.58,0.06338202493675352
2022-07-02 17:00:00+00:00,6.240887314147956,249.1,23.28,0.04669434246983532
2022-07-02 18:00:00+00:00,5.948997261593152,248.0,23.12,0.03517997929296452
2022-07-02 19:00:00+00:00,5.879499630032485,248.0,22.99,0.032750923672286346
2022-07-02 20:00:00+00:00,6.032394419465953,249.6,22.86,0.03824983251844433
2022-07-02 21:00:00+00:00,6.157490156275155,252.0,22.73,0.04318157587819536
2022-07-02 22:00:00+00:00,5.823901524783951,253.9,22.59,0.030890228112073235
2022-07-02 23:00:00+00:00,5.406915735419944,255.6,22.49,0.01912736432931732
2022-07-03 00:00:00+00:00,5.267920472298608,257.0,22.5,0.016001324616646363
2022-07-03 01:00:00+00:00,7.033160313939566,259.2,23.64,0.0899930408908644
2022-07-03 02:00:00+00:00,10.23005136573028,265.1,25.53,0.5184377533117625
2022-07-03 03:00:00+00:00,11.828496891625635,268.1,27.09,0.9439147595703598
2022-07-03 04:00:00+00:00,12.481774628295913,268.7,28.46,1.0
2022-07-03 05:00:00+00:00,12.690267522977916,268.4,29.49,1.0
2022-07-03 06:00:00+00:00,12.731966101914315,267.1,30.34,1.0
2022-07-03 07:00:00+00:00,12.898760417659917,265.5,31.04,1.0
2022-07-03 08:00:00+00:00,13.176750943902588,263.6,30.76,1.0
2022-07-03 09:00:00+00:00,13.468640996457392,262.2,30.1,1.0
2022-07-03 10:00:00+00:00,13.426942417520992,261.6,29.12,1.0
2022-07-03 11:00:00+00:00,12.898760417659917,261.5,27.97,1.0
2022-07-03 12:00:00+00:00,11.661702575880033,260.1,26.62,0.8914197920628892
2022-07-03 13:00:00+00:00,9.368280734378,256.3,25.11,0.3542738300055194
2022-07-03 14:00:00+00:00,8.46481152408932,251.7,24.21,0.22387110153021858
2022-07-03 15:00:00+00:00,8.284117682031585,250.4,23.73,0.2023904030207143
2022-07-03 16:00:00+00:00,8.270218155719451,250.9,23.42,0.20079747627349914
2022-07-03 17:00:00+00:00,8.25631862940732,250.9,23.17,0.19921292968636692
2022-07-03 18:00:00+00:00,8.089524313661716,250.5,23.0,0.18084397814470093
2022-07-03 19:00:00+00:00,7.728136629546244,249.7,22.92,0.14499149418498797
2022-07-03 20:00:00+00:00,7.408447524367173,250.5,22.93,0.11752479393536774
2022-07-03 21:00:00+00:00,7.186055103373036,252.1,22.92,0.10062069074974332
2022-07-03 22:00:00+00:00,7.366748945430772,252.8,22.98,0.1142213118489491
2022-07-03 23:00:00+00:00,6.880265524506099,252.5,22.91,0.08014137826755904
2022-07-04 00:00:00+00:00,6.53277736670276,252.9,22.86,0.06048132260143082
2022-07-04 01:00:00+00:00,7.033160313939566,255.9,23.37,0.0899930408908644
2022-07-04 02:00:00+00:00,8.742802050331992,262.1,24.34,0.25980291045973297
2022-07-04 03:00:00+00:00,12.189884575741107,268.4,25.3,1.0
2022-07-04 04:00:00+00:00,13.607636259578728,269.6,26.1,1.0
2022-07-04 05:00:00+00:00,13.399143364896727,269.4,26.85,1.0
2022-07-04 06:00:00+00:00,13.079454259717654,269.6,27.58,1.0
2022-07-04 07:00:00+00:00,13.009956628156985,270.5,28.03,1.0
2022-07-04 08:00:00+00:00,13.176750943902588,270.5,28.32,1.0
2022-07-04 09:00:00+00:00,13.371344312272457,268.6,28.0,1.0
2022-07-04 10:00:00+00:00,13.329645733336058,266.0,27.16,1.0
2022-07-04 11:00:00+00:00,12.523473207232312,263.2,26.27,1.0
2022-07-04 12:00:00+00:00,10.730434312967086,258.4,25.31,0.6337006526093724
2022-07-04 13:00:00+00:00,8.881797313453326,252.6,24.35,0.2791275062986404
2022-07-04 14:00:00+00:00,8.673304418771325,248.3,23.84,0.2504844294338873
2022-07-04 15:00:00+00:00,8.895696839765462,246.4,23.58,0.2811110406738716
2022-07-04 16:00:00+00:00,8.895696839765462,246.4,23.37,0.2811110406738716
2022-07-04 17:00:00+00:00,8.631605839834924,247.8,23.17,0.2450017709091073
2022-07-04 18:00:00+00:00,8.659404892459191,249.8,23.02,0.24864788495460075
2022-07-04 19:00:00+00:00,8.951294945013995,252.0,22.92,0.28913914651179634
2022-07-04 20:00:00+00:00,9.076390681823197,253.4,22.83,0.30775813315548584
2022-07-04 21:00:00+00:00,9.2848835765052,255.0,22.7,0.34053690366059947
2022-07-04 22:00:00+00:00,9.09029020813533,257.6,22.55,0.3098749250257471
2022-07-04 23:00:00+00:00,8.728902524019858,258.5,22.41,0.2579210394319741
2022-07-05 00:00:00+00:00,8.42311294515292,258.7,22.37,0.21878544164950336
2022-07-05 01:00:00+00:00,8.979093997638262,260.6,23.08,0.29320988985536467
2022-07-05 02:00:00+00:00,11.300314891764563,263.9,24.49,0.7844335818244422
2022-07-05 03:00:00+00:00,13.426942417520992,267.2,26.13,1.0
2022-07-05 04:00:00+00:00,14.386009733058206,268.6,27.52,1.0
2022-07-05 05:00:00+00:00,14.594502627740209,268.5,28.72,1.0
2022-07-05 06:00:00+00:00,14.76129694348581,266.7,29.1,1.0
2022-07-05 07:00:00+00:00,15.011488417104216,265.4,28.81,1.0
2022-07-05 08:00:00+00:00,14.914191732919281,264.4,28.48,1.0
2022-07-05 09:00:00+00:00,14.427708311994607,263.2,28.08,1.0
2022-07-05 10:00:00+00:00,13.677133891139395,260.8,27.23,1.0
2022-07-05 11:00:00+00:00,12.70416704929005,258.1,26.22,1.0
2022-07-05 12:00:00+00:00,11.230817260203894,256.0,25.17,0.7648941696877112
2022-07-05 13:00:00+00:00,9.854764155302673,255.0,24.28,0.44182473219021057
2022-07-05 14:00:00+00:00,9.604572681684271,255.9,23.85,0.39519063394318904
2022-07-05 15:00:00+00:00,9.813065576366274,257.5,23.5,0.43381061927760595
2022-07-05 16:00:00+00:00,9.687969839557072,257.0,23.06,0.41035089920407464
2022-07-05 17:00:00+00:00,9.104189734447463,253.8,22.69,0.31200140105051316
2022-07-05 18:00:00+00:00,8.826199208204793,249.1,22.48,0.2712866740867063
2022-07-05 19:00:00+00:00,8.826199208204793,246.5,22.39,0.2712866740867063
2022-07-05 20:00:00+00:00,8.770601102956258,247.3,22.38,0.26359406946033753
2022-07-05 21:00:00+00:00,8.548208681962123,249.8,22.42,0.23427763676203708
2022-07-05 22:00:00+00:00,8.353615313592252,253.4,22.48,0.21048151271404547
2022-07-05 23:00:00+00:00,8.38141436621652,256.2,22.46,0.21377739126797088
2022-07-06 00:00:00+00:00,8.284117682031585,256.8,22.36,0.2023904030207143
2022-07-06 01:00:00+00:00,8.895696839765462,256.8,22.9,0.2811110406738716
2022-07-06 02:00:00+00:00,10.841630523464154,260.1,24.28,0.6614417418983279
2022-07-06 03:00:00+00:00,12.064788838931905,261.4,26.03,1.0
2022-07-06 04:00:00+00:00,12.537372733544446,261.3,27.64,1.0
2022-07-06 05:00:00+00:00,12.759765154538583,260.1,28.91,1.0
2022-07-06 06:00:00+00:00,13.037755680781254,258.8,29.84,1.0
2022-07-06 07:00:00+00:00,13.329645733336058,258.3,30.45,1.0
2022-07-06 08:00:00+00:00,13.524239101705927,257.8,30.52,1.0
2022-07-06 09:00:00+00:00,13.621535785890863,257.6,29.49,1.0
2022-07-06 10:00:00+00:00,13.496440049081661,257.9,28.37,1.0
2022-07-06 11:00:00+00:00,12.815363259787118,257.8,27.21,1.0
2022-07-06 12:00:00+00:00,10.966726260273356,256.7,25.8,0.6936049060848659
2022-07-06 13:00:00+00:00,8.923495892389727,254.6,24.54,0.28510625572223286
2022-07-06 14:00:00+00:00,8.22851957678305,253.6,23.75,0.19606888858594884
2022-07-06 15:00:00+00:00,7.728136629546244,251.9,23.26,0.14499149418498797
2022-07-06 16:00:00+00:00,7.130456998124502,249.3,22.93,0.0966644506195374
2022-07-06 17:00:00+00:00,6.810767892945432,247.3,22.74,0.07591191793225965
2022-07-06 18:00:00+00:00,6.76906931400903,245.9,22.6,0.0734471324484032
2022-07-06 19:00:00+00:00,7.130456998124502,245.7,22.47,0.0966644506195374
2022-07-06 20:00:00+00:00,7.533543261176375,245.2,22.36,0.12781615965387816
2022-07-06 21:00:00+00:00,7.338949892806506,244.3,22.28,0.11205374507429589
2022-07-06 22:00:00+00:00,6.949763156066766,243.7,22.22,0.08452508860398927
2022-07-06 23:00:00+00:00,6.477179261454226,245.5,22.18,0.057670499626681526
2022-07-07 00:00:00+00:00,6.1713896825872885,249.3,22.17,0.0437543562587356
2022-07-07 01:00:00+00:00,7.533543261176375,255.5,23.07,0.12781615965387816
2022-07-07 02:00:00+00:00,9.965960365799743,266.5,24.6,0.4636769094123139
2022-07-07 03:00:00+00:00,11.244716786516028,272.3,25.99,0.7687757881067303
2022-07-07 04:00:00+00:00,11.856295944249903,273.6,27.09,0.9528594237904937
2022-07-07 05:00:00+00:00,12.509573680920179,272.7,27.83,1.0
2022-07-07 06:00:00+00:00,13.135052364966187,270.7,28.49,1.0
2022-07-07 07:00:00+00:00,13.704932943763662,269.0,29.01,1.0
2022-07-07 08:00:00+00:00,14.12191873312767,267.6,29.15,1.0
2022-07-07 09:00:00+00:00,14.330411627809672,266.2,28.98,1.0
2022-07-07 10:00:00+00:00,14.233114943624738,265.3,28.16,1.0
2022-07-07 11:00:00+00:00,13.635435312202995,264.0,27.03,1.0
2022-07-07 12:00:00+00:00,12.050889312619772,259.6,25.63,1.0
2022-07-07 13:00:00+00:00,10.007658944736143,251.5,24.25,0.4720536312395148
2022-07-07 14:00:00+00:00,9.590673155372137,245.5,23.51,0.3927008086903929
2022-07-07 15:00:00+00:00,9.840864628990541,244.7,23.16,0.4391424909456175
2022-07-07 16:00:00+00:00,10.174453260481746,246.4,22.92,0.5065693433921017
2022-07-07 17:00:00+00:00,10.605338576157886,248.4,22.65,0.6034317125347118
2022-07-07 18:00:00+00:00,10.925027681336957,250.1,22.3,0.6827706361786323
2022-07-07 19:00:00+00:00,10.966726260273356,251.2,21.99,0.6936049060848659
2022-07-07 20:00:00+00:00,10.660936681406419,251.1,21.84,0.6167626847646407
2022-07-07 21:00:00+00:00,10.396845681475883,251.7,21.81,0.5551523037110785
2022-07-07 22:00:00+00:00,9.771366997429874,252.3,21.79,0.42589400730452187
2022-07-07 23:00:00+00:00,9.076390681823197,252.7,21.74,0.30775813315548584
2022-07-08 00:00:00+00:00,8.520409629337856,253.6,21.76,0.23077373866680695
2022-07-08 01:00:00+00:00,9.076390681823197,255.7,22.51,0.30775813315548584
2022-07-08 02:00:00+00:00,11.09182199708256,262.8,23.99,0.7267941677864175
2022-07-08 03:00:00+00:00,13.107253312341921,271.2,25.45,1.0
2022-07-08 04:00:00+00:00,13.9690239436942,276.6,26.68,1.0
2022-07-08 05:00:00+00:00,14.219215417312604,279.9,27.97,1.0
2022-07-08 06:00:00+00:00,14.094119680503402,280.4,28.96,1.0
2022-07-08 07:00:00+00:00,13.9690239436942,278.8,28.91,1.0
2022-07-08 08:00:00+00:00,14.135818259439802,277.7,28.52,1.0
2022-07-08 09:00:00+00:00,14.302612575185403,277.3,27.98,1.0
2022-07-08 10:00:00+00:00,14.260913996249004,277.5,27.32,1.0
2022-07-08 11:00:00+00:00,13.607636259578728,276.8,26.44,1.0
2022-07-08 12:00:00+00:00,11.96749215474697,274.3,25.23,0.9892031437182498
2022-07-08 13:00:00+00:00,9.813065576366274,270.0,23.95,0.43381061927760595
2022-07-08 14:00:00+00:00,9.298783102817334,266.1,23.23,0.34280127851647507
2022-07-08 15:00:00+00:00,9.104189734447463,263.9,22.84,0.31200140105051316
2022-07-08 16:00:00+00:00,8.770601102956258,263.3,22.6,0.26359406946033753
2022-07-08 17:00:00+00:00,8.22851957678305,261.7,22.4,0.19606888858594884
2022-07-08 18:00:00+00:00,8.311916734655853,260.5,22.34,0.20560148540179465
2022-07-08 19:00:00+00:00,8.46481152408932,260.8,22.33,0.22387110153021858
2022-07-08 20:00:00+00:00,8.770601102956258,261.4,22.36,0.26359406946033753
2022-07-08 21:00:00+00:00,8.992993523950394,263.4,22.39,0.2952595114889014
2022-07-08 22:00:00+00:00,8.715002997707725,267.0,22.39,0.2560482779171104
2022-07-08 23:00:00+00:00,7.978328103164648,269.4,22.33,0.16924779509653126
2022-07-09 00:00:00+00:00,7.255552734933704,271.0,22.29,0.10571592196770735
2022-07-09 01:00:00+00:00,7.630839945361309,272.4,22.69,0.13622342150102767
2022-07-09 02:00:00+00:00,8.937395418701861,275.6,23.4,0.28711798059856425
2022-07-09 03:00:00+00:00,10.952826733961222,279.0,24.28,0.6899808443810328
2022-07-09 04:00:00+00:00,12.16208552311684,279.7,25.16,1.0
2022-07-09 05:00:00+00:00,12.857061838723517,278.0,25.88,1.0
2022-07-09 06:00:00+00:00,13.482540522769526,276.6,26.46,1.0
2022-07-09 07:00:00+00:00,13.774430575324331,274.0,26.71,1.0
2022-07-09 08:00:00+00:00,13.9690239436942,270.7,26.66,1.0
2022-07-09 09:00:00+00:00,13.774430575324331,268.4,26.33,1.0
2022-07-09 10:00:00+00:00,13.121152838654053,266.4,25.72,1.0
2022-07-09 11:00:00+00:00,12.009190733683372,264.1,24.99,1.0
2022-07-09 12:00:00+00:00,11.036223891834025,261.7,24.15,0.7119156746943756
2022-07-09 13:00:00+00:00,10.994525312897624,261.7,23.39,0.7008910552058
2022-07-09 14:00:00+00:00,11.008424839209757,263.1,22.91,0.7045531868261016
2022-07-09 15:00:00+00:00,10.827730997152022,264.8,22.53,0.6579306964574796
2022-07-09 16:00:00+00:00,10.146654207857479,264.7,22.2,0.5007036753146784
2022-07-09 17:00:00+00:00,9.910362260551208,264.3,22.01,0.45266291560984506
2022-07-09 18:00:00+00:00,9.910362260551208,263.4,21.91,0.45266291560984506
2022-07-09 19:00:00+00:00,9.729668418493473,263.5,21.85,0.41807429952774805
2022-07-09 20:00:00+00:00,9.4099793133144,264.3,21.79,0.3612786983242929
2022-07-09 21:00:00+00:00,8.992993523950394,265.7,21.73,0.2952595114889014
2022-07-09 22:00:00+00:00,8.659404892459191,266.8,21.66,0.24864788495460075
2022-07-09 23:00:00+00:00,8.395313892528653,267.7,21.6,0.21543815495346216
2022-07-10 00:00:00+00:00,8.18682099784665,269.1,21.58,0.19141512559593396
2022-07-10 01:00:00+00:00,8.506510103025722,269.9,22.14,0.2290349676533265
2022-07-10 02:00:00+00:00,9.618472207996405,270.7,23.29,0.39769096110970387
2022-07-10 03:00:00+00:00,11.939693102122703,274.3,24.54,0.9800321006536216
2022-07-10 04:00:00+00:00,13.718832470075796,276.6,25.67,1.0
2022-07-10 05:00:00+00:00,14.733497890861544,277.6,26.65,1.0
2022-07-10 06:00:00+00:00,15.345077048595419,277.6,27.45,1.0
2022-07-10 07:00:00+00:00,15.553569943277422,277.4,27.86,1.0
2022-07-10 08:00:00+00:00,15.42847420646822,276.6,27.75,1.0
2022-07-10 09:00:00+00:00,15.15048368022555,275.5,27.33,1.0
2022-07-10 10:00:00+00:00,14.386009733058206,273.9,26.64,1.0
2022-07-10 11:00:00+00:00,13.121152838654053,271.2,25.66,1.0
2022-07-10 12:00:00+00:00,11.342013470700962,267.9,24.49,0.7963154320012541
2022-07-10 13:00:00+00:00,10.146654207857479,264.9,23.36,0.5007036753146784
2022-07-10 14:00:00+00:00,10.091056102608944,263.4,22.72,0.4891085288606312
2022-07-10 15:00:00+00:00,9.938161313175476,262.9,22.36,0.45814784780682366
2022-07-10 16:00:00+00:00,9.71576889218134,262.3,22.14,0.4154891613938684
2022-07-10 17:00:00+00:00,9.507275997499336,260.8,22.0,0.3779811596720928
2022-07-10 18:00:00+00:00,9.396079787002268,258.9,21.88,0.35893357919552205
2022-07-10 19:00:00+00:00,9.4099793133144,258.1,21.78,0.3612786983242929
2022-07-10 20:00:00+00:00,9.868663681614807,259.0,21.75,0.4445178731773298
2022-07-10 21:00:00+00:00,9.910362260551208,260.9,21.75,0.45266291560984506
2022-07-10 22:00:00+00:00,9.576773629060003,262.7,21.79,0.3902214632497155
2022-07-10 23:00:00+00:00,9.201486418632399,264.2,21.86,0.3271597460844485
2022-07-11 00:00:00+00:00,8.937395418701861,265.3,21.97,0.28711798059856425
2022-07-11 01:00:00+00:00,9.771366997429874,266.9,22.68,0.42589400730452187
2022-07-11 02:00:00+00:00,11.647803049567901,270.0,23.89,0.8871352623708103
2022-07-11 03:00:00+00:00,13.941224891069933,273.7,24.94,1.0
2022-07-11 04:00:00+00:00,14.816895048734345,275.9,25.92,1.0
2022-07-11 05:00:00+00:00,15.011488417104216,276.4,26.69,1.0
2022-07-11 06:00:00+00:00,14.955890311855681,276.7,27.09,1.0
2022-07-11 07:00:00+00:00,15.108785101289149,275.7,27.18,1.0
2022-07-11 08:00:00+00:00,15.358976574907555,274.2,27.03,1.0
2022-07-11 09:00:00+00:00,15.42847420646822,273.3,26.87,1.0
2022-07-11 10:00:00+00:00,15.219981311786217,271.7,26.5,1.0
2022-07-11 11:00:00+00:00,14.372110206746072,269.3,25.68,1.0
2022-07-11 12:00:00+00:00,12.509573680920179,264.6,24.38,1.0
2022-07-11 13:00:00+00:00,11.45320968119803,259.2,23.12,0.828585629595812
2022-07-11 14:00:00+00:00,11.856295944249903,258.2,22.47,0.9528594237904937
2022-07-11 15:00:00+00:00,11.745099733752834,259.4,22.14,0.9174169757334429
2022-07-11 16:00:00+00:00,11.355912997013096,259.8,21.98,0.8003025484855892
2022-07-11 17:00:00+00:00,11.439310154885897,259.2,21.89,0.8245050419703052
2022-07-11 18:00:00+00:00,11.25861631282816,259.9,21.8,0.7726705164283117
2022-07-11 19:00:00+00:00,10.341247576227348,265.1,21.8,0.5427278189688268
2022-07-11 20:00:00+00:00,9.729668418493473,266.4,21.83,0.41807429952774805
2022-07-11 21:00:00+00:00,9.632371734308537,263.1,21.81,0.4002018122915378
2022-07-11 22:00:00+00:00,9.771366997429874,261.1,21.78,0.42589400730452187
2022-07-11 23:00:00+00:00,9.840864628990541,261.5,21.72,0.4391424909456175
2022-07-12 00:00:00+00:00,9.674070313244938,263.7,21.67,0.40779773094495975
2022-07-12 01:00:00+00:00,9.979859892111875,266.6,22.16,0.4664580439972515
2022-07-12 02:00:00+00:00,11.953592628434837,270.7,23.36,0.9846105036438446
2022-07-12 03:00:00+00:00,13.843928206885,271.9,24.65,1.0
2022-07-12 04:00:00+00:00,14.705698838237277,270.3,25.44,1.0
2022-07-12 05:00:00+00:00,15.15048368022555,268.5,26.07,1.0
2022-07-12 06:00:00+00:00,15.345077048595419,267.7,26.66,1.0
2022-07-12 07:00:00+00:00,15.511871364341022,267.4,26.98,1.0
2022-07-12 08:00:00+00:00,15.984455258953561,268.9,27.14,1.0
2022-07-12 09:00:00+00:00,15.859359522144361,270.3,26.89,1.0
2022-07-12 10:00:00+00:00,15.080986048664881,268.2,26.07,1.0
2022-07-12 11:00:00+00:00,13.871727259509266,265.5,25.11,1.0
2022-07-12 12:00:00+00:00,12.16208552311684,262.5,24.14,1.0
2022-07-12 13:00:00+00:00,11.342013470700962,262.1,23.39,0.7963154320012541
2022-07-12 14:00:00+00:00,11.25861631282816,263.1,23.08,0.7726705164283117
2022-07-12 15:00:00+00:00,11.45320968119803,263.4,22.88,0.828585629595812
2022-07-12 16:00:00+00:00,11.689501628504301,263.7,22.74,0.9000301924003719
2022-07-12 17:00:00+00:00,12.092587891556173,263.2,22.57,1.0
2022-07-12 18:00:00+00:00,12.731966101914315,262.5,22.42,1.0
2022-07-12 19:00:00+00:00,13.482540522769526,263.7,22.29,1.0
2022-07-12 20:00:00+00:00,14.066320627879133,264.8,22.1,1.0
2022-07-12 21:00:00+00:00,14.010722522630601,264.3,21.89,1.0
2022-07-12 22:00:00+00:00,13.607636259578728,262.5,21.74,1.0
2022-07-12 23:00:00+00:00,13.287947154399657,260.7,21.69,1.0
2022-07-13 00:00:00+00:00,12.565171786168712,261.1,21.69,1.0
2022-07-13 01:00:00+00:00,12.481774628295913,260.8,21.98,1.0
2022-07-13 02:00:00+00:00,13.162851417590456,258.4,22.6,1.0
2022-07-13 03:00:00+00:00,14.469406890931007,257.7,23.49,1.0
2022-07-13 04:00:00+00:00,15.720364259023025,259.6,24.46,1.0
2022-07-13 05:00:00+00:00,16.387541522005435,261.6,25.29,1.0
2022-07-13 06:00:00+00:00,16.67943157456024,263.2,25.84,1.0
2022-07-13 07:00:00+00:00,16.60993394299957,264.2,26.03,1.0
2022-07-13 08:00:00+00:00,16.80452731136944,265.2,25.99,1.0
2022-07-13 09:00:00+00:00,16.860125416617976,264.9,25.57,1.0
2022-07-13 10:00:00+00:00,16.4987377325025,263.6,24.77,1.0
2022-07-13 11:00:00+00:00,15.90105810108076,262.6,23.82,1.0
2022-07-13 12:00:00+00:00,15.261679890722618,262.8,22.92,1.0
2022-07-13 13:00:00+00:00,14.455507364618875,263.2,22.25,1.0
2022-07-13 14:00:00+00:00,13.871727259509266,263.2,21.96,1.0
2022-07-13 15:00:00+00:00,13.190650470214722,263.2,21.8,1.0
2022-07-13 16:00:00+00:00,12.620769891417247,263.9,21.71,1.0
2022-07-13 17:00:00+00:00,12.328879838862441,264.4,21.63,1.0
2022-07-13 18:00:00+00:00,12.453975575671645,262.7,21.6,1.0
2022-07-13 19:00:00+00:00,13.079454259717654,258.9,21.59,1.0
2022-07-13 20:00:00+00:00,13.871727259509266,255.0,21.66,1.0
2022-07-13 21:00:00+00:00,14.497205943555274,252.8,21.79,1.0
2022-07-13 22:00:00+00:00,14.566703575115943,253.1,21.96,1.0
2022-07-13 23:00:00+00:00,14.344311154121806,254.8,22.14,1.0
2022-07-14 00:00:00+00:00,14.44160783830674,257.2,22.28,1.0
2022-07-14 01:00:00+00:00,15.303378469659018,259.4,22.63,1.0
2022-07-14 02:00:00+00:00,16.429240100941836,260.4,23.3,1.0
2022-07-14 03:00:00+00:00,17.86089131109159,260.1,24.22,1.0
2022-07-14 04:00:00+00:00,19.626131152732547,259.0,25.23,1.0
2022-07-14 05:00:00+00:00,20.599097994581896,258.6,25.98,1.0
2022-07-14 06:00:00+00:00,20.988284731321635,259.2,26.38,1.0
2022-07-14 07:00:00+00:00,21.057782362882303,260.0,26.52,1.0
2022-07-14 08:00:00+00:00,21.0160837839459,260.6,26.58,1.0
2022-07-14 09:00:00+00:00,20.599097994581896,260.6,26.41,1.0
2022-07-14 10:00:00+00:00,19.90412167897522,260.0,26.07,1.0
2022-07-14 11:00:00+00:00,18.50026952144973,258.8,25.34,1.0
2022-07-14 12:00:00+00:00,15.887158574768627,256.1,24.09,1.0
2022-07-14 13:00:00+00:00,13.746631522700063,253.3,22.94,1.0
2022-07-14 14:00:00+00:00,13.06555473340552,251.8,22.49,1.0
2022-07-14 15:00:00+00:00,12.690267522977916,251.1,22.32,1.0
2022-07-14 16:00:00+00:00,12.606870365105115,250.2,22.24,1.0
2022-07-14 17:00:00+00:00,12.870961365035651,249.8,22.17,1.0
2022-07-14 18:00:00+00:00,13.413042891208859,251.3,22.09,1.0
2022-07-14 19:00:00+00:00,14.108019206815536,253.7,21.96,1.0
2022-07-14 20:00:00+00:00,14.566703575115943,255.5,21.67,1.0
2022-07-14 21:00:00+00:00,14.399909259370338,255.0,21.27,1.0
2022-07-14 22:00:00+00:00,13.9690239436942,252.9,21.06,1.0
2022-07-14 23:00:00+00:00,13.454741470145258,250.3,21.02,1.0
2022-07-15 00:00:00+00:00,12.98215757553272,247.6,21.1,1.0
2022-07-15 01:00:00+00:00,13.287947154399657,246.1,22.01,1.0
2022-07-15 02:00:00+00:00,15.178282732849818,248.5,23.79,1.0
2022-07-15 03:00:00+00:00,16.943522574490775,252.3,25.74,1.0
2022-07-15 04:00:00+00:00,17.791393679530923,254.2,27.28,1.0
2022-07-15 05:00:00+00:00,18.152781363646394,254.1,28.47,1.0
2022-07-15 06:00:00+00:00,18.6114657319468,253.9,29.4,1.0
2022-07-15 07:00:00+00:00,19.09794915287147,254.3,29.98,1.0
2022-07-15 08:00:00+00:00,19.334241100177742,255.0,29.99,1.0
2022-07-15 09:00:00+00:00,19.014551994998673,256.0,29.51,1.0
2022-07-15 10:00:00+00:00,18.208379468894925,257.3,28.75,1.0
2022-07-15 11:00:00+00:00,16.80452731136944,259.3,27.56,1.0
2022-07-15 12:00:00+00:00,14.260913996249004,261.3,26.11,1.0
2022-07-15 13:00:00+00:00,10.772132891903487,261.0,24.35,0.6440107622236007
2022-07-15 14:00:00+00:00,9.785266523742006,259.7,23.32,0.4285220813604923
2022-07-15 15:00:00+00:00,9.257084523880932,256.7,22.66,0.3360381125779787
2022-07-15 16:00:00+00:00,8.867897787141194,253.0,22.2,0.277153324553909
2022-07-15 17:00:00+00:00,9.3265821554416,250.5,21.97,0.34736009736535806
2022-07-15 18:00:00+00:00,9.910362260551208,250.3,21.82,0.45266291560984506
2022-07-15 19:00:00+00:00,10.31344852360308,251.8,21.69,0.5365857047953354
2022-07-15 20:00:00+00:00,10.285649470978814,253.4,21.63,0.5304901070031963
2022-07-15 21:00:00+00:00,9.674070313244938,253.2,21.61,0.40779773094495975
2022-07-15 22:00:00+00:00,9.034692102886796,251.5,21.58,0.30146564145572796
2022-07-15 23:00:00+00:00,8.589907260898523,250.2,21.59,0.2395997055995605
2022-07-16 00:00:00+00:00,8.937395418701861,250.7,21.7,0.28711798059856425
2022-07-16 01:00:00+00:00,10.396845681475883,253.6,22.79,0.5551523037110785
2022-07-16 02:00:00+00:00,12.426176523047378,258.8,24.69,1.0
2022-07-16 03:00:00+00:00,14.177516838376201,262.6,26.65,1.0
2022-07-16 04:00:00+00:00,14.955890311855681,263.2,28.22,1.0
2022-07-16 05:00:00+00:00,15.358976574907555,261.6,29.4,1.0
2022-07-16 06:00:00+00:00,15.92885715370503,259.7,30.13,1.0
2022-07-16 07:00:00+00:00,16.51263725881464,258.9,30.32,1.0
2022-07-16 08:00:00+00:00,16.84622589030584,258.8,30.1,1.0
2022-07-16 09:00:00+00:00,16.790627785057307,259.8,29.43,1.0
2022-07-16 10:00:00+00:00,15.97055573264143,260.9,28.23,1.0
2022-07-16 11:00:00+00:00,14.941990785543547,260.2,26.88,1.0
2022-07-16 12:00:00+00:00,12.996057101844853,257.6,25.5,1.0
2022-07-16 13:00:00+00:00,10.827730997152022,253.7,24.16,0.6579306964574796
2022-07-16 14:00:00+00:00,10.257850418354547,252.2,23.41,0.5244408487796063
2022-07-16 15:00:00+00:00,10.03545799736041,252.7,23.0,0.4776937899222973
2022-07-16 16:00:00+00:00,9.56287410274787,252.9,22.71,0.38775257551955605
2022-07-16 17:00:00+00:00,8.951294945013995,253.3,22.39,0.28913914651179634
2022-07-16 18:00:00+00:00,8.33971578728012,254.5,22.11,0.20884635364241086
2022-07-16 19:00:00+00:00,8.10342383997385,253.8,21.93,0.18232968673566893
2022-07-16 20:00:00+00:00,8.25631862940732,251.8,21.81,0.19921292968636692
2022-07-16 21:00:00+00:00,7.964428576852515,251.2,21.72,0.1678341264014513
2022-07-16 22:00:00+00:00,7.436246576991439,251.1,21.71,0.11976212779461047
2022-07-16 23:00:00+00:00,7.450146103303574,252.4,21.75,0.1208913647695221
2022-07-17 00:00:00+00:00,7.603040892737042,255.1,21.9,0.13378486077923435
2022-07-17 01:00:00+00:00,9.270984050193066,258.8,22.96,0.33828252238163425
2022-07-17 02:00:00+00:00,11.13352057601896,263.3,24.6,0.7380880614919179
2022-07-17 03:00:00+00:00,12.606870365105115,267.3,26.3,1.0
2022-07-17 04:00:00+00:00,12.898760417659917,270.9,27.89,1.0
2022-07-17 05:00:00+00:00,12.829262786099251,274.5,29.12,1.0
2022-07-17 06:00:00+00:00,12.44007604935951,275.8,29.56,1.0
2022-07-17 07:00:00+00:00,12.03698978630764,274.8,29.49,1.0
2022-07-17 08:00:00+00:00,11.80069783900137,272.6,28.8,0.9350262480293425
2022-07-17 09:00:00+00:00,11.675602102192167,269.5,27.72,0.8957180947055433
2022-07-17 10:00:00+00:00,11.606104470631498,267.1,26.71,0.874364089982015
2022-07-17 11:00:00+00:00,11.077922470770424,265.5,25.73,0.723055299589969
2022-07-17 12:00:00+00:00,9.99375941842401,261.5,24.67,0.4692502772391187
2022-07-17 13:00:00+00:00,8.937395418701861,257.0,23.63,0.28711798059856425
2022-07-17 14:00:00+00:00,8.812299681892659,254.9,22.94,0.2693496818479683
2022-07-17 15:00:00+00:00,8.951294945013995,256.2,22.5,0.28913914651179634
2022-07-17 16:00:00+00:00,8.576007734586389,257.3,22.25,0.23781682362562842
2022-07-17 17:00:00+00:00,8.85399826082906,259.4,22.11,0.2751884733380762
2022-07-17 18:00:00+00:00,9.187586892320265,261.6,21.92,0.3249648621333367
2022-07-17 19:00:00+00:00,9.56287410274787,263.0,21.76,0.38775257551955605
2022-07-17 20:00:00+00:00,9.187586892320265,262.9,21.59,0.3249648621333367
2022-07-17 21:00:00+00:00,9.034692102886796,263.4,21.52,0.30146564145572796
2022-07-17 22:00:00+00:00,8.812299681892659,264.3,21.59,0.2693496818479683
2022-07-17 23:00:00+00:00,8.909596366077594,264.3,21.7,0.2831039497812021
2022-07-18 00:00:00+00:00,9.3265821554416,262.0,21.73,0.34736009736535806
2022-07-18 01:00:00+00:00,10.118855155233211,259.9,22.02,0.4948834627417891
2022-07-18 02:00:00+00:00,11.522707312758698,262.8,22.65,0.8491906311538865
2022-07-18 03:00:00+00:00,12.384477944110978,268.1,23.52,1.0
2022-07-18 04:00:00+00:00,12.537372733544446,272.5,24.63,1.0
2022-07-18 05:00:00+00:00,12.412276996735244,275.2,25.77,1.0
2022-07-18 06:00:00+00:00,11.925793575810571,275.4,26.67,0.9754679126459812
2022-07-18 07:00:00+00:00,11.550506365382965,274.1,27.3,0.8575273406079094
2022-07-18 08:00:00+00:00,11.355912997013096,273.2,27.76,0.8003025484855892
2022-07-18 09:00:00+00:00,11.244716786516028,271.6,27.92,0.7687757881067303
2022-07-18 10:00:00+00:00,10.966726260273356,269.2,27.41,0.6936049060848659
2022-07-18 11:00:00+00:00,10.424644734100148,265.7,26.43,0.5614350279054442
2022-07-18 12:00:00+00:00,9.243184997568799,260.9,25.21,0.33380365214803287
2022-07-18 13:00:00+00:00,7.352849419118638,253.4,23.82,0.11313406773439343
2022-07-18 14:00:00+00:00,7.7420361558583775,247.9,22.99,0.14627397197485198
2022-07-18 15:00:00+00:00,8.576007734586389,247.5,22.47,0.23781682362562842
2022-07-18 16:00:00+00:00,8.881797313453326,248.8,22.0,0.2791275062986404
2022-07-18 17:00:00+00:00,8.437012471465055,247.6,21.48,0.2204720088632546
2022-07-18 18:00:00+00:00,7.658638997985576,243.5,20.99,0.138691436168683
2022-07-18 19:00:00+00:00,6.782968840321163,237.3,20.62,0.07426270495364592
2022-07-18 20:00:00+00:00,6.3659830509571576,232.4,20.4,0.05231283374920702
2022-07-18 21:00:00+00:00,6.352083524645025,229.3,20.3,0.05166744266506765
2022-07-18 22:00:00+00:00,6.157490156275155,224.6,20.32,0.04318157587819536
2022-07-18 23:00:00+00:00,6.449380208829958,226.0,20.42,0.056298350867514384
2022-07-19 00:00:00+00:00,6.699571682448363,229.2,20.56,0.06945872569881545
2022-07-19 01:00:00+00:00,7.9366295242282465,233.5,21.62,0.16503044868431418
2022-07-19 02:00:00+00:00,10.021558471048277,245.4,23.8,0.47486812810004086
2022-07-19 03:00:00+00:00,10.521941418285085,255.9,25.83,0.583797609026189
2022-07-19 04:00:00+00:00,10.54974047090935,264.0,27.49,0.5902942319679177
2022-07-19 05:00:00+00:00,10.341247576227348,267.5,28.83,0.5427278189688268
2022-07-19 06:00:00+00:00,10.104955628921077,268.5,29.88,0.49199034701554406
2022-07-19 07:00:00+00:00,10.27174994466668,269.4,30.21,0.527459696496133
2022-07-19 08:00:00+00:00,10.813831470839888,270.2,29.77,0.654432097871183
2022-07-19 09:00:00+00:00,11.147420102331091,271.6,29.12,0.7418785294378043
2022-07-19 10:00:00+00:00,11.050123418146159,273.1,28.36,0.7156160751455486
2022-07-19 11:00:00+00:00,10.633137628782153,273.7,27.44,0.6100729237853831
2022-07-19 12:00:00+00:00,9.229285471256665,273.4,26.23,0.331579118990196
2022-07-19 13:00:00+00:00,6.685672156136229,269.4,24.76,0.06867878079302038
2022-07-19 14:00:00+00:00,5.7822029458475495,263.0,23.83,0.029541931720889748
2022-07-19 15:00:00+00:00,5.851700577408217,259.6,23.25,0.031811506928944924
2022-07-19 16:00:00+00:00,6.213088261523689,260.9,22.83,0.045503042717314215
2022-07-19 17:00:00+00:00,6.379882577269291,263.9,22.51,0.05296357707417774
2022-07-19 18:00:00+00:00,6.213088261523689,264.4,22.26,0.045503042717314215
2022-07-19 19:00:00+00:00,6.06019347209022,264.2,22.04,0.039311455595912086
2022-07-19 20:00:00+00:00,5.9072986826567515,263.5,21.84,0.03370865515490046
2022-07-19 21:00:00+00:00,5.684906261662614,263.5,21.69,0.026549714476654915
2022-07-19 22:00:00+00:00,5.379116682795677,265.3,21.54,0.01847224579475195
2022-07-19 23:00:00+00:00,5.184523314425808,266.3,21.39,0.014300213582746675
2022-07-20 00:00:00+00:00,4.823135630310336,265.5,21.28,0.008312456927350872
2022-07-20 01:00:00+00:00,6.143590629963021,268.8,22.37,0.042613816214480814
2022-07-20 02:00:00+00:00,7.575241840112775,280.0,24.23,0.13137557719050022
2022-07-20 03:00:00+00:00,8.172921471534517,282.7,26.16,0.1898803958356906
2022-07-20 04:00:00+00:00,8.395313892528653,282.1,28.0,0.21543815495346216
2022-07-20 05:00:00+00:00,8.478711050401454,280.6,29.48,0.2255836711866327
2022-07-20 06:00:00+00:00,8.742802050331992,278.6,30.5,0.25980291045973297
2022-07-20 07:00:00+00:00,9.020792576574662,277.7,31.08,0.2993873651874827
2022-07-20 08:00:00+00:00,9.215385944944531,277.5,31.44,0.32936449100286797
2022-07-20 09:00:00+00:00,9.618472207996405,276.6,31.46,0.39769096110970387
2022-07-20 10:00:00+00:00,10.174453260481746,275.6,30.56,0.5065693433921017
2022-07-20 11:00:00+00:00,10.619238102470018,273.8,29.03,0.606746260494774
2022-07-20 12:00:00+00:00,10.50804189197295,272.4,27.19,0.5805672495351399
2022-07-20 13:00:00+00:00,9.4099793133144,271.3,25.31,0.3612786983242929
2022-07-20 14:00:00+00:00,8.85399826082906,270.9,24.09,0.2751884733380762
2022-07-20 15:00:00+00:00,8.33971578728012,271.8,23.28,0.20884635364241086
2022-07-20 16:00:00+00:00,7.7420361558583775,271.4,22.74,0.14627397197485198
2022-07-20 17:00:00+00:00,7.491844682239973,271.9,22.39,0.1243216210946221
2022-07-20 18:00:00+00:00,7.4779451559278405,273.6,22.13,0.12317108931792753
2022-07-20 19:00:00+00:00,7.325050366494371,275.7,21.91,0.11098032176705581
2022-07-20 20:00:00+00:00,6.4354806825178255,278.1,21.71,0.0556205148143814
2022-07-20 21:00:00+00:00,6.310384945708623,281.7,21.56,0.04976316184163368
2022-07-20 22:00:00+00:00,6.421581156205692,284.5,21.38,0.0549481415100816
2022-07-20 23:00:00+00:00,5.9072986826567515,283.5,21.25,0.03370865515490046
2022-07-21 00:00:00+00:00,5.851700577408217,280.3,21.25,0.031811506928944924
2022-07-21 01:00:00+00:00,6.49107878776636,277.9,22.0,0.058364856535916415
2022-07-21 02:00:00+00:00,7.755935682170511,285.1,23.53,0.14756399006398443
2022-07-21 03:00:00+00:00,8.437012471465055,290.0,25.48,0.2204720088632546
2022-07-21 04:00:00+00:00,8.33971578728012,291.1,27.13,0.20884635364241086
2022-07-21 05:00:00+00:00,8.020026682101047,290.5,28.44,0.17353638574702254
2022-07-21 06:00:00+00:00,7.71423710323411,288.8,29.17,0.14371653459279213
2022-07-21 07:00:00+00:00,7.5474427874885075,287.7,29.47,0.128995393922022
2022-07-21 08:00:00+00:00,7.603040892737042,287.1,29.45,0.13378486077923435
2022-07-21 09:00:00+00:00,7.6725385242977096,286.3,29.07,0.13993654398621
2022-07-21 10:00:00+00:00,7.658638997985576,284.6,28.59,0.138691436168683
2022-07-21 11:00:00+00:00,7.575241840112775,281.5,27.78,0.13137557719050022
2022-07-21 12:00:00+00:00,6.7551697876968975,277.9,26.57,0.07263755313040274
2022-07-21 13:00:00+00:00,5.434714788044212,272.5,25.08,0.01979779178550429
2022-07-21 14:00:00+00:00,6.240887314147956,270.0,24.25,0.04669434246983532
2022-07-21 15:00:00+00:00,6.727370735072629,270.5,23.56,0.07103628564972683
2022-07-21 16:00:00+00:00,6.588375471951294,270.5,23.02,0.06338202493675352
2022-07-21 17:00:00+00:00,6.254786840460089,267.8,22.61,0.047297711284937566
2022-07-21 18:00:00+00:00,6.087992524714487,266.9,22.28,0.04039254269587205
2022-07-21 19:00:00+00:00,5.948997261593152,266.1,22.07,0.03517997929296452
2022-07-21 20:00:00+00:00,5.851700577408217,266.6,21.94,0.031811506928944924
2022-07-21 21:00:00+00:00,6.06019347209022,269.7,21.84,0.039311455595912086
2022-07-21 22:00:00+00:00,6.393782103581424,272.9,21.76,0.05361969474158012
2022-07-21 23:00:00+00:00,6.282585893084356,273.9,21.67,0.04851999730082746
2022-07-22 00:00:00+00:00,6.01849489315382,271.3,21.67,0.03772626473414412
2022-07-22 01:00:00+00:00,7.130456998124502,272.1,22.31,0.0966644506195374
2022-07-22 02:00:00+00:00,9.034692102886796,281.6,23.7,0.30146564145572796
2022-07-22 03:00:00+00:00,9.618472207996405,286.4,25.46,0.39769096110970387
2022-07-22 04:00:00+00:00,9.354381208065869,287.4,27.05,0.3519591557410872
2022-07-22 05:00:00+00:00,8.923495892389727,287.4,28.14,0.28510625572223286
2022-07-22 06:00:00+00:00,8.659404892459191,286.6,28.98,0.24864788495460075
2022-07-22 07:00:00+00:00,8.353615313592252,285.9,29.32,0.21048151271404547
2022-07-22 08:00:00+00:00,7.95052905054038,285.0,28.94,0.16642835163124553
2022-07-22 09:00:00+00:00,8.159021945222383,283.8,28.02,0.18835389152432733
2022-07-22 10:00:00+00:00,8.742802050331992,283.3,27.09,0.25980291045973297
2022-07-22 11:00:00+00:00,8.992993523950394,283.6,26.17,0.2952595114889014
2022-07-22 12:00:00+00:00,8.18682099784665,283.7,25.19,0.19141512559593396
2022-07-22 13:00:00+00:00,6.53277736670276,282.4,24.25,0.06048132260143082
2022-07-22 14:00:00+00:00,6.2964854193964905,280.4,23.77,0.04913895870481589
2022-07-22 15:00:00+00:00,6.087992524714487,276.7,23.39,0.04039254269587205
2022-07-22 16:00:00+00:00,5.837801051096084,274.1,23.04,0.031348611330500535
2022-07-22 17:00:00+00:00,5.796102472159683,271.9,22.7,0.029986910408868205
2022-07-22 18:00:00+00:00,5.851700577408217,270.4,22.39,0.031811506928944924
2022-07-22 19:00:00+00:00,5.810001998471816,269.9,22.11,0.03043633517206254
2022-07-22 20:00:00+00:00,5.726604840599015,270.0,21.89,0.027806035689127713
2022-07-22 21:00:00+00:00,5.893399156344618,269.3,21.72,0.03322748902038412
2022-07-22 22:00:00+00:00,6.226987787835823,268.8,21.59,0.04609612698116098
2022-07-22 23:00:00+00:00,6.4354806825178255,269.5,21.48,0.0556205148143814
2022-07-23 00:00:00+00:00,6.240887314147956,270.3,21.42,0.04669434246983532
2022-07-23 01:00:00+00:00,7.505744208552108,272.8,21.92,0.12547929534177862
2022-07-23 02:00:00+00:00,8.923495892389727,278.0,22.9,0.28510625572223286
2022-07-23 03:00:00+00:00,9.687969839557072,281.2,24.24,0.41035089920407464
2022-07-23 04:00:00+00:00,10.104955628921077,281.7,25.7,0.49199034701554406
2022-07-23 05:00:00+00:00,10.174453260481746,280.5,26.57,0.5065693433921017
2022-07-23 06:00:00+00:00,10.174453260481746,278.9,26.83,0.5065693433921017
2022-07-23 07:00:00+00:00,10.16055373416961,277.0,26.98,0.5036308163645226
2022-07-23 08:00:00+00:00,10.077156576296812,275.0,27.19,0.486237986175451
2022-07-23 09:00:00+00:00,10.31344852360308,272.6,27.21,0.5365857047953354
2022-07-23 10:00:00+00:00,10.78603241821562,270.8,26.97,0.6474721528558436
2022-07-23 11:00:00+00:00,11.022324365521891,269.3,26.16,0.7082280526217598
2022-07-23 12:00:00+00:00,10.355147102539481,266.9,24.89,0.5458163749525805
2022-07-23 13:00:00+00:00,8.70110347139559,263.4,23.49,0.25418460381354163
2022-07-23 14:00:00+00:00,8.145122418910251,260.4,22.67,0.18683559056024407
2022-07-23 15:00:00+00:00,7.700337576921977,260.5,22.19,0.14244907109666421
2022-07-23 16:00:00+00:00,7.380648471742905,261.2,21.87,0.11531549951956305
2022-07-23 17:00:00+00:00,7.158256050748769,259.3,21.67,0.0986293466205349
2022-07-23 18:00:00+00:00,7.033160313939566,257.8,21.53,0.0899930408908644
2022-07-23 19:00:00+00:00,6.880265524506099,257.0,21.43,0.08014137826755904
2022-07-23 20:00:00+00:00,7.102657945500235,257.3,21.38,0.09472582593394793
2022-07-23 21:00:00+00:00,7.186055103373036,257.8,21.31,0.10062069074974332
2022-07-23 22:00:00+00:00,7.074858892875968,257.2,21.22,0.09281329575096342
2022-07-23 23:00:00+00:00,6.7551697876968975,256.8,21.14,0.07263755313040274
2022-07-24 00:00:00+00:00,6.727370735072629,258.7,21.16,0.07103628564972683
2022-07-24 01:00:00+00:00,8.159021945222383,262.0,22.08,0.18835389152432733
2022-07-24 02:00:00+00:00,10.063257049984678,269.4,23.85,0.48337869685840185
2022-07-24 03:00:00+00:00,11.022324365521891,275.1,25.66,0.7082280526217598
2022-07-24 04:00:00+00:00,11.119621049706826,277.5,26.82,0.7343105266357911
2022-07-24 05:00:00+00:00,11.161319628643225,277.0,27.58,0.7456819525750515
2022-07-24 06:00:00+00:00,11.21691773389176,275.3,28.13,0.7610256390696553
2022-07-24 07:00:00+00:00,11.481008733822298,273.5,28.42,0.836787151228133
2022-07-24 08:00:00+00:00,11.745099733752834,273.1,28.5,0.9174169757334429
2022-07-24 09:00:00+00:00,11.80069783900137,273.1,28.39,0.9350262480293425
2022-07-24 10:00:00+00:00,11.633903523255766,272.9,27.87,0.8828644835277046
2022-07-24 11:00:00+00:00,11.036223891834025,272.1,26.83,0.7119156746943756
2022-07-24 12:00:00+00:00,9.451677892250801,270.3,25.45,0.36837529906488914
2022-07-24 13:00:00+00:00,6.852466471881831,265.5,24.01,0.07843123884450616
2022-07-24 14:00:00+00:00,6.1713896825872885,259.2,23.16,0.0437543562587356
2022-07-24 15:00:00+00:00,5.9072986826567515,257.1,22.62,0.03370865515490046
2022-07-24 16:00:00+00:00,5.62930815641408,257.2,22.24,0.0249342860596703
2022-07-24 17:00:00+00:00,5.420815261732077,257.9,21.99,0.019460653391407894
2022-07-24 18:00:00+00:00,5.448614314356345,257.9,21.82,0.02013880161320679
2022-07-24 19:00:00+00:00,5.54591099854128,258.6,21.67,0.02263612708252825
2022-07-24 20:00:00+00:00,5.726604840599015,260.1,21.5,0.027806035689127713
2022-07-24 21:00:00+00:00,6.185289208899422,260.3,21.37,0.04433217945770191
2022-07-24 22:00:00+00:00,6.713471208760496,260.3,21.25,0.07024455328385079
2022-07-24 23:00:00+00:00,6.963662682378899,260.8,21.16,0.08542058378901518
2022-07-25 00:00:00+00:00,6.782968840321163,260.3,21.11,0.07426270495364592
2022-07-25 01:00:00+00:00,7.686438050609843,261.2,21.92,0.14118908159500354
2022-07-25 02:00:00+00:00,8.562108208274257,266.9,23.36,0.23604280804698755
2022-07-25 03:00:00+00:00,8.937395418701861,270.5,25.0,0.28711798059856425
2022-07-25 04:00:00+00:00,9.201486418632399,272.2,26.44,0.3271597460844485
2022-07-25 05:00:00+00:00,9.159787839695998,272.3,27.54,0.3206045887266357
2022-07-25 06:00:00+00:00,9.118089260759596,271.5,28.3,0.31413758333138475
2022-07-25 07:00:00+00:00,9.13198878707173,270.6,29.06,0.31628349396996225
2022-07-25 08:00:00+00:00,9.159787839695998,270.3,29.51,0.3206045887266357
2022-07-25 09:00:00+00:00,9.118089260759596,271.6,29.45,0.31413758333138475
2022-07-25 10:00:00+00:00,8.881797313453326,273.9,28.87,0.2791275062986404
2022-07-25 11:00:00+00:00,8.367514839904386,275.5,27.78,0.21212518455536553
2022-07-25 12:00:00+00:00,6.963662682378899,274.2,26.43,0.08542058378901518
2022-07-25 13:00:00+00:00,5.420815261732077,269.7,24.85,0.019460653391407894
2022-07-25 14:00:00+00:00,6.06019347209022,265.9,23.99,0.039311455595912086
2022-07-25 15:00:00+00:00,6.421581156205692,263.5,23.3,0.0549481415100816
2022-07-25 16:00:00+00:00,6.407681629893559,262.9,22.8,0.05428120885301468
2022-07-25 17:00:00+00:00,6.254786840460089,263.1,22.4,0.047297711284937566
2022-07-25 18:00:00+00:00,6.477179261454226,266.2,22.13,0.057670499626681526
2022-07-25 19:00:00+00:00,6.560576419327027,268.1,21.89,0.06192035044261896
2022-07-25 20:00:00+00:00,6.199188735211555,270.1,21.74,0.04491506757669464
2022-07-25 21:00:00+00:00,6.268686366772223,274.3,21.62,0.047906255528068174
2022-07-25 22:00:00+00:00,6.3659830509571576,277.7,21.51,0.05231283374920702
2022-07-25 23:00:00+00:00,6.046293945778086,279.9,21.36,0.03877822210516686
2022-07-26 00:00:00+00:00,5.684906261662614,281.0,21.26,0.026549714476654915
2022-07-26 01:00:00+00:00,7.116557471812369,283.8,22.0,0.09569186541311687
2022-07-26 02:00:00+00:00,8.784500629268393,287.9,23.72,0.2655034016363845
2022-07-26 03:00:00+00:00,8.85399826082906,289.1,25.91,0.2751884733380762
2022-07-26 04:00:00+00:00,8.242419103095184,290.1,28.02,0.1976367411577168
2022-07-26 05:00:00+00:00,7.561342313800642,290.7,29.56,0.13018185906702937
2022-07-26 06:00:00+00:00,7.033160313939566,290.0,30.42,0.0899930408908644
2022-07-26 07:00:00+00:00,6.643973577199828,288.3,30.57,0.06637402113507371
2022-07-26 08:00:00+00:00,6.213088261523689,286.2,30.45,0.045503042717314215
2022-07-26 09:00:00+00:00,5.62930815641408,282.0,29.49,0.0249342860596703
2022-07-26 10:00:00+00:00,5.337418103859276,277.5,28.24,0.01751788544293783
2022-07-26 11:00:00+00:00,4.962130893431671,274.7,26.83,0.010362305664819162
2022-07-26 12:00:00+00:00,4.350551735697795,272.0,25.47,0.0033791397091431905
2022-07-26 13:00:00+00:00,3.7945706832124544,270.8,24.4,0.0006881293520976709
2022-07-26 14:00:00+00:00,3.6416758937789857,272.6,23.82,0.00036242624901630525
2022-07-26 15:00:00+00:00,3.683374472715386,276.3,23.44,0.00043777275252535725
2022-07-26 16:00:00+00:00,3.8779678410852556,278.9,23.15,0.000928342636962328
2022-07-26 17:00:00+00:00,4.0169631042065905,280.2,22.9,0.0014427399649018734
2022-07-26 18:00:00+00:00,4.030862630518724,280.5,22.69,0.001502708908312643
2022-07-26 19:00:00+00:00,4.030862630518724,280.1,22.51,0.001502708908312643
2022-07-26 20:00:00+00:00,4.0169631042065905,279.0,22.36,0.0014427399649018734
2022-07-26 21:00:00+00:00,4.003063577894457,277.4,22.22,0.0013843880918589244
2022-07-26 22:00:00+00:00,3.947465472645923,275.9,22.06,0.001166709271357827
2022-07-26 23:00:00+00:00,3.669474946403253,271.7,21.94,0.00041160008819737294
2022-07-27 00:00:00+00:00,3.405383946472716,267.9,21.83,9.138440963821283e-05
2022-07-27 01:00:00+00:00,4.100360262079392,271.4,22.19,0.001827583236896953
2022-07-27 02:00:00+00:00,4.461747946194864,287.6,23.08,0.004284399388135919
2022-07-27 03:00:00+00:00,4.447848419882731,300.7,24.28,0.004163338869536317
2022-07-27 04:00:00+00:00,4.197656946264327,309.0,25.12,0.0023565127004686816
2022-07-27 05:00:00+00:00,3.8779678410852556,314.1,25.99,0.000928342636962328
2022-07-27 06:00:00+00:00,3.3775848938484487,317.2,26.91,7.38441855273961e-05
2022-07-27 07:00:00+00:00,2.905000999235908,316.7,27.53,0.0
2022-07-27 08:00:00+00:00,2.5714123677447036,317.2,28.15,0.0
2022-07-27 09:00:00+00:00,2.376818999374834,319.0,28.34,0.0
2022-07-27 10:00:00+00:00,2.3351204204384333,320.8,28.11,0.0
2022-07-27 11:00:00+00:00,2.2517232625656325,319.5,27.55,0.0
2022-07-27 12:00:00+00:00,1.904235104762294,315.0,26.8,0.0
2022-07-27 13:00:00+00:00,1.6262445785196231,309.1,25.68,0.0
2022-07-27 14:00:00+00:00,1.7930388942652258,303.9,25.14,0.0
2022-07-27 15:00:00+00:00,2.2378237362534987,302.8,24.47,0.0
2022-07-27 16:00:00+00:00,2.7104076308660385,306.5,23.89,0.0
2022-07-27 17:00:00+00:00,2.974498630796576,308.4,23.41,0.0
2022-07-27 18:00:00+00:00,3.0995943676057776,308.5,23.09,1.3551170407727066e-06
2022-07-27 19:00:00+00:00,3.2524891570392462,311.5,22.83,2.2080081336773903e-05
2022-07-27 20:00:00+00:00,3.169091999166445,316.2,22.59,6.6319561817934365e-06
2022-07-27 21:00:00+00:00,2.932800051860175,322.7,22.36,0.0
2022-07-27 22:00:00+00:00,2.6270104729932373,330.9,22.19,0.0
2022-07-27 23:00:00+00:00,2.349019946750567,340.6,22.02,0.0
2022-07-28 00:00:00+00:00,2.1822256310049646,351.6,21.96,0.0
2022-07-28 01:00:00+00:00,3.0439962623572434,5.0,22.93,1.168207045471248e-07
2022-07-28 02:00:00+00:00,1.876436052138027,55.8,24.52,0.0
2022-07-28 03:00:00+00:00,3.0995943676057776,113.8,26.25,1.3551170407727066e-06
2022-07-28 04:00:00+00:00,3.961364998958057,125.9,27.63,0.0012188138789332506
2022-07-28 05:00:00+00:00,3.919666420021656,129.4,28.78,0.001066997641704432
2022-07-28 06:00:00+00:00,3.516580156969783,129.9,29.57,0.00018909743216298478
2022-07-28 07:00:00+00:00,3.0161972097329763,127.9,29.97,5.82898703062398e-09
2022-07-28 08:00:00+00:00,2.55751284143257,123.9,29.93,0.0
2022-07-28 09:00:00+00:00,2.0988284731321634,122.8,29.75,0.0
2022-07-28 10:00:00+00:00,1.6957422100802908,132.7,29.58,0.0
2022-07-28 11:00:00+00:00,1.2926559470284185,152.3,29.35,0.0
2022-07-28 12:00:00+00:00,1.070263526034282,177.8,28.79,0.0
2022-07-28 13:00:00+00:00,1.1675602102192166,203.8,27.58,0.0
2022-07-28 14:00:00+00:00,1.487249315398288,229.2,26.76,0.0
2022-07-28 15:00:00+00:00,1.7791393679530922,248.4,26.08,0.0
2022-07-28 16:00:00+00:00,1.9181346310744274,261.2,25.4,0.0
2022-07-28 17:00:00+00:00,1.9181346310744274,266.7,24.79,0.0
2022-07-28 18:00:00+00:00,1.8625365258258935,271.7,24.2,0.0
2022-07-28 19:00:00+00:00,1.7374407890166914,284.8,23.74,0.0
2022-07-28 20:00:00+00:00,1.6679431574560237,313.3,23.38,0.0
2022-07-28 21:00:00+00:00,1.8903355784501605,346.8,22.91,0.0
2022-07-28 22:00:00+00:00,2.2378237362534987,11.8,22.46,0.0
2022-07-28 23:00:00+00:00,2.5297137888083028,29.0,22.16,0.0
2022-07-29 00:00:00+00:00,2.696508104553905,40.8,22.03,0.0
2022-07-29 01:00:00+00:00,4.12815931470366,49.5,23.56,0.001969626016918578
2022-07-29 02:00:00+00:00,4.197656946264327,63.7,25.81,0.0023565127004686816
2022-07-29 03:00:00+00:00,3.97526452527019,79.3,27.77,0.00127244715047499
2022-07-29 04:00:00+00:00,3.7667716305881873,88.5,28.99,0.000618401565641259
2022-07-29 05:00:00+00:00,3.5304796832819174,93.4,29.9,0.00020477585056895208
2022-07-29 06:00:00+00:00,3.210790578102846,95.7,30.58,1.2847719802171193e-05
2022-07-29 07:00:00+00:00,2.8633024202995077,94.7,31.04,0.0
2022-07-29 08:00:00+00:00,2.5436133151204365,93.1,31.26,0.0
2022-07-29 09:00:00+00:00,2.3351204204384333,90.7,31.18,0.0
2022-07-29 10:00:00+00:00,2.1683261046928313,91.5,30.76,0.0
2022-07-29 11:00:00+00:00,1.932034157386561,96.2,30.21,0.0
2022-07-29 12:00:00+00:00,1.5289478943346886,110.7,29.37,0.0
2022-07-29 13:00:00+00:00,1.2648568944041514,129.6,28.25,0.0
2022-07-29 14:00:00+00:00,1.2370578417798843,151.7,27.62,0.0
2022-07-29 15:00:00+00:00,1.2092587891556172,164.7,27.06,0.0
2022-07-29 16:00:00+00:00,1.0980625786585492,174.2,26.53,0.0
2022-07-29 17:00:00+00:00,0.7366748945430772,189.8,26.13,0.0
2022-07-29 18:00:00+00:00,0.29189005255480416,253.3,25.8,0.0
2022-07-29 19:00:00+00:00,0.7227753682309437,343.3,25.23,0.0
2022-07-29 20:00:00+00:00,1.3204549996526855,1.2,24.58,0.0
2022-07-29 21:00:00+00:00,1.7513403153288252,13.8,24.1,0.0
2022-07-29 22:00:00+00:00,2.1822256310049646,28.2,23.68,0.0
2022-07-29 23:00:00+00:00,2.5019147361840357,36.4,23.37,0.0
2022-07-30 00:00:00+00:00,2.5158142624961695,37.8,23.18,0.0
2022-07-30 01:00:00+00:00,3.7945706832124544,34.3,23.95,0.0006881293520976709
2022-07-30 02:00:00+00:00,4.767537525061802,30.9,25.36,0.007574926091293861
2022-07-30 03:00:00+00:00,5.476413366980611,29.3,26.96,0.020832523975831782
2022-07-30 04:00:00+00:00,5.226221893362208,27.0,28.25,0.01513483950649421
2022-07-30 05:00:00+00:00,4.545145104067665,23.4,29.15,0.005060346808923484
2022-07-30 06:00:00+00:00,3.919666420021656,17.3,29.78,0.001066997641704432
2022-07-30 07:00:00+00:00,3.5582787359061845,10.3,30.16,0.00023868533204526545
2022-07-30 08:00:00+00:00,3.474881578033383,2.3,30.3,0.00014690224706933659
2022-07-30 09:00:00+00:00,3.433182999096983,354.4,30.0,0.00011150303355417385
2022-07-30 10:00:00+00:00,3.6138768411547186,350.5,29.62,0.0003173337184659358
2022-07-30 11:00:00+00:00,3.6416758937789857,348.6,28.91,0.00036242624901630525
2022-07-30 12:00:00+00:00,2.932800051860175,347.7,27.86,0.0
2022-07-30 13:00:00+00:00,2.4463166309355016,347.9,26.37,0.0
2022-07-30 14:00:00+00:00,2.6548095256175044,352.2,25.67,0.0
2022-07-30 15:00:00+00:00,2.849402893987374,358.3,25.12,0.0
2022-07-30 16:00:00+00:00,2.55751284143257,358.1,24.69,0.0
2022-07-30 17:00:00+00:00,2.112727999444297,346.7,24.41,0.0
2022-07-30 18:00:00+00:00,2.3629194730627003,337.9,24.07,0.0
2022-07-30 19:00:00+00:00,3.0161972097329763,344.2,23.64,5.82898703062398e-09
2022-07-30 20:00:00+00:00,3.8362692621488548,354.4,23.35,0.0008022521214967887
2022-07-30 21:00:00+00:00,4.350551735697795,0.2,23.17,0.0033791397091431905
2022-07-30 22:00:00+00:00,3.989164051582324,359.4,22.99,0.0013276311875834244
2022-07-30 23:00:00+00:00,3.224690104414979,351.6,22.81,1.5560527300512682e-05
2022-07-31 00:00:00+00:00,2.7382066834903056,339.8,22.66,0.0
2022-07-31 01:00:00+00:00,3.5999773148425844,333.9,23.3,0.00029626268992632233
2022-07-31 02:00:00+00:00,4.392250314634197,344.4,24.32,0.0037018979789288364
2022-07-31 03:00:00+00:00,4.962130893431671,349.4,25.61,0.010362305664819162
2022-07-31 04:00:00+00:00,5.212322367050074,345.2,26.81,0.01485312042444501
2022-07-31 05:00:00+00:00,5.35131763017141,339.5,27.73,0.017832259369005187
2022-07-31 06:00:00+00:00,5.559810524853413,334.7,28.35,0.023008904036693503
2022-07-31 07:00:00+00:00,6.087992524714487,331.3,28.82,0.04039254269587205
2022-07-31 08:00:00+00:00,6.616174524575561,329.7,28.86,0.06486652289663741
2022-07-31 09:00:00+00:00,6.810767892945432,328.7,28.27,0.07591191793225965
2022-07-31 10:00:00+00:00,6.713471208760496,328.3,27.47,0.07024455328385079
2022-07-31 11:00:00+00:00,5.768303419535417,326.0,26.64,0.02910137700652688
2022-07-31 12:00:00+00:00,4.628542261940466,323.9,25.74,0.0059247437522666705
2022-07-31 13:00:00+00:00,3.4470825254091157,321.7,24.53,0.00012258449944002242
2022-07-31 14:00:00+00:00,3.46098205172125,318.7,24.04,0.00013437687007828548
2022-07-31 15:00:00+00:00,3.5721782622183174,315.2,23.8,0.0002569605983163631
2022-07-31 16:00:00+00:00,4.086460735767258,313.1,23.62,0.0017591974176414424
2022-07-31 17:00:00+00:00,4.739738472437534,311.8,23.39,0.007223112420395537
2022-07-31 18:00:00+00:00,5.379116682795677,311.6,23.17,0.01847224579475195
2022-07-31 19:00:00+00:00,5.921198208968884,311.1,22.97,0.034194444177435696
2022-07-31 20:00:00+00:00,6.282585893084356,310.2,22.81,0.04851999730082746
2022-07-31 21:00:00+00:00,6.7551697876968975,311.2,22.68,0.07263755313040274
2022-07-31 22:00:00+00:00,7.074858892875968,314.8,22.56,0.09281329575096342
2022-07-31 23:00:00+00:00,7.033160313939566,316.7,22.44,0.0899930408908644
2022-08-01 00:00:00+00:00,7.033160313939566,315.6,22.32,0.0899930408908644
2022-08-01 01:00:00+00:00,8.172921471534517,315.3,22.76,0.1898803958356906
2022-08-01 02:00:00+00:00,10.410745207788016,320.9,24.0,0.5582877739049913
2022-08-01 03:00:00+00:00,10.744333839279221,325.7,25.67,0.6371250342019659
2022-08-01 04:00:00+00:00,10.424644734100148,330.9,27.01,0.5614350279054442
2022-08-01 05:00:00+00:00,9.99375941842401,337.4,27.57,0.4692502772391187
2022-08-01 06:00:00+00:00,9.201486418632399,345.6,27.24,0.3271597460844485
2022-08-01 07:00:00+00:00,8.673304418771325,346.7,26.69,0.2504844294338873
2022-08-01 08:00:00+00:00,8.576007734586389,340.2,26.56,0.23781682362562842
2022-08-01 09:00:00+00:00,8.478711050401454,332.7,26.51,0.2255836711866327
2022-08-01 10:00:00+00:00,7.95052905054038,326.8,26.32,0.16642835163124553
2022-08-01 11:00:00+00:00,6.5049783140784925,321.7,25.84,0.05906476460038596
2022-08-01 12:00:00+00:00,5.226221893362208,316.0,24.97,0.01513483950649421
2022-08-01 13:00:00+00:00,5.337418103859276,310.2,24.15,0.01751788544293783
2022-08-01 14:00:00+00:00,6.1713896825872885,307.6,23.88,0.0437543562587356
2022-08-01 15:00:00+00:00,6.977562208691032,305.7,23.63,0.0863223815836885
2022-08-01 16:00:00+00:00,6.810767892945432,304.2,23.28,0.07591191793225965
2022-08-01 17:00:00+00:00,7.283351787557971,303.6,23.0,0.10780122694647802
2022-08-01 18:00:00+00:00,7.71423710323411,307.2,22.77,0.14371653459279213
2022-08-01 19:00:00+00:00,8.131222892598116,312.8,22.56,0.18532547084183992
2022-08-01 20:00:00+00:00,8.673304418771325,319.0,22.37,0.2504844294338873
2022-08-01 21:00:00+00:00,8.784500629268393,325.9,22.22,0.2655034016363845
2022-08-01 22:00:00+00:00,8.311916734655853,332.3,22.1,0.20560148540179465
2022-08-01 23:00:00+00:00,7.881031418979712,338.0,22.03,0.1595171130973227
2022-08-02 00:00:00+00:00,7.658638997985576,341.8,22.0,0.138691436168683
2022-08-02 01:00:00+00:00,7.783734734794778,344.0,22.38,0.15016673554645646
2022-08-02 02:00:00+00:00,9.423878839626536,345.3,23.33,0.3636340099443778
2022-08-02 03:00:00+00:00,9.840864628990541,346.9,24.78,0.4391424909456175
2022-08-02 04:00:00+00:00,9.354381208065869,348.5,26.06,0.3519591557410872
2022-08-02 05:00:00+00:00,8.742802050331992,347.6,27.04,0.25980291045973297
2022-08-02 06:00:00+00:00,8.075624787349582,345.8,27.68,0.17936636239301096
2022-08-02 07:00:00+00:00,7.436246576991439,345.9,28.01,0.11976212779461047
2022-08-02 08:00:00+00:00,6.935863629754633,345.1,27.77,0.08363587392701052
2022-08-02 09:00:00+00:00,6.685672156136229,347.0,27.49,0.06867878079302038
2022-08-02 10:00:00+00:00,6.5049783140784925,352.1,27.18,0.05906476460038596
2022-08-02 11:00:00+00:00,5.740504366911149,357.5,26.36,0.028233451092246224
2022-08-02 12:00:00+00:00,4.545145104067665,1.6,25.17,0.005060346808923484
2022-08-02 13:00:00+00:00,4.21155647257646,4.7,24.01,0.0024395148042953133
2022-08-02 14:00:00+00:00,4.461747946194864,8.6,23.55,0.004284399388135919
2022-08-02 15:00:00+00:00,4.378350788322063,12.8,23.23,0.0035921275442228223
2022-08-02 16:00:00+00:00,4.044762156830858,17.6,22.98,0.0015643170236916096
2022-08-02 17:00:00+00:00,3.6416758937789857,20.6,22.74,0.00036242624901630525
2022-08-02 18:00:00+00:00,3.405383946472716,21.5,22.49,9.138440963821283e-05
2022-08-02 19:00:00+00:00,3.4192834727848487,20.7,22.26,0.00010111037082036194
2022-08-02 20:00:00+00:00,3.210790578102846,19.5,22.0,1.2847719802171193e-05
2022-08-02 21:00:00+00:00,3.0161972097329763,16.0,21.77,5.82898703062398e-09
2022-08-02 22:00:00+00:00,3.196891051790712,10.3,21.64,1.0470089849854629e-05
2022-08-02 23:00:00+00:00,3.2802882096635133,6.1,21.57,3.0205564761644622e-05
2022-08-03 00:00:00+00:00,3.2802882096635133,2.9,21.59,3.0205564761644622e-05
2022-08-03 01:00:00+00:00,4.3366522093856625,358.9,22.3,0.0032758781055688304
2022-08-03 02:00:00+00:00,5.198422840737941,0.0,23.43,0.014574919150395974
2022-08-03 03:00:00+00:00,6.101892051026621,4.2,24.56,0.04094044050828759
2022-08-03 04:00:00+00:00,6.226987787835823,7.2,25.4,0.04609612698116098
2022-08-03 05:00:00+00:00,6.087992524714487,8.4,26.0,0.04039254269587205
2022-08-03 06:00:00+00:00,6.115791577338754,9.8,26.5,0.04149327063112731
2022-08-03 07:00:00+00:00,6.129691103650888,8.2,26.86,0.04205105516599162
2022-08-03 08:00:00+00:00,5.9767963142174185,2.7,26.78,0.036184271179773554
2022-08-03 09:00:00+00:00,5.643207682726214,359.2,26.43,0.025331816625898403
2022-08-03 10:00:00+00:00,4.948231367119537,0.6,25.94,0.010143645561108344
2022-08-03 11:00:00+00:00,3.9335659463337898,7.3,25.35,0.0011161112261483472
2022-08-03 12:00:00+00:00,2.6826085782417715,17.8,24.59,0.0
2022-08-03 13:00:00+00:00,1.959833210010828,28.9,23.78,0.0
2022-08-03 14:00:00+00:00,1.6123450522074896,33.4,23.46,0.0
2022-08-03 15:00:00+00:00,0.9451677892250803,39.1,23.29,0.0
2022-08-03 16:00:00+00:00,0.26409099993053714,96.0,23.01,0.0
2022-08-03 17:00:00+00:00,0.7366748945430772,195.4,22.6,0.0
2022-08-03 18:00:00+00:00,1.2926559470284185,213.2,22.29,0.0
2022-08-03 19:00:00+00:00,1.7930388942652258,219.6,22.14,0.0
2022-08-03 20:00:00+00:00,2.2378237362534987,224.5,22.02,0.0
2022-08-03 21:00:00+00:00,2.349019946750567,228.4,21.94,0.0
2022-08-03 22:00:00+00:00,1.7513403153288252,226.9,21.9,0.0
2022-08-03 23:00:00+00:00,0.9729668418493472,230.8,22.04,0.0
2022-08-04 00:00:00+00:00,0.5698805787974748,279.9,22.08,0.0
2022-08-04 01:00:00+00:00,1.070263526034282,293.9,22.61,0.0
2022-08-04 02:00:00+00:00,1.9181346310744274,302.3,23.51,0.0
2022-08-04 03:00:00+00:00,2.7938047887388398,307.1,24.84,0.0
2022-08-04 04:00:00+00:00,3.141292946542178,302.0,26.21,3.869313493322774e-06
2022-08-04 05:00:00+00:00,3.5582787359061845,295.0,27.51,0.00023868533204526545
2022-08-04 06:00:00+00:00,3.780671156900321,291.8,28.54,0.0006526447872887494
2022-08-04 07:00:00+00:00,3.6416758937789857,289.9,29.15,0.00036242624901630525
2022-08-04 08:00:00+00:00,3.711173525339653,293.2,29.45,0.0004934000786581087
2022-08-04 09:00:00+00:00,3.711173525339653,291.8,29.53,0.0004934000786581087
2022-08-04 10:00:00+00:00,3.8362692621488548,283.2,28.94,0.0008022521214967887
2022-08-04 11:00:00+00:00,4.322752683073529,272.0,27.82,0.003174741909170927
2022-08-04 12:00:00+00:00,4.6702408408768665,264.5,26.37,0.006391602652921991
2022-08-04 13:00:00+00:00,5.0594275776166056,260.0,24.91,0.011981523497830396
2022-08-04 14:00:00+00:00,6.574475945639161,257.4,24.13,0.0626483458072678
2022-08-04 15:00:00+00:00,7.255552734933704,255.5,23.59,0.10571592196770735
2022-08-04 16:00:00+00:00,7.380648471742905,255.6,23.19,0.11531549951956305
2022-08-04 17:00:00+00:00,7.033160313939566,256.6,22.85,0.0899930408908644
2022-08-04 18:00:00+00:00,6.546676893014894,255.0,22.57,0.06119801674120681
2022-08-04 19:00:00+00:00,6.3659830509571576,254.5,22.39,0.05231283374920702
2022-08-04 20:00:00+00:00,6.240887314147956,254.8,22.28,0.04669434246983532
2022-08-04 21:00:00+00:00,6.101892051026621,255.7,22.21,0.04094044050828759
2022-08-04 22:00:00+00:00,5.837801051096084,255.4,22.18,0.031348611330500535
2022-08-04 23:00:00+00:00,5.490312893292746,254.0,22.14,0.02118528071395504
2022-08-05 00:00:00+00:00,4.920432314495271,252.7,22.08,0.009715596884865342
2022-08-05 01:00:00+00:00,5.087226630240873,254.3,22.44,0.01247329785396345
2022-08-05 02:00:00+00:00,5.462513840668478,266.6,23.17,0.020483704976115853
2022-08-05 03:00:00+00:00,6.129691103650888,280.6,24.14,0.04205105516599162
2022-08-05 04:00:00+00:00,6.588375471951294,280.7,25.12,0.06338202493675352
2022-08-05 05:00:00+00:00,6.991461735003167,272.9,25.92,0.08723050408960982
2022-08-05 06:00:00+00:00,8.061725261037449,266.4,26.73,0.17789681737899846
2022-08-05 07:00:00+00:00,9.868663681614807,264.0,27.26,0.4445178731773298
2022-08-05 08:00:00+00:00,11.175219154955359,262.6,27.26,0.7494983530052601
2022-08-05 09:00:00+00:00,11.550506365382965,261.6,27.1,0.8575273406079094
2022-08-05 10:00:00+00:00,11.09182199708256,259.7,26.66,0.7267941677864175
2022-08-05 11:00:00+00:00,9.674070313244938,256.9,25.81,0.40779773094495975
2022-08-05 12:00:00+00:00,7.589141366424909,252.0,24.65,0.1325765703940351
2022-08-05 13:00:00+00:00,6.602274998263428,243.9,23.57,0.06412140993267662
2022-08-05 14:00:00+00:00,7.005361261315301,237.5,23.11,0.0881449734083793
2022-08-05 15:00:00+00:00,7.24165320862157,232.1,22.79,0.10468343064400529
2022-08-05 16:00:00+00:00,7.728136629546244,229.1,22.54,0.14499149418498797
2022-08-05 17:00:00+00:00,8.284117682031585,229.4,22.28,0.2023904030207143
2022-08-05 18:00:00+00:00,8.353615313592252,229.8,22.08,0.21048151271404547
2022-08-05 19:00:00+00:00,8.38141436621652,230.8,21.93,0.21377739126797088
2022-08-05 20:00:00+00:00,8.214620050470918,232.5,21.82,0.1945093498694628
2022-08-05 21:00:00+00:00,8.089524313661716,232.3,21.77,0.18084397814470093
2022-08-05 22:00:00+00:00,8.937395418701861,234.3,21.78,0.28711798059856425
2022-08-05 23:00:00+00:00,9.56287410274787,240.9,21.75,0.38775257551955605
2022-08-06 00:00:00+00:00,9.56287410274787,249.1,21.68,0.38775257551955605
2022-08-06 01:00:00+00:00,10.063257049984678,254.9,22.1,0.48337869685840185
2022-08-06 02:00:00+00:00,11.189118681267495,255.8,23.08,0.7533277528300304
2022-08-06 03:00:00+00:00,13.009956628156985,258.1,24.52,1.0
2022-08-06 04:00:00+00:00,14.052421101567,260.9,25.85,1.0
2022-08-06 05:00:00+00:00,14.20531589100047,262.9,26.69,1.0
2022-08-06 06:00:00+00:00,14.233114943624738,263.4,27.22,1.0
2022-08-06 07:00:00+00:00,14.12191873312767,263.3,27.36,1.0
2022-08-06 08:00:00+00:00,13.927325364757799,262.7,27.07,1.0
2022-08-06 09:00:00+00:00,13.691033417451528,261.8,26.5,1.0
2022-08-06 10:00:00+00:00,12.773664680850715,260.5,25.77,1.0
2022-08-06 11:00:00+00:00,11.022324365521891,257.5,24.91,0.7082280526217598
2022-08-06 12:00:00+00:00,9.548974576435736,253.3,23.98,0.38529412339831454
2022-08-06 13:00:00+00:00,9.354381208065869,251.2,23.22,0.3519591557410872
2022-08-06 14:00:00+00:00,9.618472207996405,249.5,22.85,0.39769096110970387
2022-08-06 15:00:00+00:00,9.729668418493473,249.4,22.59,0.41807429952774805
2022-08-06 16:00:00+00:00,9.479476944875069,249.3,22.44,0.37315762336986
2022-08-06 17:00:00+00:00,9.298783102817334,249.7,22.34,0.34280127851647507
2022-08-06 18:00:00+00:00,8.715002997707725,249.7,22.15,0.2560482779171104
2022-08-06 19:00:00+00:00,7.908830471603981,248.2,21.98,0.16225816985387245
2022-08-06 20:00:00+00:00,7.71423710323411,248.3,21.89,0.14371653459279213
2022-08-06 21:00:00+00:00,7.728136629546244,250.0,21.85,0.14499149418498797
2022-08-06 22:00:00+00:00,7.7420361558583775,251.0,21.83,0.14627397197485198
2022-08-06 23:00:00+00:00,7.4779451559278405,252.0,21.8,0.12317108931792753
2022-08-07 00:00:00+00:00,6.991461735003167,254.6,21.79,0.08723050408960982
2022-08-07 01:00:00+00:00,7.311150840182238,257.6,22.24,0.10991377571107316
2022-08-07 02:00:00+00:00,8.61770631352279,260.5,23.15,0.24319215713969958
2022-08-07 03:00:00+00:00,11.369812523325228,264.4,24.19,0.8043029516852904
2022-08-07 04:00:00+00:00,12.773664680850715,266.3,25.1,1.0
2022-08-07 05:00:00+00:00,13.260148101775389,266.6,25.94,1.0
2022-08-07 06:00:00+00:00,13.30184668071179,265.8,26.51,1.0
2022-08-07 07:00:00+00:00,13.468640996457392,265.0,26.84,1.0
2022-08-07 08:00:00+00:00,13.482540522769526,265.3,26.79,1.0
2022-08-07 09:00:00+00:00,13.468640996457392,265.8,26.59,1.0
2022-08-07 10:00:00+00:00,12.592970838792981,265.8,26.04,1.0
2022-08-07 11:00:00+00:00,11.286415365452427,264.3,25.19,0.7804993911855677
2022-08-07 12:00:00+00:00,10.077156576296812,262.4,24.28,0.486237986175451
2022-08-07 13:00:00+00:00,9.382180260690134,261.7,23.43,0.3565986304564642
2022-08-07 14:00:00+00:00,8.589907260898523,261.3,22.97,0.2395997055995605
2022-08-07 15:00:00+00:00,8.325816260967986,260.9,22.69,0.2072196852388606
2022-08-07 16:00:00+00:00,8.687203945083457,259.5,22.43,0.25232999501966724
2022-08-07 17:00:00+00:00,8.687203945083457,257.0,22.17,0.25232999501966724
2022-08-07 18:00:00+00:00,8.812299681892659,255.3,21.96,0.2693496818479683
2022-08-07 19:00:00+00:00,9.632371734308537,256.3,21.79,0.4002018122915378
2022-08-07 20:00:00+00:00,9.701869365869205,257.5,21.65,0.4129147019865108
2022-08-07 21:00:00+00:00,9.145888313383864,257.1,21.58,0.3184391550678458
2022-08-07 22:00:00+00:00,8.46481152408932,257.1,21.59,0.22387110153021858
2022-08-07 23:00:00+00:00,8.061725261037449,257.7,21.62,0.17789681737899846
2022-08-08 00:00:00+00:00,8.742802050331992,257.1,21.71,0.25980291045973297
2022-08-08 01:00:00+00:00,9.979859892111875,256.1,22.18,0.4664580439972515
2022-08-08 02:00:00+00:00,11.036223891834025,254.6,23.02,0.7119156746943756
2022-08-08 03:00:00+00:00,12.245482680989642,254.5,23.94,1.0
2022-08-08 04:00:00+00:00,13.385243838584593,256.6,24.72,1.0
2022-08-08 05:00:00+00:00,14.274813522561137,258.8,25.22,1.0
2022-08-08 06:00:00+00:00,14.900292206607148,259.5,25.49,1.0
2022-08-08 07:00:00+00:00,14.969789838167813,259.8,25.59,1.0
2022-08-08 08:00:00+00:00,14.733497890861544,259.8,25.44,1.0
2022-08-08 09:00:00+00:00,14.052421101567,257.7,25.07,1.0
2022-08-08 10:00:00+00:00,13.246248575463255,254.1,24.6,1.0
2022-08-08 11:00:00+00:00,12.63466941772938,250.1,24.03,1.0
2022-08-08 12:00:00+00:00,12.328879838862441,247.0,23.29,1.0
2022-08-08 13:00:00+00:00,12.287181259926042,245.4,22.58,1.0
2022-08-08 14:00:00+00:00,12.592970838792981,244.8,22.15,1.0
2022-08-08 15:00:00+00:00,12.857061838723517,245.2,21.88,1.0
2022-08-08 16:00:00+00:00,12.787564207162848,245.5,21.72,1.0
2022-08-08 17:00:00+00:00,12.328879838862441,244.9,21.64,1.0
2022-08-08 18:00:00+00:00,12.078688365244039,245.5,21.65,1.0
2022-08-08 19:00:00+00:00,12.231583154677509,248.7,21.76,1.0
2022-08-08 20:00:00+00:00,12.203784102053241,250.6,21.91,1.0
2022-08-08 21:00:00+00:00,12.384477944110978,249.5,22.02,1.0
2022-08-08 22:00:00+00:00,12.745865628226449,248.8,22.05,1.0
2022-08-08 23:00:00+00:00,12.620769891417247,248.1,21.95,1.0
2022-08-09 00:00:00+00:00,12.16208552311684,245.8,21.87,1.0
2022-08-09 01:00:00+00:00,12.39837747042311,243.1,22.31,1.0
2022-08-09 02:00:00+00:00,13.718832470075796,243.2,23.58,1.0
2022-08-09 03:00:00+00:00,15.525770890653156,246.6,25.08,1.0
2022-08-09 04:00:00+00:00,16.4570391535661,250.4,26.31,1.0
2022-08-09 05:00:00+00:00,16.915723521866507,253.5,27.23,1.0
2022-08-09 06:00:00+00:00,17.36050836385478,254.1,27.65,1.0
2022-08-09 07:00:00+00:00,17.638498890097452,253.2,27.43,1.0
2022-08-09 08:00:00+00:00,17.569001258536787,251.9,26.67,1.0
2022-08-09 09:00:00+00:00,17.43000599541545,251.0,25.83,1.0
2022-08-09 10:00:00+00:00,16.776728258745173,250.7,24.89,1.0
2022-08-09 11:00:00+00:00,15.42847420646822,250.0,23.96,1.0
2022-08-09 12:00:00+00:00,13.871727259509266,248.4,22.98,1.0
2022-08-09 13:00:00+00:00,12.662468470353646,245.8,22.06,1.0
2022-08-09 14:00:00+00:00,12.217683628365373,243.6,21.68,1.0
2022-08-09 15:00:00+00:00,11.814597365313503,242.5,21.55,0.9394634957657623
2022-08-09 16:00:00+00:00,11.550506365382965,242.0,21.52,0.8575273406079094
2022-08-09 17:00:00+00:00,11.870195470562035,242.4,21.45,0.9573528684092296
2022-08-09 18:00:00+00:00,12.16208552311684,242.6,21.34,1.0
2022-08-09 19:00:00+00:00,11.911894049498438,243.3,21.25,0.9709179175193221
2022-08-09 20:00:00+00:00,11.620003996943632,243.6,21.12,0.8786074334319732
2022-08-09 21:00:00+00:00,11.7312002074407,242.3,20.99,0.9130494768139108
2022-08-09 22:00:00+00:00,11.842396417937769,242.3,20.83,0.9483800615447372
2022-08-09 23:00:00+00:00,11.99529120737124,242.8,20.72,0.9984312235260098
2022-08-10 00:00:00+00:00,12.148185996804708,242.7,20.69,1.0
2022-08-10 01:00:00+00:00,12.857061838723517,242.8,21.31,1.0
2022-08-10 02:00:00+00:00,14.413808785682471,244.3,22.67,1.0
2022-08-10 03:00:00+00:00,16.345842943069034,248.8,24.29,1.0
2022-08-10 04:00:00+00:00,17.138115942860644,252.2,25.61,1.0
2022-08-10 05:00:00+00:00,17.777494153218786,253.7,26.65,1.0
2022-08-10 06:00:00+00:00,18.30567615307986,254.1,27.46,1.0
2022-08-10 07:00:00+00:00,18.917255310813736,254.0,27.9,1.0
2022-08-10 08:00:00+00:00,19.028451521310807,253.1,27.94,1.0
2022-08-10 09:00:00+00:00,18.6114657319468,251.6,27.54,1.0
2022-08-10 10:00:00+00:00,17.59680031116105,249.9,26.74,1.0
2022-08-10 11:00:00+00:00,16.012254311577827,247.1,25.7,1.0
2022-08-10 12:00:00+00:00,13.621535785890863,241.7,24.19,1.0
2022-08-10 13:00:00+00:00,11.786798312689236,234.8,22.6,0.930602994259501
2022-08-10 14:00:00+00:00,11.647803049567901,230.7,21.84,0.8871352623708103
2022-08-10 15:00:00+00:00,11.355912997013096,228.6,21.52,0.8003025484855892
2022-08-10 16:00:00+00:00,11.578305418007233,228.7,21.49,0.865918434613018
2022-08-10 17:00:00+00:00,12.106487417868308,231.3,21.6,1.0
2022-08-10 18:00:00+00:00,12.426176523047378,236.5,21.78,1.0
2022-08-10 19:00:00+00:00,12.509573680920179,242.3,21.88,1.0
2022-08-10 20:00:00+00:00,12.551272259856578,245.4,21.88,1.0
2022-08-10 21:00:00+00:00,12.606870365105115,245.7,21.78,1.0
2022-08-10 22:00:00+00:00,12.579071312480847,245.7,21.63,1.0
2022-08-10 23:00:00+00:00,12.301080786238176,246.4,21.51,1.0
2022-08-11 00:00:00+00:00,11.828496891625635,246.9,21.4,0.9439147595703598
2022-08-11 01:00:00+00:00,11.897994523186304,247.2,21.95,0.9663820931720439
2022-08-11 02:00:00+00:00,13.21844952283899,249.8,23.38,1.0
2022-08-11 03:00:00+00:00,15.108785101289149,252.7,25.15,1.0
2022-08-11 04:00:00+00:00,16.1651491010113,253.2,26.58,1.0
2022-08-11 05:00:00+00:00,16.818426837681574,253.6,27.58,1.0
2022-08-11 06:00:00+00:00,17.19371404810918,255.0,28.26,1.0
2022-08-11 07:00:00+00:00,17.555101732224653,256.4,28.64,1.0
2022-08-11 08:00:00+00:00,17.86089131109159,257.2,28.74,1.0
2022-08-11 09:00:00+00:00,17.86089131109159,256.4,28.29,1.0
2022-08-11 10:00:00+00:00,17.291010732294115,254.2,27.47,1.0
2022-08-11 11:00:00+00:00,16.109550995762763,251.6,26.3,1.0
2022-08-11 12:00:00+00:00,13.871727259509266,249.0,24.65,1.0
2022-08-11 13:00:00+00:00,11.689501628504301,245.6,22.97,0.9000301924003719
2022-08-11 14:00:00+00:00,11.008424839209757,243.3,22.18,0.7045531868261016
2022-08-11 15:00:00+00:00,10.327348049915214,242.3,21.85,0.5396509362836118
2022-08-11 16:00:00+00:00,9.924261786863342,242.6,21.68,0.4553998765830705
2022-08-11 17:00:00+00:00,9.701869365869205,242.9,21.53,0.4129147019865108
2022-08-11 18:00:00+00:00,9.632371734308537,241.7,21.41,0.4002018122915378
2022-08-11 19:00:00+00:00,9.938161313175476,243.1,21.3,0.45814784780682366
2022-08-11 20:00:00+00:00,10.118855155233211,246.0,21.22,0.4948834627417891
2022-08-11 21:00:00+00:00,10.091056102608944,248.0,21.15,0.4891085288606312
2022-08-11 22:00:00+00:00,10.216151839418146,248.6,21.1,0.5154534613572445
2022-08-11 23:00:00+00:00,10.438544260412282,248.9,21.1,0.5645940878140387
2022-08-12 00:00:00+00:00,10.021558471048277,248.4,21.09,0.47486812810004086
2022-08-12 01:00:00+00:00,10.50804189197295,248.5,21.79,0.5805672495351399
2022-08-12 02:00:00+00:00,12.481774628295913,251.6,23.3,1.0
2022-08-12 03:00:00+00:00,14.358210680433938,254.7,25.16,1.0
2022-08-12 04:00:00+00:00,15.164383206537684,255.3,26.66,1.0
2022-08-12 05:00:00+00:00,15.636967101150224,254.3,27.73,1.0
2022-08-12 06:00:00+00:00,15.956656206329296,253.2,28.42,1.0
2022-08-12 07:00:00+00:00,16.248546258884097,253.4,28.74,1.0
2022-08-12 08:00:00+00:00,16.415340574629703,254.6,28.71,1.0
2022-08-12 09:00:00+00:00,16.248546258884097,255.9,28.25,1.0
2022-08-12 10:00:00+00:00,15.595268522213823,255.3,27.48,1.0
2022-08-12 11:00:00+00:00,14.358210680433938,252.5,26.26,1.0
2022-08-12 12:00:00+00:00,11.842396417937769,248.6,24.57,0.9483800615447372
2022-08-12 13:00:00+00:00,9.437778365938668,244.9,22.98,0.3659995361573762
2022-08-12 14:00:00+00:00,9.076390681823197,243.8,22.2,0.30775813315548584
2022-08-12 15:00:00+00:00,8.784500629268393,244.4,21.77,0.2655034016363845
2022-08-12 16:00:00+00:00,8.520409629337856,246.5,21.51,0.23077373866680695
2022-08-12 17:00:00+00:00,8.437012471465055,248.0,21.34,0.2204720088632546
2022-08-12 18:00:00+00:00,8.742802050331992,249.1,21.2,0.25980291045973297
2022-08-12 19:00:00+00:00,9.159787839695998,250.5,21.12,0.3206045887266357
2022-08-12 20:00:00+00:00,9.382180260690134,252.2,21.0,0.3565986304564642
2022-08-12 21:00:00+00:00,9.3265821554416,253.8,20.85,0.34736009736535806
2022-08-12 22:00:00+00:00,8.534309155649987,253.6,20.66,0.23252128766917687
2022-08-12 23:00:00+00:00,7.755935682170511,251.6,20.51,0.14756399006398443
2022-08-13 00:00:00+00:00,7.2138541559973035,250.2,20.41,0.10263865981996585
2022-08-13 01:00:00+00:00,8.131222892598116,251.3,21.21,0.18532547084183992
2022-08-13 02:00:00+00:00,10.049357523672544,256.0,22.89,0.480530638807884
2022-08-13 03:00:00+00:00,11.355912997013096,260.3,24.76,0.8003025484855892
2022-08-13 04:00:00+00:00,11.953592628434837,262.2,26.45,0.9846105036438446
2022-08-13 05:00:00+00:00,12.606870365105115,261.2,27.69,1.0
2022-08-13 06:00:00+00:00,13.274047628087525,259.7,28.71,1.0
2022-08-13 07:00:00+00:00,13.899526312133531,259.3,28.86,1.0
2022-08-13 08:00:00+00:00,14.48330641724314,259.1,28.49,1.0
2022-08-13 09:00:00+00:00,14.538904522491675,259.4,27.77,1.0
2022-08-13 10:00:00+00:00,13.955124417382065,259.6,26.87,1.0
2022-08-13 11:00:00+00:00,12.968258049220585,259.0,25.64,1.0
2022-08-13 12:00:00+00:00,11.230817260203894,257.2,23.96,0.7648941696877112
2022-08-13 13:00:00+00:00,8.909596366077594,251.8,22.27,0.2831039497812021
2022-08-13 14:00:00+00:00,7.811533787419045,245.7,21.41,0.1527999074452072
2022-08-13 15:00:00+00:00,7.366748945430772,242.4,21.02,0.1142213118489491
2022-08-13 16:00:00+00:00,7.408447524367173,240.8,20.92,0.11752479393536774
2022-08-13 17:00:00+00:00,7.783734734794778,240.8,20.93,0.15016673554645646
2022-08-13 18:00:00+00:00,8.284117682031585,241.7,20.99,0.2023904030207143
2022-08-13 19:00:00+00:00,8.520409629337856,242.9,20.97,0.23077373866680695
2022-08-13 20:00:00+00:00,8.42311294515292,243.6,20.88,0.21878544164950336
2022-08-13 21:00:00+00:00,8.020026682101047,243.1,20.78,0.17353638574702254
2022-08-13 22:00:00+00:00,7.686438050609843,242.1,20.67,0.14118908159500354
2022-08-13 23:00:00+00:00,7.4779451559278405,243.1,20.59,0.12317108931792753
2022-08-14 00:00:00+00:00,7.158256050748769,245.1,20.52,0.0986293466205349
2022-08-14 01:00:00+00:00,7.408447524367173,248.5,20.91,0.11752479393536774
2022-08-14 02:00:00+00:00,9.368280734378,258.4,21.74,0.3542738300055194
2022-08-14 03:00:00+00:00,10.132754681545345,266.1,22.8,0.4977878981409672
2022-08-14 04:00:00+00:00,10.605338576157886,271.9,23.88,0.6034317125347118
2022-08-14 05:00:00+00:00,10.841630523464154,275.5,24.87,0.6614417418983279
2022-08-14 06:00:00+00:00,11.022324365521891,275.7,25.74,0.7082280526217598
2022-08-14 07:00:00+00:00,11.397611575949496,273.8,26.27,0.8123437066371938
2022-08-14 08:00:00+00:00,11.578305418007233,272.5,26.37,0.865918434613018
2022-08-14 09:00:00+00:00,11.008424839209757,272.2,26.13,0.7045531868261016
2022-08-14 10:00:00+00:00,10.007658944736143,270.6,25.57,0.4720536312395148
2022-08-14 11:00:00+00:00,8.826199208204793,265.6,24.73,0.2712866740867063
2022-08-14 12:00:00+00:00,7.144356524436635,258.9,23.62,0.0976436036548099
2022-08-14 13:00:00+00:00,6.268686366772223,251.5,22.49,0.047906255528068174
2022-08-14 14:00:00+00:00,6.643973577199828,247.1,21.96,0.06637402113507371
2022-08-14 15:00:00+00:00,6.477179261454226,245.8,21.64,0.057670499626681526
2022-08-14 16:00:00+00:00,6.33818399833289,247.7,21.49,0.05102738172015916
2022-08-14 17:00:00+00:00,6.6300740508876945,250.7,21.38,0.06561738593023632
2022-08-14 18:00:00+00:00,6.935863629754633,252.3,21.23,0.08363587392701052
2022-08-14 19:00:00+00:00,7.005361261315301,252.0,21.08,0.0881449734083793
2022-08-14 20:00:00+00:00,6.908064577130365,252.3,20.97,0.08187619769079278
2022-08-14 21:00:00+00:00,6.53277736670276,251.6,20.86,0.06048132260143082
2022-08-14 22:00:00+00:00,6.074092998402354,250.6,20.76,0.03984955509228037
2022-08-14 23:00:00+00:00,5.671006735350481,249.7,20.69,0.026139508732790348
2022-08-15 00:00:00+00:00,5.810001998471816,250.1,20.71,0.03043633517206254
2022-08-15 01:00:00+00:00,6.908064577130365,252.0,21.4,0.08187619769079278
2022-08-15 02:00:00+00:00,8.742802050331992,260.5,22.58,0.25980291045973297
2022-08-15 03:00:00+00:00,10.077156576296812,265.7,23.93,0.486237986175451
2022-08-15 04:00:00+00:00,10.647037155094285,267.2,25.29,0.6134117245081382
2022-08-15 05:00:00+00:00,11.022324365521891,267.9,26.57,0.7082280526217598
2022-08-15 06:00:00+00:00,11.300314891764563,267.8,27.5,0.7844335818244422
2022-08-15 07:00:00+00:00,11.592204944319366,267.1,27.83,0.8701344310762303
2022-08-15 08:00:00+00:00,11.786798312689236,266.6,27.56,0.930602994259501
2022-08-15 09:00:00+00:00,11.703401154816435,266.5,26.9,0.9043561072489761
2022-08-15 10:00:00+00:00,11.147420102331091,266.3,26.12,0.7418785294378043
2022-08-15 11:00:00+00:00,10.063257049984678,265.3,25.29,0.48337869685840185
2022-08-15 12:00:00+00:00,7.9366295242282465,262.6,24.23,0.16503044868431418
2022-08-15 13:00:00+00:00,5.532011472229145,256.8,22.85,0.02226739837477213
2022-08-15 14:00:00+00:00,5.226221893362208,250.4,22.21,0.01513483950649421
2022-08-15 15:00:00+00:00,5.5181119459170125,245.1,21.81,0.02190269581182482
2022-08-15 16:00:00+00:00,5.935097735281017,244.2,21.53,0.03468487818959025
2022-08-15 17:00:00+00:00,6.199188735211555,246.2,21.32,0.04491506757669464
2022-08-15 18:00:00+00:00,6.477179261454226,249.0,21.17,0.057670499626681526
2022-08-15 19:00:00+00:00,6.4354806825178255,250.4,21.02,0.0556205148143814
2022-08-15 20:00:00+00:00,6.115791577338754,251.0,20.9,0.04149327063112731
2022-08-15 21:00:00+00:00,5.948997261593152,248.9,20.83,0.03517997929296452
2022-08-15 22:00:00+00:00,6.01849489315382,245.2,20.77,0.03772626473414412
2022-08-15 23:00:00+00:00,6.185289208899422,241.4,20.72,0.04433217945770191
2022-08-16 00:00:00+00:00,6.4354806825178255,238.1,20.75,0.0556205148143814
2022-08-16 01:00:00+00:00,7.450146103303574,233.6,21.45,0.1208913647695221
2022-08-16 02:00:00+00:00,8.840098734516927,236.9,22.87,0.27323293054954223
2022-08-16 03:00:00+00:00,9.743567944805605,245.0,24.78,0.42067013848974955
2022-08-16 04:00:00+00:00,10.146654207857479,253.5,26.56,0.5007036753146784
2022-08-16 05:00:00+00:00,10.355147102539481,259.6,27.91,0.5458163749525805
2022-08-16 06:00:00+00:00,10.480242839348684,263.3,28.79,0.5741423240046725
2022-08-16 07:00:00+00:00,10.591439049845752,266.0,29.22,0.6001292578035953
2022-08-16 08:00:00+00:00,10.716534786654954,268.1,29.21,0.6302885631601292
2022-08-16 09:00:00+00:00,10.855530049776288,269.9,28.87,0.6649652562953288
2022-08-16 10:00:00+00:00,10.70263526034282,271.1,28.24,0.6268887437526347
2022-08-16 11:00:00+00:00,10.049357523672544,272.6,27.13,0.480530638807884
2022-08-16 12:00:00+00:00,8.117323366285982,273.2,25.63,0.18382351026751492
2022-08-16 13:00:00+00:00,5.490312893292746,271.2,23.83,0.02118528071395504
2022-08-16 14:00:00+00:00,4.795336577686069,266.5,22.92,0.00793798198934463
2022-08-16 15:00:00+00:00,4.4756474725069975,260.9,22.31,0.004407784228315372
2022-08-16 16:00:00+00:00,4.420049367258463,255.3,21.89,0.0039281023906751365
2022-08-16 17:00:00+00:00,4.4756474725069975,250.4,21.59,0.004407784228315372
2022-08-16 18:00:00+00:00,4.684140367189,247.1,21.44,0.006552504508844232
2022-08-16 19:00:00+00:00,4.892633261871003,245.7,21.38,0.009299762906191316
2022-08-16 20:00:00+00:00,5.11502568286514,246.3,21.34,0.012978347784483516
2022-08-16 21:00:00+00:00,5.337418103859276,248.4,21.29,0.01751788544293783
2022-08-16 22:00:00+00:00,5.54591099854128,249.5,21.19,0.02263612708252825
2022-08-16 23:00:00+00:00,5.54591099854128,247.9,21.07,0.02263612708252825
2022-08-17 00:00:00+00:00,5.420815261732077,244.0,21.01,0.019460653391407894
2022-08-17 01:00:00+00:00,6.588375471951294,243.3,21.66,0.06338202493675352
2022-08-17 02:00:00+00:00,8.10342383997385,252.7,22.98,0.18232968673566893
2022-08-17 03:00:00+00:00,9.340481681753733,261.6,24.51,0.3496545855615667
2022-08-17 04:00:00+00:00,10.007658944736143,266.7,26.18,0.4720536312395148
2022-08-17 05:00:00+00:00,10.31344852360308,269.8,27.8,0.5365857047953354
2022-08-17 06:00:00+00:00,10.202252313106012,270.6,29.01,0.5124806437868618
2022-08-17 07:00:00+00:00,10.03545799736041,270.5,29.48,0.4776937899222973
2022-08-17 08:00:00+00:00,10.03545799736041,270.7,29.49,0.4776937899222973
2022-08-17 09:00:00+00:00,10.243950892042413,272.0,28.95,0.5214335417520164
2022-08-17 10:00:00+00:00,10.243950892042413,273.6,28.05,0.5214335417520164
2022-08-17 11:00:00+00:00,9.79916605005414,274.9,26.87,0.43116094465098703
2022-08-17 12:00:00+00:00,8.145122418910251,274.4,25.48,0.18683559056024407
2022-08-17 13:00:00+00:00,5.948997261593152,271.3,23.8,0.03517997929296452
2022-08-17 14:00:00+00:00,6.004595366841686,267.5,23.0,0.03720749665066583
2022-08-17 15:00:00+00:00,6.199188735211555,266.4,22.44,0.04491506757669464
2022-08-17 16:00:00+00:00,6.282585893084356,265.4,22.06,0.04851999730082746
2022-08-17 17:00:00+00:00,6.282585893084356,264.2,21.81,0.04851999730082746
2022-08-17 18:00:00+00:00,6.546676893014894,265.1,21.62,0.06119801674120681
2022-08-17 19:00:00+00:00,6.254786840460089,262.9,21.39,0.047297711284937566
2022-08-17 20:00:00+00:00,5.879499630032485,259.1,21.19,0.032750923672286346
2022-08-17 21:00:00+00:00,5.5876095774776795,256.5,21.03,0.02376669109065298
2022-08-17 22:00:00+00:00,5.573710051165546,256.0,20.91,0.023385751338868273
2022-08-17 23:00:00+00:00,6.213088261523689,258.4,20.84,0.045503042717314215
2022-08-18 00:00:00+00:00,6.310384945708623,261.0,20.76,0.04976316184163368
2022-08-18 01:00:00+00:00,7.450146103303574,264.3,21.51,0.1208913647695221
2022-08-18 02:00:00+00:00,9.576773629060003,272.9,23.13,0.3902214632497155
2022-08-18 03:00:00+00:00,10.730434312967086,279.2,25.08,0.6337006526093724
2022-08-18 04:00:00+00:00,10.994525312897624,281.0,26.83,0.7008910552058
2022-08-18 05:00:00+00:00,11.022324365521891,280.1,28.21,0.7082280526217598
2022-08-18 06:00:00+00:00,11.09182199708256,279.2,29.1,0.7267941677864175
2022-08-18 07:00:00+00:00,11.314214418076697,279.0,29.47,0.7883809707722809
2022-08-18 08:00:00+00:00,11.647803049567901,278.9,29.39,0.8871352623708103
2022-08-18 09:00:00+00:00,11.772898786377104,278.4,28.93,0.9261937123546383
2022-08-18 10:00:00+00:00,11.49490826013443,278.9,28.03,0.8409081294381469
2022-08-18 11:00:00+00:00,10.744333839279221,280.2,26.87,0.6371250342019659
2022-08-18 12:00:00+00:00,9.104189734447463,280.4,25.42,0.31200140105051316
2022-08-18 13:00:00+00:00,7.102657945500235,277.9,23.89,0.09472582593394793
2022-08-18 14:00:00+00:00,6.449380208829958,274.2,22.99,0.056298350867514384
2022-08-18 15:00:00+00:00,5.754403893223282,271.0,22.37,0.028665224164179125
2022-08-18 16:00:00+00:00,5.7822029458475495,269.7,22.03,0.029541931720889748
2022-08-18 17:00:00+00:00,6.199188735211555,268.5,21.74,0.04491506757669464
2022-08-18 18:00:00+00:00,6.463279735142093,266.3,21.52,0.05698167177108102
2022-08-18 19:00:00+00:00,6.449380208829958,265.8,21.3,0.056298350867514384
2022-08-18 20:00:00+00:00,7.227753682309437,268.9,21.12,0.10365768396195829
2022-08-18 21:00:00+00:00,7.4779451559278405,270.9,20.9,0.12317108931792753
2022-08-18 22:00:00+00:00,8.172921471534517,272.8,20.7,0.1898803958356906
2022-08-18 23:00:00+00:00,8.756701576644126,273.0,20.45,0.26169391310198736
2022-08-19 00:00:00+00:00,8.437012471465055,272.2,20.21,0.2204720088632546
2022-08-19 01:00:00+00:00,9.13198878707173,272.5,20.75,0.31628349396996225
2022-08-19 02:00:00+00:00,11.175219154955359,277.4,22.43,0.7494983530052601
2022-08-19 03:00:00+00:00,12.231583154677509,280.3,24.47,1.0
2022-08-19 04:00:00+00:00,12.467875101983779,281.1,26.27,1.0
2022-08-19 05:00:00+00:00,12.31498031255031,280.7,27.73,1.0
2022-08-19 06:00:00+00:00,12.03698978630764,279.4,28.77,1.0
2022-08-19 07:00:00+00:00,11.96749215474697,277.5,29.28,0.9892031437182498
2022-08-19 08:00:00+00:00,12.092587891556173,275.9,29.35,1.0
2022-08-19 09:00:00+00:00,12.050889312619772,275.4,28.94,1.0
2022-08-19 10:00:00+00:00,11.661702575880033,274.9,28.15,0.8914197920628892
2022-08-19 11:00:00+00:00,10.78603241821562,274.0,26.94,0.6474721528558436
2022-08-19 12:00:00+00:00,8.965194471326129,272.0,25.4,0.29116977556352974
2022-08-19 13:00:00+00:00,6.852466471881831,267.2,23.7,0.07843123884450616
2022-08-19 14:00:00+00:00,6.796868366633297,262.7,22.79,0.07508429274773128
2022-08-19 15:00:00+00:00,6.963662682378899,262.7,22.17,0.08542058378901518
2022-08-19 16:00:00+00:00,6.949763156066766,264.4,21.74,0.08452508860398927
2022-08-19 17:00:00+00:00,6.949763156066766,264.8,21.49,0.08452508860398927
2022-08-19 18:00:00+00:00,6.880265524506099,265.1,21.28,0.08014137826755904
2022-08-19 19:00:00+00:00,6.463279735142093,264.1,21.13,0.05698167177108102
2022-08-19 20:00:00+00:00,6.352083524645025,263.5,21.06,0.05166744266506765
2022-08-19 21:00:00+00:00,6.3659830509571576,262.0,20.98,0.05231283374920702
2022-08-19 22:00:00+00:00,6.268686366772223,260.4,20.89,0.047906255528068174
2022-08-19 23:00:00+00:00,6.240887314147956,260.1,20.78,0.04669434246983532
2022-08-20 00:00:00+00:00,6.379882577269291,260.2,20.68,0.05296357707417774
2022-08-20 01:00:00+00:00,7.630839945361309,261.1,21.45,0.13622342150102767
2022-08-20 02:00:00+00:00,9.396079787002268,267.4,23.22,0.35893357919552205
2022-08-20 03:00:00+00:00,10.452443786724416,273.5,25.36,0.5677649757323746
2022-08-20 04:00:00+00:00,10.799931944527755,276.6,27.26,0.6509459240378377
2022-08-20 05:00:00+00:00,10.93892720764909,275.8,28.64,0.6863694284461553
2022-08-20 06:00:00+00:00,11.369812523325228,273.2,29.34,0.8043029516852904
2022-08-20 07:00:00+00:00,11.939693102122703,270.6,29.55,0.9800321006536216
2022-08-20 08:00:00+00:00,12.384477944110978,268.8,29.15,1.0
2022-08-20 09:00:00+00:00,12.648568944041514,268.4,28.57,1.0
2022-08-20 10:00:00+00:00,12.523473207232312,268.7,27.67,1.0
2022-08-20 11:00:00+00:00,12.009190733683372,268.9,26.58,1.0
2022-08-20 12:00:00+00:00,10.382946155163749,267.6,25.14,0.5520285952221059
2022-08-20 13:00:00+00:00,8.353615313592252,264.6,23.55,0.21048151271404547
2022-08-20 14:00:00+00:00,7.644739471673443,263.1,22.65,0.1374537360408224
2022-08-20 15:00:00+00:00,7.755935682170511,265.3,22.16,0.14756399006398443
2022-08-20 16:00:00+00:00,7.533543261176375,268.2,21.92,0.12781615965387816
2022-08-20 17:00:00+00:00,7.158256050748769,270.8,21.79,0.0986293466205349
2022-08-20 18:00:00+00:00,6.9219641034425,273.0,21.67,0.08275291765647853
2022-08-20 19:00:00+00:00,6.727370735072629,274.9,21.52,0.07103628564972683
2022-08-20 20:00:00+00:00,6.463279735142093,275.4,21.37,0.05698167177108102
2022-08-20 21:00:00+00:00,6.352083524645025,274.3,21.24,0.05166744266506765
2022-08-20 22:00:00+00:00,6.324284472020757,271.9,21.13,0.05039262881288134
2022-08-20 23:00:00+00:00,6.33818399833289,270.4,21.07,0.05102738172015916
2022-08-21 00:00:00+00:00,6.226987787835823,270.4,21.05,0.04609612698116098
2022-08-21 01:00:00+00:00,6.935863629754633,269.0,21.7,0.08363587392701052
2022-08-21 02:00:00+00:00,8.311916734655853,274.6,23.09,0.20560148540179465
2022-08-21 03:00:00+00:00,9.743567944805605,278.9,24.92,0.42067013848974955
2022-08-21 04:00:00+00:00,10.605338576157886,279.7,26.83,0.6034317125347118
2022-08-21 05:00:00+00:00,11.119621049706826,280.3,28.37,0.7343105266357911
2022-08-21 06:00:00+00:00,11.411511102261631,279.5,29.44,0.8163841025925971
2022-08-21 07:00:00+00:00,11.814597365313503,278.0,30.03,0.9394634957657623
2022-08-21 08:00:00+00:00,12.273281733613908,277.6,29.87,1.0
2022-08-21 09:00:00+00:00,12.509573680920179,277.8,29.29,1.0
2022-08-21 10:00:00+00:00,12.467875101983779,277.9,28.34,1.0
2022-08-21 11:00:00+00:00,11.675602102192167,276.4,26.96,0.8957180947055433
2022-08-21 12:00:00+00:00,9.771366997429874,273.2,25.45,0.42589400730452187
2022-08-21 13:00:00+00:00,8.242419103095184,269.4,24.04,0.1976367411577168
2022-08-21 14:00:00+00:00,7.7420361558583775,266.7,23.18,0.14627397197485198
2022-08-21 15:00:00+00:00,7.630839945361309,267.6,22.65,0.13622342150102767
2022-08-21 16:00:00+00:00,7.894930945291846,269.7,22.29,0.16088374976716124
2022-08-21 17:00:00+00:00,7.589141366424909,269.2,21.97,0.1325765703940351
2022-08-21 18:00:00+00:00,7.172155577060903,266.3,21.64,0.09962170161831257
2022-08-21 19:00:00+00:00,6.741270261384763,263.0,21.4,0.07183394489804402
2022-08-21 20:00:00+00:00,6.3659830509571576,259.8,21.27,0.05231283374920702
2022-08-21 21:00:00+00:00,6.393782103581424,256.5,21.25,0.05361969474158012
2022-08-21 22:00:00+00:00,6.463279735142093,254.1,21.18,0.05698167177108102
2022-08-21 23:00:00+00:00,6.713471208760496,253.8,21.11,0.07024455328385079
2022-08-22 00:00:00+00:00,7.422347050679306,256.2,21.05,0.11863994488375919
2022-08-22 01:00:00+00:00,8.42311294515292,258.2,21.62,0.21878544164950336
2022-08-22 02:00:00+00:00,10.855530049776288,267.6,23.3,0.6649652562953288
2022-08-22 03:00:00+00:00,12.801463733474984,274.4,25.46,1.0
2022-08-22 04:00:00+00:00,13.34354525964819,276.6,27.23,1.0
2022-08-22 05:00:00+00:00,13.663234364827263,276.3,28.59,1.0
2022-08-22 06:00:00+00:00,14.010722522630601,275.0,29.55,1.0
2022-08-22 07:00:00+00:00,14.274813522561137,273.7,30.05,1.0
2022-08-22 08:00:00+00:00,14.358210680433938,272.6,29.93,1.0
2022-08-22 09:00:00+00:00,14.219215417312604,272.1,29.47,1.0
2022-08-22 10:00:00+00:00,13.718832470075796,272.3,28.89,1.0
2022-08-22 11:00:00+00:00,12.579071312480847,271.6,27.7,1.0
2022-08-22 12:00:00+00:00,10.257850418354547,268.6,26.03,0.5244408487796063
2022-08-22 13:00:00+00:00,8.006127155788914,263.6,24.29,0.17209890266771655
2022-08-22 14:00:00+00:00,7.783734734794778,260.8,23.37,0.15016673554645646
2022-08-22 15:00:00+00:00,7.8671318926675795,260.5,22.73,0.15815823774275664
2022-08-22 16:00:00+00:00,7.39454799805504,260.7,22.31,0.11641665284783591
2022-08-22 17:00:00+00:00,6.963662682378899,259.9,22.03,0.08542058378901518
2022-08-22 18:00:00+00:00,6.657873103511962,257.9,21.78,0.06713645061274993
2022-08-22 19:00:00+00:00,6.157490156275155,255.2,21.55,0.04318157587819536
2022-08-22 20:00:00+00:00,5.851700577408217,252.0,21.36,0.031811506928944924
2022-08-22 21:00:00+00:00,5.657107209038348,248.8,21.22,0.025733550149738323
2022-08-22 22:00:00+00:00,5.504212419604879,248.7,21.14,0.0215419972920859
2022-08-22 23:00:00+00:00,5.601509103789814,253.3,21.1,0.024151745393648
2022-08-23 00:00:00+00:00,5.184523314425808,253.5,20.98,0.014300213582746675
2022-08-23 01:00:00+00:00,6.101892051026621,253.3,21.71,0.04094044050828759
2022-08-23 02:00:00+00:00,8.728902524019858,268.5,23.32,0.2579210394319741
2022-08-23 03:00:00+00:00,10.257850418354547,275.4,25.28,0.5244408487796063
2022-08-23 04:00:00+00:00,10.54974047090935,275.2,26.87,0.5902942319679177
2022-08-23 05:00:00+00:00,10.577539523533618,273.4,27.87,0.5968388741998244
2022-08-23 06:00:00+00:00,10.521941418285085,271.1,28.45,0.583797609026189
2022-08-23 07:00:00+00:00,10.424644734100148,269.3,28.83,0.5614350279054442
2022-08-23 08:00:00+00:00,10.494142365660817,268.3,28.91,0.5773488285618349
2022-08-23 09:00:00+00:00,10.674836207718553,268.0,28.63,0.6201258266564909
2022-08-23 10:00:00+00:00,10.994525312897624,268.7,28.12,0.7008910552058
2022-08-23 11:00:00+00:00,10.688735734030686,269.2,27.15,0.6235011722852886
2022-08-23 12:00:00+00:00,8.909596366077594,267.3,25.62,0.2831039497812021
2022-08-23 13:00:00+00:00,6.9219641034425,262.1,24.03,0.08275291765647853
2022-08-23 14:00:00+00:00,6.782968840321163,256.1,23.24,0.07426270495364592
2022-08-23 15:00:00+00:00,6.963662682378899,254.4,22.71,0.08542058378901518
2022-08-23 16:00:00+00:00,6.8941650508182315,255.4,22.3,0.08100569192835308
2022-08-23 17:00:00+00:00,6.393782103581424,255.3,22.07,0.05361969474158012
2022-08-23 18:00:00+00:00,6.463279735142093,257.1,21.91,0.05698167177108102
2022-08-23 19:00:00+00:00,6.282585893084356,258.3,21.72,0.04851999730082746
2022-08-23 20:00:00+00:00,6.546676893014894,261.2,21.61,0.06119801674120681
2022-08-23 21:00:00+00:00,6.588375471951294,262.4,21.52,0.06338202493675352
2022-08-23 22:00:00+00:00,6.01849489315382,259.9,21.39,0.03772626473414412
2022-08-23 23:00:00+00:00,5.087226630240873,254.9,21.23,0.01247329785396345
2022-08-24 00:00:00+00:00,4.850934682934603,252.5,21.09,0.008698527718115565
2022-08-24 01:00:00+00:00,6.240887314147956,257.9,21.7,0.04669434246983532
2022-08-24 02:00:00+00:00,8.131222892598116,270.2,23.02,0.18532547084183992
2022-08-24 03:00:00+00:00,8.840098734516927,276.9,24.53,0.27323293054954223
2022-08-24 04:00:00+00:00,9.00689305026253,280.0,25.71,0.2973186625657411
2022-08-24 05:00:00+00:00,9.076390681823197,282.2,26.82,0.30775813315548584
2022-08-24 06:00:00+00:00,9.187586892320265,284.1,27.83,0.3249648621333367
2022-08-24 07:00:00+00:00,9.437778365938668,285.3,28.58,0.3659995361573762
2022-08-24 08:00:00+00:00,9.71576889218134,286.5,29.04,0.4154891613938684
2022-08-24 09:00:00+00:00,9.854764155302673,287.1,28.88,0.44182473219021057
2022-08-24 10:00:00+00:00,9.674070313244938,286.7,27.98,0.40779773094495975
2022-08-24 11:00:00+00:00,8.826199208204793,284.6,26.62,0.2712866740867063
2022-08-24 12:00:00+00:00,6.977562208691032,281.7,25.03,0.0863223815836885
2022-08-24 13:00:00+00:00,6.101892051026621,277.5,23.68,0.04094044050828759
2022-08-24 14:00:00+00:00,6.1713896825872885,274.1,23.07,0.0437543562587356
2022-08-24 15:00:00+00:00,5.879499630032485,272.8,22.64,0.032750923672286346
2022-08-24 16:00:00+00:00,5.893399156344618,273.8,22.34,0.03322748902038412
2022-08-24 17:00:00+00:00,6.157490156275155,276.1,22.08,0.04318157587819536
2022-08-24 18:00:00+00:00,6.449380208829958,279.3,21.85,0.056298350867514384
2022-08-24 19:00:00+00:00,6.685672156136229,281.8,21.67,0.06867878079302038
2022-08-24 20:00:00+00:00,6.782968840321163,284.0,21.55,0.07426270495364592
2022-08-24 21:00:00+00:00,6.5049783140784925,284.0,21.42,0.05906476460038596
2022-08-24 22:00:00+00:00,5.962896787905286,282.4,21.32,0.03567976958915885
2022-08-24 23:00:00+00:00,5.420815261732077,281.4,21.24,0.019460653391407894
2022-08-25 00:00:00+00:00,4.9343318408074035,282.2,21.16,0.009928083334990526
2022-08-25 01:00:00+00:00,5.726604840599015,286.4,21.72,0.027806035689127713
2022-08-25 02:00:00+00:00,7.422347050679306,297.9,22.98,0.11863994488375919
2022-08-25 03:00:00+00:00,7.9366295242282465,305.1,24.53,0.16503044868431418
2022-08-25 04:00:00+00:00,7.7420361558583775,309.7,25.89,0.14627397197485198
2022-08-25 05:00:00+00:00,7.352849419118638,313.9,26.73,0.11313406773439343
2022-08-25 06:00:00+00:00,6.908064577130365,317.3,27.21,0.08187619769079278
2022-08-25 07:00:00+00:00,6.546676893014894,319.6,27.37,0.06119801674120681
2022-08-25 08:00:00+00:00,6.240887314147956,321.7,27.27,0.04669434246983532
2022-08-25 09:00:00+00:00,5.9072986826567515,324.2,27.04,0.03370865515490046
2022-08-25 10:00:00+00:00,5.406915735419944,326.1,26.57,0.01912736432931732
2022-08-25 11:00:00+00:00,4.308853156761395,326.1,25.69,0.0030757090183491102
2022-08-25 12:00:00+00:00,3.224690104414979,321.6,24.58,1.5560527300512682e-05
2022-08-25 13:00:00+00:00,2.3351204204384333,313.1,23.46,0.0
2022-08-25 14:00:00+00:00,2.4741156835597686,302.2,23.03,0.0
2022-08-25 15:00:00+00:00,3.0161972097329763,293.6,22.68,5.82898703062398e-09
2022-08-25 16:00:00+00:00,3.752872104276054,288.4,22.38,0.0005853775855548267
2022-08-25 17:00:00+00:00,4.684140367189,287.4,22.16,0.006552504508844232
2022-08-25 18:00:00+00:00,5.532011472229145,288.9,21.95,0.02226739837477213
2022-08-25 19:00:00+00:00,5.684906261662614,290.9,21.69,0.026549714476654915
2022-08-25 20:00:00+00:00,5.54591099854128,292.7,21.47,0.02263612708252825
2022-08-25 21:00:00+00:00,5.142824735489407,293.6,21.27,0.01349685010219363
2022-08-25 22:00:00+00:00,4.253255051512861,295.4,21.09,0.002700168478815222
2022-08-25 23:00:00+00:00,3.5721782622183174,299.6,20.98,0.0002569605983163631
2022-08-26 00:00:00+00:00,3.224690104414979,303.8,20.86,1.5560527300512682e-05
2022-08-26 01:00:00+00:00,4.433948893570597,305.4,21.34,0.00404458057091618
2022-08-26 02:00:00+00:00,5.990695840529551,310.7,22.4,0.03669350616640907
2022-08-26 03:00:00+00:00,6.53277736670276,313.5,24.19,0.06048132260143082
2022-08-26 04:00:00+00:00,6.421581156205692,310.9,26.25,0.0549481415100816
2022-08-26 05:00:00+00:00,6.185289208899422,305.8,27.48,0.04433217945770191
2022-08-26 06:00:00+00:00,5.962896787905286,304.1,28.27,0.03567976958915885
2022-08-26 07:00:00+00:00,5.879499630032485,304.9,28.48,0.032750923672286346
2022-08-26 08:00:00+00:00,5.671006735350481,305.8,27.94,0.026139508732790348
2022-08-26 09:00:00+00:00,5.337418103859276,309.4,27.18,0.01751788544293783
2022-08-26 10:00:00+00:00,5.101126156553006,313.0,26.45,0.01272415232162491
2022-08-26 11:00:00+00:00,4.447848419882731,314.5,25.71,0.004163338869536317
2022-08-26 12:00:00+00:00,3.3497858412241817,313.8,24.68,5.8705548418717294e-05
2022-08-26 13:00:00+00:00,2.8911014729237747,310.7,23.61,0.0
2022-08-26 14:00:00+00:00,3.169091999166445,307.2,23.22,6.6319561817934365e-06
2022-08-26 15:00:00+00:00,3.6138768411547186,303.4,22.93,0.0003173337184659358
2022-08-26 16:00:00+00:00,4.086460735767258,300.5,22.7,0.0017591974176414424
2022-08-26 17:00:00+00:00,4.614642735628332,297.6,22.48,0.005774332669084107
2022-08-26 18:00:00+00:00,5.379116682795677,294.7,22.26,0.01847224579475195
2022-08-26 19:00:00+00:00,5.893399156344618,292.0,22.04,0.03322748902038412
2022-08-26 20:00:00+00:00,6.101892051026621,289.8,21.83,0.04094044050828759
2022-08-26 21:00:00+00:00,5.62930815641408,290.1,21.58,0.0249342860596703
2022-08-26 22:00:00+00:00,5.073327103928739,296.4,21.41,0.012225762279898732
2022-08-26 23:00:00+00:00,5.267920472298608,304.2,21.34,0.016001324616646363
2022-08-27 00:00:00+00:00,5.170623788113674,304.0,21.24,0.014028981619896769
2022-08-27 01:00:00+00:00,5.240121419674342,302.0,21.46,0.015420098498143919
2022-08-27 02:00:00+00:00,5.962896787905286,311.2,22.04,0.03567976958915885
2022-08-27 03:00:00+00:00,6.2964854193964905,316.3,22.87,0.04913895870481589
2022-08-27 04:00:00+00:00,6.129691103650888,312.9,23.71,0.04205105516599162
2022-08-27 05:00:00+00:00,5.990695840529551,308.5,24.55,0.03669350616640907
2022-08-27 06:00:00+00:00,5.823901524783951,304.5,25.21,0.030890228112073235
2022-08-27 07:00:00+00:00,5.684906261662614,300.9,25.72,0.026549714476654915
2022-08-27 08:00:00+00:00,5.698805787974748,298.3,25.97,0.02696418948293244
2022-08-27 09:00:00+00:00,5.62930815641408,296.1,26.03,0.0249342860596703
2022-08-27 10:00:00+00:00,5.406915735419944,292.7,25.87,0.01912736432931732
2022-08-27 11:00:00+00:00,4.447848419882731,286.3,25.27,0.004163338869536317
2022-08-27 12:00:00+00:00,3.3358863149120475,275.7,24.17,5.198157098923984e-05
2022-08-27 13:00:00+00:00,3.3080872622877804,269.3,23.08,4.0113790378131155e-05
2022-08-27 14:00:00+00:00,3.8223697358367215,268.5,22.72,0.0007629109176013152
2022-08-27 15:00:00+00:00,4.447848419882731,270.7,22.47,0.004163338869536317
2022-08-27 16:00:00+00:00,4.989929946055938,273.4,22.25,0.010809007911421285
2022-08-27 17:00:00+00:00,5.254020945986475,274.5,21.99,0.015708919500994498
2022-08-27 18:00:00+00:00,5.240121419674342,277.9,21.76,0.015420098498143919
2022-08-27 19:00:00+00:00,5.15672426180154,281.7,21.56,0.013761201160245875
2022-08-27 20:00:00+00:00,4.9343318408074035,284.3,21.36,0.009928083334990526
2022-08-27 21:00:00+00:00,4.698039893501134,289.0,21.12,0.006716084311952335
2022-08-27 22:00:00+00:00,4.781437051373935,295.8,20.94,0.007755037711124997
2022-08-27 23:00:00+00:00,5.15672426180154,304.5,20.82,0.013761201160245875
2022-08-28 00:00:00+00:00,5.031628524992339,309.3,20.64,0.011502847903281375
2022-08-28 01:00:00+00:00,6.268686366772223,313.7,21.27,0.047906255528068174
2022-08-28 02:00:00+00:00,7.172155577060903,323.6,22.6,0.09962170161831257
2022-08-28 03:00:00+00:00,7.380648471742905,334.4,24.76,0.11531549951956305
2022-08-28 04:00:00+00:00,7.0192607876274336,342.4,26.67,0.08906581164159735
2022-08-28 05:00:00+00:00,6.546676893014894,347.4,27.92,0.06119801674120681
2022-08-28 06:00:00+00:00,6.115791577338754,350.6,28.65,0.04149327063112731
2022-08-28 07:00:00+00:00,5.62930815641408,353.2,28.72,0.0249342860596703
2022-08-28 08:00:00+00:00,5.045528051304472,354.0,28.3,0.01174055940615806
2022-08-28 09:00:00+00:00,4.489546998819131,348.2,27.66,0.0045335154916750515
2022-08-28 10:00:00+00:00,4.142058841015793,338.5,27.19,0.002043327180885438
2022-08-28 11:00:00+00:00,3.8501687884609885,329.5,26.58,0.0008429230749551987
2022-08-28 12:00:00+00:00,3.210790578102846,315.7,25.43,1.2847719802171193e-05
2022-08-28 13:00:00+00:00,3.057895788669377,302.2,24.12,2.6620327539076553e-07
2022-08-28 14:00:00+00:00,3.6138768411547186,294.8,23.64,0.0003173337184659358
2022-08-28 15:00:00+00:00,4.142058841015793,293.7,23.24,0.002043327180885438
2022-08-28 16:00:00+00:00,4.684140367189,297.0,22.83,0.006552504508844232
2022-08-28 17:00:00+00:00,5.295719524922876,300.9,22.49,0.01659697559275541
2022-08-28 18:00:00+00:00,5.448614314356345,303.8,22.16,0.02013880161320679
2022-08-28 19:00:00+00:00,5.212322367050074,305.9,21.92,0.01485312042444501
2022-08-28 20:00:00+00:00,4.920432314495271,306.7,21.75,0.009715596884865342
2022-08-28 21:00:00+00:00,4.878733735558869,309.2,21.6,0.009096371174441733
2022-08-28 22:00:00+00:00,5.017728998680205,313.8,21.47,0.011268366887599923
2022-08-28 23:00:00+00:00,5.101126156553006,318.5,21.38,0.01272415232162491
2022-08-29 00:00:00+00:00,5.101126156553006,322.8,21.28,0.01272415232162491
2022-08-29 01:00:00+00:00,6.115791577338754,327.5,21.74,0.04149327063112731
2022-08-29 02:00:00+00:00,7.728136629546244,341.2,22.9,0.14499149418498797
2022-08-29 03:00:00+00:00,7.839332840043312,351.4,24.69,0.15546368257303958
2022-08-29 04:00:00+00:00,7.172155577060903,357.2,26.42,0.09962170161831257
2022-08-29 05:00:00+00:00,6.449380208829958,359.6,27.75,0.056298350867514384
2022-08-29 06:00:00+00:00,5.893399156344618,359.7,28.54,0.03322748902038412
2022-08-29 07:00:00+00:00,5.434714788044212,359.4,28.89,0.01979779178550429
2022-08-29 08:00:00+00:00,5.101126156553006,0.0,28.97,0.01272415232162491
2022-08-29 09:00:00+00:00,4.725838946125401,358.7,28.61,0.007051366166127606
2022-08-29 10:00:00+00:00,4.100360262079392,353.8,27.97,0.001827583236896953
2022-08-29 11:00:00+00:00,3.238589630727113,347.9,27.08,1.863061394525505e-05
2022-08-29 12:00:00+00:00,2.946699578172309,341.3,25.93,0.0
2022-08-29 13:00:00+00:00,2.3351204204384333,328.4,24.73,0.0
2022-08-29 14:00:00+00:00,2.5714123677447036,314.3,24.23,0.0
2022-08-29 15:00:00+00:00,3.002297683420843,305.0,23.73,1.6639606180337144e-11
2022-08-29 16:00:00+00:00,3.516580156969783,304.2,23.27,0.00018909743216298478
2022-08-29 17:00:00+00:00,3.69727399902752,303.8,22.89,0.0004650320488121447
2022-08-29 18:00:00+00:00,4.003063577894457,304.7,22.55,0.0013843880918589244
2022-08-29 19:00:00+00:00,4.447848419882731,307.5,22.29,0.004163338869536317
2022-08-29 20:00:00+00:00,4.823135630310336,311.1,22.06,0.008312456927350872
2022-08-29 21:00:00+00:00,4.892633261871003,315.9,21.87,0.009299762906191316
2022-08-29 22:00:00+00:00,4.711939419813268,323.2,21.67,0.00688236416384667
2022-08-29 23:00:00+00:00,4.433948893570597,331.1,21.5,0.00404458057091618
2022-08-30 00:00:00+00:00,4.308853156761395,341.6,21.42,0.0030757090183491102
2022-08-30 01:00:00+00:00,5.073327103928739,356.5,21.96,0.012225762279898732
2022-08-30 02:00:00+00:00,5.337418103859276,23.2,23.25,0.01751788544293783
2022-08-30 03:00:00+00:00,6.074092998402354,50.7,25.05,0.03984955509228037
2022-08-30 04:00:00+00:00,6.49107878776636,65.2,26.85,0.058364856535916415
2022-08-30 05:00:00+00:00,6.310384945708623,73.1,27.97,0.04976316184163368
2022-08-30 06:00:00+00:00,5.935097735281017,79.7,28.81,0.03468487818959025
2022-08-30 07:00:00+00:00,5.615408630101947,87.0,29.11,0.024540936349453625
2022-08-30 08:00:00+00:00,5.267920472298608,93.8,28.71,0.016001324616646363
2022-08-30 09:00:00+00:00,4.8648342092467365,98.5,28.26,0.008895966812283286
2022-08-30 10:00:00+00:00,4.517346051443398,101.0,27.77,0.004792105694336564
2022-08-30 11:00:00+00:00,3.891867367397389,102.2,27.05,0.0009731354487117983
2022-08-30 12:00:00+00:00,2.8633024202995077,104.3,25.92,0.0
2022-08-30 13:00:00+00:00,2.265622788877766,109.8,24.82,0.0
2022-08-30 14:00:00+00:00,2.112727999444297,114.5,24.43,0.0
2022-08-30 15:00:00+00:00,2.08492894682003,113.7,24.11,0.0
2022-08-30 16:00:00+00:00,2.265622788877766,109.8,23.68,0.0
2022-08-30 17:00:00+00:00,2.4324171046233682,102.2,23.07,0.0
2022-08-30 18:00:00+00:00,2.696508104553905,94.4,22.54,0.0
2022-08-30 19:00:00+00:00,3.141292946542178,93.8,22.04,3.869313493322774e-06
2022-08-30 20:00:00+00:00,3.03009673604511,107.6,21.79,3.739647521900956e-08
2022-08-30 21:00:00+00:00,3.057895788669377,116.7,21.69,2.6620327539076553e-07
2022-08-30 22:00:00+00:00,3.1273934202300446,109.7,21.6,2.83604726549443e-06
2022-08-30 23:00:00+00:00,3.5999773148425844,102.0,21.56,0.00029626268992632233
2022-08-31 00:00:00+00:00,3.5443792095940503,95.4,21.46,0.00022129778332958595
2022-08-31 01:00:00+00:00,5.0594275776166056,94.4,22.35,0.011981523497830396
2022-08-31 02:00:00+00:00,6.477179261454226,101.8,24.0,0.057670499626681526
2022-08-31 03:00:00+00:00,7.283351787557971,103.0,25.79,0.10780122694647802
2022-08-31 04:00:00+00:00,6.977562208691032,99.6,27.21,0.0863223815836885
2022-08-31 05:00:00+00:00,6.352083524645025,96.5,28.13,0.05166744266506765
2022-08-31 06:00:00+00:00,5.754403893223282,94.6,28.47,0.028665224164179125
2022-08-31 07:00:00+00:00,5.420815261732077,92.3,28.42,0.019460653391407894
2022-08-31 08:00:00+00:00,5.35131763017141,89.6,28.35,0.017832259369005187
2022-08-31 09:00:00+00:00,5.281819998610742,88.9,28.16,0.016297335946699874
2022-08-31 10:00:00+00:00,4.948231367119537,89.0,27.79,0.010143645561108344
2022-08-31 11:00:00+00:00,4.12815931470366,89.6,27.12,0.001969626016918578
2022-08-31 12:00:00+00:00,3.0439962623572434,91.6,26.04,1.168207045471248e-07
2022-08-31 13:00:00+00:00,2.7799052624267064,93.4,24.61,0.0
2022-08-31 14:00:00+00:00,2.8911014729237747,95.0,24.15,0.0
2022-08-31 15:00:00+00:00,3.03009673604511,96.6,23.77,3.739647521900956e-08
2022-08-31 16:00:00+00:00,3.2524891570392462,100.3,23.43,2.2080081336773903e-05
2022-08-31 17:00:00+00:00,3.516580156969783,105.6,23.15,0.00018909743216298478
2022-08-31 18:00:00+00:00,3.433182999096983,105.7,22.82,0.00011150303355417385
2022-08-31 19:00:00+00:00,3.210790578102846,104.3,22.44,1.2847719802171193e-05
2022-08-31 20:00:00+00:00,3.474881578033383,105.1,22.08,0.00014690224706933659
2022-08-31 21:00:00+00:00,3.3080872622877804,116.5,21.69,4.0113790378131155e-05
2022-08-31 22:00:00+00:00,3.002297683420843,135.9,21.71,1.6639606180337144e-11
2022-08-31 23:00:00+00:00,2.7382066834903056,150.8,21.65,0.0
2022-09-01 00:00:00+00:00,2.5714123677447036,156.1,21.54,0.0
2022-09-01 01:00:00+00:00,3.5443792095940503,157.2,22.17,0.00022129778332958595
2022-09-01 02:00:00+00:00,3.8501687884609885,160.4,23.54,0.0008429230749551987
2022-09-01 03:00:00+00:00,4.086460735767258,158.7,25.36,0.0017591974176414424
2022-09-01 04:00:00+00:00,3.947465472645923,149.1,26.73,0.001166709271357827
2022-09-01 05:00:00+00:00,3.891867367397389,137.2,27.84,0.0009731354487117983
2022-09-01 06:00:00+00:00,3.8779678410852556,129.0,28.85,0.000928342636962328
2022-09-01 07:00:00+00:00,3.7945706832124544,123.5,29.57,0.0006881293520976709
2022-09-01 08:00:00+00:00,3.5999773148425844,118.3,30.07,0.00029626268992632233
2022-09-01 09:00:00+00:00,3.3636853675363145,112.6,30.21,6.598571939797699e-05
2022-09-01 10:00:00+00:00,3.3914844201605816,107.7,29.8,8.230304840734889e-05
2022-09-01 11:00:00+00:00,3.1829915254785788,105.2,28.75,8.405535843187353e-06
2022-09-01 12:00:00+00:00,3.26638868335138,106.8,27.33,2.593103107544525e-05
2022-09-01 13:00:00+00:00,2.696508104553905,113.7,25.54,0.0
2022-09-01 14:00:00+00:00,2.932800051860175,119.8,24.85,0.0
2022-09-01 15:00:00+00:00,2.960599104484442,122.0,24.33,0.0
2022-09-01 16:00:00+00:00,2.7104076308660385,122.6,23.94,0.0
2022-09-01 17:00:00+00:00,2.404618051999101,121.8,23.6,0.0
2022-09-01 18:00:00+00:00,2.2517232625656325,120.1,23.35,0.0
2022-09-01 19:00:00+00:00,2.1822256310049646,115.6,23.15,0.0
2022-09-01 20:00:00+00:00,2.0571298941957625,108.9,22.85,0.0
2022-09-01 21:00:00+00:00,2.1822256310049646,105.1,22.61,0.0
2022-09-01 22:00:00+00:00,2.4324171046233682,103.6,22.33,0.0
2022-09-01 23:00:00+00:00,2.7243071571781723,101.2,22.08,0.0
2022-09-02 00:00:00+00:00,3.169091999166445,99.3,21.88,6.6319561817934365e-06
2022-09-02 01:00:00+00:00,5.017728998680205,99.4,22.38,0.011268366887599923
2022-09-02 02:00:00+00:00,6.560576419327027,102.1,23.41,0.06192035044261896
2022-09-02 03:00:00+00:00,7.6725385242977096,99.3,24.79,0.13993654398621
2022-09-02 04:00:00+00:00,8.214620050470918,94.9,26.31,0.1945093498694628
2022-09-02 05:00:00+00:00,8.284117682031585,95.0,27.52,0.2023904030207143
2022-09-02 06:00:00+00:00,8.075624787349582,98.5,28.24,0.17936636239301096
2022-09-02 07:00:00+00:00,7.881031418979712,102.3,28.45,0.1595171130973227
2022-09-02 08:00:00+00:00,7.603040892737042,104.7,28.42,0.13378486077923435
2022-09-02 09:00:00+00:00,7.102657945500235,104.6,28.17,0.09472582593394793
2022-09-02 10:00:00+00:00,6.463279735142093,102.8,27.84,0.05698167177108102
2022-09-02 11:00:00+00:00,5.601509103789814,101.4,27.22,0.024151745393648
2022-09-02 12:00:00+00:00,3.69727399902752,100.2,25.93,0.0004650320488121447
2022-09-02 13:00:00+00:00,3.002297683420843,98.0,24.36,1.6639606180337144e-11
2022-09-02 14:00:00+00:00,2.8911014729237747,98.3,23.87,0.0
2022-09-02 15:00:00+00:00,2.821603841363107,100.8,23.47,0.0
2022-09-02 16:00:00+00:00,2.7243071571781723,106.0,23.05,0.0
2022-09-02 17:00:00+00:00,2.55751284143257,114.1,22.68,0.0
2022-09-02 18:00:00+00:00,2.404618051999101,121.8,22.33,0.0
2022-09-02 19:00:00+00:00,2.2100246836292317,128.1,22.07,0.0
2022-09-02 20:00:00+00:00,2.0293308415714955,136.9,21.77,0.0
2022-09-02 21:00:00+00:00,1.959833210010828,147.8,21.43,0.0
2022-09-02 22:00:00+00:00,1.932034157386561,154.9,21.08,0.0
2022-09-02 23:00:00+00:00,1.8903355784501605,158.9,20.91,0.0
2022-09-03 00:00:00+00:00,1.7791393679530922,162.3,20.86,0.0
2022-09-03 01:00:00+00:00,2.08492894682003,162.2,22.08,0.0
2022-09-03 02:00:00+00:00,2.932800051860175,145.3,24.47,0.0
2022-09-03 03:00:00+00:00,3.141292946542178,139.8,26.5,3.869313493322774e-06
2022-09-03 04:00:00+00:00,2.7521062098024394,135.4,27.95,0.0
2022-09-03 05:00:00+00:00,2.4602161572476353,128.4,29.13,0.0
2022-09-03 06:00:00+00:00,2.2239242099413654,125.6,30.0,0.0
2022-09-03 07:00:00+00:00,2.043230367883629,126.2,30.61,0.0
2022-09-03 08:00:00+00:00,1.8625365258258935,126.2,30.81,0.0
2022-09-03 09:00:00+00:00,1.6262445785196231,120.3,30.74,0.0
2022-09-03 10:00:00+00:00,1.3899526312133532,110.4,30.52,0.0
2022-09-03 11:00:00+00:00,1.0007658944736142,98.0,29.96,0.0
2022-09-03 12:00:00+00:00,0.5003829472368071,90.0,28.98,0.0
2022-09-03 13:00:00+00:00,0.09729668418493473,206.6,27.58,0.0
2022-09-03 14:00:00+00:00,0.7227753682309437,260.0,26.97,0.0
2022-09-03 15:00:00+00:00,1.3899526312133532,266.0,26.46,0.0
2022-09-03 16:00:00+00:00,2.0571298941957625,273.9,25.59,0.0
2022-09-03 17:00:00+00:00,2.6270104729932373,283.2,24.72,0.0
2022-09-03 18:00:00+00:00,3.1273934202300446,295.3,24.0,2.83604726549443e-06
2022-09-03 19:00:00+00:00,3.5721782622183174,307.7,23.48,0.0002569605983163631
2022-09-03 20:00:00+00:00,3.627776367466852,317.0,23.17,0.0003393808709624709
2022-09-03 21:00:00+00:00,3.0995943676057776,314.5,22.99,1.3551170407727066e-06
2022-09-03 22:00:00+00:00,2.7382066834903056,301.1,22.82,0.0
2022-09-03 23:00:00+00:00,2.960599104484442,300.8,22.63,0.0
2022-09-04 00:00:00+00:00,3.1134938939179113,303.9,22.33,2.0053489814363437e-06
2022-09-04 01:00:00+00:00,4.753637998749668,304.5,23.18,0.007397625028250831
2022-09-04 02:00:00+00:00,4.837035156622469,309.0,24.71,0.008504031790338215
2022-09-04 03:00:00+00:00,4.086460735767258,318.4,26.32,0.0017591974176414424
2022-09-04 04:00:00+00:00,3.3775848938484487,329.8,27.52,7.38441855273961e-05
2022-09-04 05:00:00+00:00,3.196891051790712,336.1,28.62,1.0470089849854629e-05
2022-09-04 06:00:00+00:00,3.2524891570392462,336.1,29.29,2.2080081336773903e-05
2022-09-04 07:00:00+00:00,3.4192834727848487,334.7,29.71,0.00010111037082036194
2022-09-04 08:00:00+00:00,3.474881578033383,332.9,29.7,0.00014690224706933659
2022-09-04 09:00:00+00:00,3.669474946403253,330.0,29.43,0.00041160008819737294
2022-09-04 10:00:00+00:00,3.8223697358367215,324.6,28.88,0.0007629109176013152
2022-09-04 11:00:00+00:00,3.627776367466852,321.1,28.03,0.0003393808709624709
2022-09-04 12:00:00+00:00,3.238589630727113,319.2,26.78,1.863061394525505e-05
2022-09-04 13:00:00+00:00,2.8077043150509735,313.2,25.58,0.0
2022-09-04 14:00:00+00:00,3.141292946542178,306.4,25.1,3.869313493322774e-06
2022-09-04 15:00:00+00:00,3.3358863149120475,300.3,24.71,5.198157098923984e-05
2022-09-04 16:00:00+00:00,3.3636853675363145,286.3,24.37,6.598571939797699e-05
2022-09-04 17:00:00+00:00,3.488781104345516,278.0,24.07,0.0001601827320135531
2022-09-04 18:00:00+00:00,3.989164051582324,298.3,23.82,0.0013276311875834244
2022-09-04 19:00:00+00:00,5.3235185775471425,323.6,23.63,0.017207228239273998
2022-09-04 20:00:00+00:00,5.420815261732077,331.2,23.36,0.019460653391407894
2022-09-04 21:00:00+00:00,5.35131763017141,334.1,23.1,0.017832259369005187
2022-09-04 22:00:00+00:00,5.684906261662614,340.1,22.93,0.026549714476654915
2022-09-04 23:00:00+00:00,5.86560010372035,349.6,22.73,0.03227893700900672
2022-09-05 00:00:00+00:00,5.5181119459170125,1.6,22.43,0.02190269581182482
2022-09-05 01:00:00+00:00,5.54591099854128,12.0,22.4,0.02263612708252825
2022-09-05 02:00:00+00:00,5.045528051304472,16.8,22.8,0.01174055940615806
2022-09-05 03:00:00+00:00,4.294953630449261,15.2,23.46,0.0029787573315030076
2022-09-05 04:00:00+00:00,4.12815931470366,5.8,24.29,0.001969626016918578
2022-09-05 05:00:00+00:00,4.461747946194864,354.3,25.37,0.004284399388135919
2022-09-05 06:00:00+00:00,4.948231367119537,349.2,26.65,0.010143645561108344
2022-09-05 07:00:00+00:00,5.184523314425808,348.2,27.51,0.014300213582746675
2022-09-05 08:00:00+00:00,5.0594275776166056,349.7,27.91,0.011981523497830396
2022-09-05 09:00:00+00:00,4.920432314495271,349.4,27.96,0.009715596884865342
2022-09-05 10:00:00+00:00,4.6702408408768665,349.4,27.86,0.006391602652921991
2022-09-05 11:00:00+00:00,3.808470209524588,348.4,27.25,0.0007248773616684016
2022-09-05 12:00:00+00:00,3.210790578102846,346.0,26.06,1.2847719802171193e-05
2022-09-05 13:00:00+00:00,2.4185175783112345,336.2,24.8,0.0
2022-09-05 14:00:00+00:00,2.307321367814166,322.9,24.54,0.0
2022-09-05 15:00:00+00:00,2.3629194730627003,316.0,24.13,0.0
2022-09-05 16:00:00+00:00,2.5297137888083028,314.3,23.59,0.0
2022-09-05 17:00:00+00:00,2.7660057361145727,316.2,23.06,0.0
2022-09-05 18:00:00+00:00,3.03009673604511,321.0,22.6,3.739647521900956e-08
2022-09-05 19:00:00+00:00,3.294187735975647,327.6,22.33,3.492578399574811e-05
2022-09-05 20:00:00+00:00,3.46098205172125,335.6,22.12,0.00013437687007828548
2022-09-05 21:00:00+00:00,3.46098205172125,342.9,21.87,0.00013437687007828548
2022-09-05 22:00:00+00:00,3.433182999096983,347.8,21.67,0.00011150303355417385
2022-09-05 23:00:00+00:00,3.405383946472716,350.8,21.49,9.138440963821283e-05
2022-09-06 00:00:00+00:00,3.5026806306576503,352.7,21.5,0.00017424042651131133
2022-09-06 01:00:00+00:00,4.809236103998202,354.9,22.16,0.008123781027553128
2022-09-06 02:00:00+00:00,5.281819998610742,2.3,23.17,0.016297335946699874
2022-09-06 03:00:00+00:00,5.406915735419944,12.2,24.41,0.01912736432931732
2022-09-06 04:00:00+00:00,5.295719524922876,20.0,25.66,0.01659697559275541
2022-09-06 05:00:00+00:00,4.906532788183137,24.8,26.73,0.009506164109132393
2022-09-06 06:00:00+00:00,4.12815931470366,30.1,27.48,0.001969626016918578
2022-09-06 07:00:00+00:00,3.0161972097329763,39.8,27.83,5.82898703062398e-09
2022-09-06 08:00:00+00:00,1.9459336836986945,58.5,27.88,0.0
2022-09-06 09:00:00+00:00,1.070263526034282,81.0,27.78,0.0
2022-09-06 10:00:00+00:00,0.4864834209246736,113.6,27.59,0.0
2022-09-06 11:00:00+00:00,0.25019147361840355,189.5,27.0,0.0
2022-09-06 12:00:00+00:00,0.44478484198827306,257.3,26.48,0.0
2022-09-06 13:00:00+00:00,0.5698805787974748,275.6,26.01,0.0
2022-09-06 14:00:00+00:00,0.6810767892945431,257.1,25.51,0.0
2022-09-06 15:00:00+00:00,0.9590673155372137,231.5,24.85,0.0
2022-09-06 16:00:00+00:00,1.3204549996526855,225.9,24.26,0.0
2022-09-06 17:00:00+00:00,1.487249315398288,231.8,23.73,0.0
2022-09-06 18:00:00+00:00,1.5845459995832225,243.0,23.22,0.0
2022-09-06 19:00:00+00:00,1.6123450522074896,260.0,22.74,0.0
2022-09-06 20:00:00+00:00,1.6818426837681573,279.5,22.25,0.0
2022-09-06 21:00:00+00:00,1.7930388942652258,295.8,21.77,0.0
2022-09-06 22:00:00+00:00,1.904235104762294,307.9,21.41,0.0
2022-09-06 23:00:00+00:00,1.987632262635095,316.1,21.14,0.0
2022-09-07 00:00:00+00:00,1.987632262635095,322.1,21.02,0.0
2022-09-07 01:00:00+00:00,2.376818999374834,329.8,22.09,0.0
2022-09-07 02:00:00+00:00,1.5289478943346886,336.5,23.64,0.0
2022-09-07 03:00:00+00:00,0.6810767892945431,135.0,25.58,0.0
2022-09-07 04:00:00+00:00,1.5011488417104215,139.1,27.05,0.0
2022-09-07 05:00:00+00:00,1.459450262774021,139.6,28.14,0.0
2022-09-07 06:00:00+00:00,1.1953592628434837,142.6,28.97,0.0
2022-09-07 07:00:00+00:00,1.070263526034282,140.3,29.47,0.0
2022-09-07 08:00:00+00:00,1.0563639997221486,126.4,29.76,0.0
2022-09-07 09:00:00+00:00,1.070263526034282,117.9,29.68,0.0
2022-09-07 10:00:00+00:00,1.0007658944736142,120.1,29.32,0.0
2022-09-07 11:00:00+00:00,0.7227753682309437,121.0,28.81,0.0
2022-09-07 12:00:00+00:00,0.4864834209246736,111.5,27.96,0.0
2022-09-07 13:00:00+00:00,0.23629194730627007,49.8,26.65,0.0
2022-09-07 14:00:00+00:00,0.43088531567613947,345.1,26.02,0.0
2022-09-07 15:00:00+00:00,0.33358863149120477,318.4,25.53,0.0
2022-09-07 16:00:00+00:00,0.3752872104276054,193.0,24.87,0.0
2022-09-07 17:00:00+00:00,1.2509573680920179,165.2,24.07,0.0
2022-09-07 18:00:00+00:00,2.015431315259362,159.4,23.47,0.0
2022-09-07 19:00:00+00:00,2.349019946750567,160.0,22.89,0.0
2022-09-07 20:00:00+00:00,2.293421841502033,167.7,22.41,0.0
2022-09-07 21:00:00+00:00,2.1683261046928313,191.5,21.99,0.0
2022-09-07 22:00:00+00:00,2.293421841502033,221.3,21.72,0.0
2022-09-07 23:00:00+00:00,2.7799052624267064,247.4,21.67,0.0
2022-09-08 00:00:00+00:00,3.405383946472716,262.5,21.64,9.138440963821283e-05
2022-09-08 01:00:00+00:00,4.531245577755532,267.7,22.07,0.004925008836839162
2022-09-08 02:00:00+00:00,5.851700577408217,270.1,22.95,0.031811506928944924
2022-09-08 03:00:00+00:00,6.685672156136229,273.6,23.88,0.06867878079302038
2022-09-08 04:00:00+00:00,6.741270261384763,272.1,24.6,0.07183394489804402
2022-09-08 05:00:00+00:00,6.449380208829958,269.4,25.5,0.056298350867514384
2022-09-08 06:00:00+00:00,5.86560010372035,266.5,26.79,0.03227893700900672
2022-09-08 07:00:00+00:00,5.309619051235009,264.4,27.88,0.016900265656413307
2022-09-08 08:00:00+00:00,5.031628524992339,261.4,28.35,0.011502847903281375
2022-09-08 09:00:00+00:00,5.087226630240873,259.5,28.27,0.01247329785396345
2022-09-08 10:00:00+00:00,5.309619051235009,257.5,27.65,0.016900265656413307
2022-09-08 11:00:00+00:00,5.281819998610742,256.1,26.7,0.016297335946699874
2022-09-08 12:00:00+00:00,4.350551735697795,255.2,25.38,0.0033791397091431905
2022-09-08 13:00:00+00:00,3.97526452527019,255.8,24.17,0.00127244715047499
2022-09-08 14:00:00+00:00,4.892633261871003,257.2,23.73,0.009299762906191316
2022-09-08 15:00:00+00:00,5.559810524853413,257.4,23.36,0.023008904036693503
2022-09-08 16:00:00+00:00,5.406915735419944,255.0,23.04,0.01912736432931732
2022-09-08 17:00:00+00:00,5.254020945986475,252.3,22.77,0.015708919500994498
2022-09-08 18:00:00+00:00,5.295719524922876,250.2,22.48,0.01659697559275541
2022-09-08 19:00:00+00:00,5.267920472298608,249.0,22.23,0.016001324616646363
2022-09-08 20:00:00+00:00,5.087226630240873,250.0,22.03,0.01247329785396345
2022-09-08 21:00:00+00:00,5.0594275776166056,250.9,21.9,0.011981523497830396
2022-09-08 22:00:00+00:00,5.031628524992339,252.2,21.8,0.011502847903281375
2022-09-08 23:00:00+00:00,4.795336577686069,253.7,21.69,0.00793798198934463
2022-09-09 00:00:00+00:00,4.253255051512861,255.1,21.6,0.002700168478815222
2022-09-09 01:00:00+00:00,4.489546998819131,254.9,21.97,0.0045335154916750515
2022-09-09 02:00:00+00:00,5.337418103859276,255.8,22.72,0.01751788544293783
2022-09-09 03:00:00+00:00,5.5876095774776795,256.2,23.71,0.02376669109065298
2022-09-09 04:00:00+00:00,5.198422840737941,252.7,24.76,0.014574919150395974
2022-09-09 05:00:00+00:00,4.753637998749668,249.4,25.78,0.007397625028250831
2022-09-09 06:00:00+00:00,4.392250314634197,245.7,26.59,0.0037018979789288364
2022-09-09 07:00:00+00:00,4.267154577824994,241.3,27.09,0.002791009163336437
2022-09-09 08:00:00+00:00,4.21155647257646,239.0,27.4,0.0024395148042953133
2022-09-09 09:00:00+00:00,4.114259788391525,238.4,27.4,0.0018977187361225354
2022-09-09 10:00:00+00:00,4.267154577824994,235.5,26.87,0.002791009163336437
2022-09-09 11:00:00+00:00,4.003063577894457,230.2,25.88,0.0013843880918589244
2022-09-09 12:00:00+00:00,4.183757419952193,226.6,24.86,0.0022754149878147487
2022-09-09 13:00:00+00:00,4.878733735558869,228.5,24.1,0.009096371174441733
2022-09-09 14:00:00+00:00,6.254786840460089,231.5,23.73,0.047297711284937566
2022-09-09 15:00:00+00:00,6.935863629754633,235.1,23.26,0.08363587392701052
2022-09-09 16:00:00+00:00,6.588375471951294,238.6,22.77,0.06338202493675352
2022-09-09 17:00:00+00:00,6.240887314147956,242.4,22.36,0.04669434246983532
2022-09-09 18:00:00+00:00,5.671006735350481,247.2,22.13,0.026139508732790348
2022-09-09 19:00:00+00:00,5.170623788113674,250.1,21.97,0.014028981619896769
2022-09-09 20:00:00+00:00,4.503446525131265,254.1,21.81,0.0046616152798153255
2022-09-09 21:00:00+00:00,3.5443792095940503,261.9,21.69,0.00022129778332958595
2022-09-09 22:00:00+00:00,3.3497858412241817,260.2,21.6,5.8705548418717294e-05
2022-09-09 23:00:00+00:00,3.2802882096635133,253.5,21.5,3.0205564761644622e-05
2022-09-10 00:00:00+00:00,3.26638868335138,246.2,21.43,2.593103107544525e-05
2022-09-10 01:00:00+00:00,4.044762156830858,240.1,21.82,0.0015643170236916096
2022-09-10 02:00:00+00:00,5.045528051304472,239.0,22.59,0.01174055940615806
2022-09-10 03:00:00+00:00,6.49107878776636,246.4,23.62,0.058364856535916415
2022-09-10 04:00:00+00:00,7.505744208552108,251.3,24.79,0.12547929534177862
2022-09-10 05:00:00+00:00,7.95052905054038,253.3,25.89,0.16642835163124553
2022-09-10 06:00:00+00:00,8.089524313661716,253.3,26.7,0.18084397814470093
2022-09-10 07:00:00+00:00,8.409213418840787,252.3,27.22,0.21710749771343965
2022-09-10 08:00:00+00:00,8.867897787141194,250.1,27.46,0.277153324553909
2022-09-10 09:00:00+00:00,9.187586892320265,246.0,27.28,0.3249648621333367
2022-09-10 10:00:00+00:00,9.215385944944531,241.9,26.48,0.32936449100286797
2022-09-10 11:00:00+00:00,8.42311294515292,237.9,25.38,0.21878544164950336
2022-09-10 12:00:00+00:00,7.102657945500235,234.3,24.11,0.09472582593394793
2022-09-10 13:00:00+00:00,6.685672156136229,232.4,23.0,0.06867878079302038
2022-09-10 14:00:00+00:00,6.49107878776636,228.2,22.45,0.058364856535916415
2022-09-10 15:00:00+00:00,6.032394419465953,222.5,22.09,0.03824983251844433
2022-09-10 16:00:00+00:00,5.948997261593152,217.6,21.86,0.03517997929296452
2022-09-10 17:00:00+00:00,6.046293945778086,212.0,21.67,0.03877822210516686
2022-09-10 18:00:00+00:00,6.5049783140784925,207.1,21.51,0.05906476460038596
2022-09-10 19:00:00+00:00,6.949763156066766,206.2,21.35,0.08452508860398927
2022-09-10 20:00:00+00:00,7.116557471812369,208.2,21.26,0.09569186541311687
2022-09-10 21:00:00+00:00,7.172155577060903,209.8,21.22,0.09962170161831257
2022-09-10 22:00:00+00:00,7.422347050679306,211.4,21.23,0.11863994488375919
2022-09-10 23:00:00+00:00,7.603040892737042,211.9,21.28,0.13378486077923435
2022-09-11 00:00:00+00:00,7.853232366355446,212.6,21.34,0.1568071016018623
2022-09-11 01:00:00+00:00,8.33971578728012,215.4,21.7,0.20884635364241086
2022-09-11 02:00:00+00:00,9.548974576435736,223.9,22.58,0.38529412339831454
2022-09-11 03:00:00+00:00,12.509573680920179,239.4,23.73,1.0
2022-09-11 04:00:00+00:00,13.329645733336058,246.1,24.89,1.0
2022-09-11 05:00:00+00:00,13.190650470214722,248.0,25.79,1.0
2022-09-11 06:00:00+00:00,12.954358522908452,248.1,26.47,1.0
2022-09-11 07:00:00+00:00,12.70416704929005,247.3,26.95,1.0
2022-09-11 08:00:00+00:00,12.412276996735244,245.2,27.12,1.0
2022-09-11 09:00:00+00:00,12.175985049428974,243.1,26.94,1.0
2022-09-11 10:00:00+00:00,11.439310154885897,240.3,26.3,0.8245050419703052
2022-09-11 11:00:00+00:00,10.369046628851615,236.1,25.34,0.5489166263364735
2022-09-11 12:00:00+00:00,9.076390681823197,232.0,24.01,0.30775813315548584
2022-09-11 13:00:00+00:00,8.534309155649987,228.5,22.83,0.23252128766917687
2022-09-11 14:00:00+00:00,8.895696839765462,221.0,22.23,0.2811110406738716
2022-09-11 15:00:00+00:00,9.771366997429874,210.4,21.82,0.42589400730452187
2022-09-11 16:00:00+00:00,10.674836207718553,201.2,21.56,0.6201258266564909
2022-09-11 17:00:00+00:00,11.689501628504301,199.2,21.62,0.9000301924003719
2022-09-11 18:00:00+00:00,12.426176523047378,207.9,21.93,1.0
2022-09-11 19:00:00+00:00,12.189884575741107,219.2,22.28,1.0
2022-09-11 20:00:00+00:00,11.050123418146159,227.8,22.55,0.7156160751455486
2022-09-11 21:00:00+00:00,10.813831470839888,236.8,22.84,0.654432097871183
2022-09-11 22:00:00+00:00,8.895696839765462,241.6,22.87,0.2811110406738716
2022-09-11 23:00:00+00:00,7.060959366563835,242.3,22.82,0.09186676084394715
2022-09-12 00:00:00+00:00,7.6725385242977096,243.8,22.92,0.13993654398621
2022-09-12 01:00:00+00:00,8.798400155580525,239.5,23.09,0.26742193173172774
2022-09-12 02:00:00+00:00,10.285649470978814,237.9,23.59,0.5304901070031963
2022-09-12 03:00:00+00:00,12.565171786168712,244.3,24.26,1.0
2022-09-12 04:00:00+00:00,13.399143364896727,249.0,24.96,1.0
2022-09-12 05:00:00+00:00,13.440841943833126,247.7,25.85,1.0
2022-09-12 06:00:00+00:00,13.788330101636463,242.6,26.67,1.0
2022-09-12 07:00:00+00:00,14.344311154121806,237.7,27.07,1.0
2022-09-12 08:00:00+00:00,14.844694101358613,234.4,27.28,1.0
2022-09-12 09:00:00+00:00,15.15048368022555,233.7,27.19,1.0
2022-09-12 10:00:00+00:00,15.178282732849818,237.3,26.58,1.0
2022-09-12 11:00:00+00:00,13.899526312133531,242.0,25.55,1.0
2022-09-12 12:00:00+00:00,12.39837747042311,245.8,24.36,1.0
2022-09-12 13:00:00+00:00,11.314214418076697,247.4,23.4,0.7883809707722809
2022-09-12 14:00:00+00:00,10.563639997221484,247.1,22.91,0.5935605396217986
2022-09-12 15:00:00+00:00,9.910362260551208,245.8,22.51,0.45266291560984506
2022-09-12 16:00:00+00:00,9.298783102817334,242.8,22.15,0.34280127851647507
2022-09-12 17:00:00+00:00,8.70110347139559,237.7,21.86,0.25418460381354163
2022-09-12 18:00:00+00:00,8.367514839904386,235.7,21.63,0.21212518455536553
2022-09-12 19:00:00+00:00,8.270218155719451,238.5,21.47,0.20079747627349914
2022-09-12 20:00:00+00:00,8.214620050470918,242.0,21.33,0.1945093498694628
2022-09-12 21:00:00+00:00,8.089524313661716,244.4,21.23,0.18084397814470093
2022-09-12 22:00:00+00:00,8.214620050470918,245.2,21.2,0.1945093498694628
2022-09-12 23:00:00+00:00,8.18682099784665,242.8,21.19,0.19141512559593396
2022-09-13 00:00:00+00:00,7.491844682239973,236.7,21.17,0.1243216210946221
2022-09-13 01:00:00+00:00,7.505744208552108,229.5,21.5,0.12547929534177862
2022-09-13 02:00:00+00:00,8.715002997707725,231.7,22.49,0.2560482779171104
2022-09-13 03:00:00+00:00,10.410745207788016,241.7,23.83,0.5582877739049913
2022-09-13 04:00:00+00:00,11.036223891834025,248.0,25.14,0.7119156746943756
2022-09-13 05:00:00+00:00,11.022324365521891,250.2,26.23,0.7082280526217598
2022-09-13 06:00:00+00:00,10.980625786585492,250.4,27.11,0.6972416356592552
2022-09-13 07:00:00+00:00,11.105721523394692,250.0,27.7,0.7305459027678244
2022-09-13 08:00:00+00:00,11.397611575949496,249.4,27.87,0.8123437066371938
2022-09-13 09:00:00+00:00,11.647803049567901,250.4,27.67,0.8871352623708103
2022-09-13 10:00:00+00:00,11.439310154885897,250.8,27.04,0.8245050419703052
2022-09-13 11:00:00+00:00,10.174453260481746,249.0,26.05,0.5065693433921017
2022-09-13 12:00:00+00:00,7.881031418979712,245.0,24.59,0.1595171130973227
2022-09-13 13:00:00+00:00,6.310384945708623,240.6,23.15,0.04976316184163368
2022-09-13 14:00:00+00:00,6.574475945639161,237.0,22.54,0.0626483458072678
2022-09-13 15:00:00+00:00,7.130456998124502,235.9,22.17,0.0966644506195374
2022-09-13 16:00:00+00:00,6.838566945569697,235.3,21.86,0.07758536887904664
2022-09-13 17:00:00+00:00,6.254786840460089,233.8,21.62,0.047297711284937566
2022-09-13 18:00:00+00:00,5.7822029458475495,232.9,21.41,0.029541931720889748
2022-09-13 19:00:00+00:00,5.893399156344618,234.4,21.27,0.03322748902038412
2022-09-13 20:00:00+00:00,6.074092998402354,236.5,21.2,0.03984955509228037
2022-09-13 21:00:00+00:00,5.879499630032485,236.9,21.08,0.032750923672286346
2022-09-13 22:00:00+00:00,5.490312893292746,234.4,20.96,0.02118528071395504
2022-09-13 23:00:00+00:00,5.365217156483543,231.5,20.85,0.018150372119076427
2022-09-14 00:00:00+00:00,5.7822029458475495,231.6,20.81,0.029541931720889748
2022-09-14 01:00:00+00:00,7.0192607876274336,234.1,21.37,0.08906581164159735
2022-09-14 02:00:00+00:00,8.46481152408932,240.5,22.7,0.22387110153021858
2022-09-14 03:00:00+00:00,9.590673155372137,246.6,24.47,0.3927008086903929
2022-09-14 04:00:00+00:00,10.27174994466668,249.2,26.13,0.527459696496133
2022-09-14 05:00:00+00:00,10.591439049845752,249.1,27.27,0.6001292578035953
2022-09-14 06:00:00+00:00,10.799931944527755,248.8,28.0,0.6509459240378377
2022-09-14 07:00:00+00:00,11.022324365521891,248.9,28.36,0.7082280526217598
2022-09-14 08:00:00+00:00,11.105721523394692,248.7,28.32,0.7305459027678244
2022-09-14 09:00:00+00:00,10.78603241821562,247.9,27.78,0.6474721528558436
2022-09-14 10:00:00+00:00,10.46634331303655,246.7,27.24,0.5709477137620524
2022-09-14 11:00:00+00:00,9.590673155372137,245.0,26.2,0.3927008086903929
2022-09-14 12:00:00+00:00,7.380648471742905,242.1,24.64,0.11531549951956305
2022-09-14 13:00:00+00:00,5.851700577408217,237.5,23.11,0.031811506928944924
2022-09-14 14:00:00+00:00,5.9072986826567515,232.0,22.49,0.03370865515490046
2022-09-14 15:00:00+00:00,6.3659830509571576,233.0,22.06,0.05231283374920702
2022-09-14 16:00:00+00:00,6.852466471881831,239.0,21.76,0.07843123884450616
2022-09-14 17:00:00+00:00,6.908064577130365,242.7,21.48,0.08187619769079278
2022-09-14 18:00:00+00:00,6.616174524575561,242.9,21.28,0.06486652289663741
2022-09-14 19:00:00+00:00,6.226987787835823,240.6,21.11,0.04609612698116098
2022-09-14 20:00:00+00:00,6.01849489315382,237.6,20.98,0.03772626473414412
2022-09-14 21:00:00+00:00,5.921198208968884,233.2,20.87,0.034194444177435696
2022-09-14 22:00:00+00:00,5.434714788044212,226.3,20.76,0.01979779178550429
2022-09-14 23:00:00+00:00,5.448614314356345,221.9,20.72,0.02013880161320679
2022-09-15 00:00:00+00:00,5.712705314286882,220.9,20.71,0.027382955853223256
2022-09-15 01:00:00+00:00,6.602274998263428,222.4,21.21,0.06412140993267662
2022-09-15 02:00:00+00:00,8.61770631352279,230.7,22.43,0.24319215713969958
2022-09-15 03:00:00+00:00,9.99375941842401,238.9,24.22,0.4692502772391187
2022-09-15 04:00:00+00:00,10.688735734030686,244.5,25.99,0.6235011722852886
2022-09-15 05:00:00+00:00,11.09182199708256,247.5,27.28,0.7267941677864175
2022-09-15 06:00:00+00:00,11.230817260203894,248.9,27.97,0.7648941696877112
2022-09-15 07:00:00+00:00,11.49490826013443,250.0,28.18,0.8409081294381469
2022-09-15 08:00:00+00:00,11.814597365313503,250.7,28.12,0.9394634957657623
2022-09-15 09:00:00+00:00,11.842396417937769,250.5,27.64,0.9483800615447372
2022-09-15 10:00:00+00:00,11.397611575949496,249.9,26.95,0.8123437066371938
2022-09-15 11:00:00+00:00,9.840864628990541,247.4,25.85,0.4391424909456175
2022-09-15 12:00:00+00:00,8.075624787349582,244.5,24.38,0.17936636239301096
2022-09-15 13:00:00+00:00,7.4779451559278405,243.1,23.1,0.12317108931792753
2022-09-15 14:00:00+00:00,7.783734734794778,244.6,22.45,0.15016673554645646
2022-09-15 15:00:00+00:00,8.270218155719451,248.8,22.04,0.20079747627349914
2022-09-15 16:00:00+00:00,8.18682099784665,250.5,21.7,0.19141512559593396
2022-09-15 17:00:00+00:00,7.71423710323411,249.5,21.45,0.14371653459279213
2022-09-15 18:00:00+00:00,6.713471208760496,245.3,21.3,0.07024455328385079
2022-09-15 19:00:00+00:00,6.477179261454226,243.0,21.25,0.057670499626681526
2022-09-15 20:00:00+00:00,6.796868366633297,243.9,21.26,0.07508429274773128
2022-09-15 21:00:00+00:00,7.311150840182238,245.8,21.26,0.10991377571107316
2022-09-15 22:00:00+00:00,7.130456998124502,247.6,21.23,0.0966644506195374
2022-09-15 23:00:00+00:00,6.810767892945432,249.6,21.18,0.07591191793225965
2022-09-16 00:00:00+00:00,6.49107878776636,248.4,21.08,0.058364856535916415
2022-09-16 01:00:00+00:00,7.366748945430772,247.8,21.43,0.1142213118489491
2022-09-16 02:00:00+00:00,9.479476944875069,252.7,22.59,0.37315762336986
2022-09-16 03:00:00+00:00,11.244716786516028,258.2,24.38,0.7687757881067303
2022-09-16 04:00:00+00:00,11.703401154816435,260.9,26.08,0.9043561072489761
2022-09-16 05:00:00+00:00,11.633903523255766,261.3,27.29,0.8828644835277046
2022-09-16 06:00:00+00:00,11.481008733822298,261.0,27.92,0.836787151228133
2022-09-16 07:00:00+00:00,11.425410628573765,260.5,28.2,0.8204378736697672
2022-09-16 08:00:00+00:00,11.411511102261631,259.8,28.19,0.8163841025925971
2022-09-16 09:00:00+00:00,11.425410628573765,258.2,27.97,0.8204378736697672
2022-09-16 10:00:00+00:00,11.105721523394692,256.8,27.24,0.7305459027678244
2022-09-16 11:00:00+00:00,10.049357523672544,254.9,26.13,0.480530638807884
2022-09-16 12:00:00+00:00,8.214620050470918,252.1,24.59,0.1945093498694628
2022-09-16 13:00:00+00:00,7.186055103373036,248.9,23.24,0.10062069074974332
2022-09-16 14:00:00+00:00,7.269452261245838,247.3,22.61,0.1067551800346648
2022-09-16 15:00:00+00:00,7.2138541559973035,248.9,22.23,0.10263865981996585
2022-09-16 16:00:00+00:00,6.741270261384763,250.4,21.95,0.07183394489804402
2022-09-16 17:00:00+00:00,5.948997261593152,248.5,21.73,0.03517997929296452
2022-09-16 18:00:00+00:00,5.1289252091772735,244.3,21.55,0.013235906344139632
2022-09-16 19:00:00+00:00,4.823135630310336,239.7,21.41,0.008312456927350872
2022-09-16 20:00:00+00:00,4.559044630379798,235.8,21.29,0.005198141712189899
2022-09-16 21:00:00+00:00,4.281054104137128,231.7,21.14,0.002883864747032247
2022-09-16 22:00:00+00:00,4.503446525131265,233.3,21.03,0.0046616152798153255
2022-09-16 23:00:00+00:00,4.8648342092467365,237.9,20.93,0.008895966812283286
2022-09-17 00:00:00+00:00,4.878733735558869,238.8,20.81,0.009096371174441733
2022-09-17 01:00:00+00:00,5.754403893223282,237.4,21.46,0.028665224164179125
2022-09-17 02:00:00+00:00,7.172155577060903,243.0,22.96,0.09962170161831257
2022-09-17 03:00:00+00:00,8.047825734725315,249.2,24.83,0.1764353210010631
2022-09-17 04:00:00+00:00,8.242419103095184,252.4,26.52,0.1976367411577168
2022-09-17 05:00:00+00:00,8.409213418840787,255.0,27.75,0.21710749771343965
2022-09-17 06:00:00+00:00,8.589907260898523,256.8,28.42,0.2395997055995605
2022-09-17 07:00:00+00:00,8.756701576644126,257.4,28.66,0.26169391310198736
2022-09-17 08:00:00+00:00,8.923495892389727,256.9,28.67,0.28510625572223286
2022-09-17 09:00:00+00:00,8.937395418701861,256.1,28.41,0.28711798059856425
2022-09-17 10:00:00+00:00,8.798400155580525,256.1,27.75,0.26742193173172774
2022-09-17 11:00:00+00:00,8.395313892528653,257.2,26.75,0.21543815495346216
2022-09-17 12:00:00+00:00,6.977562208691032,258.6,25.2,0.0863223815836885
2022-09-17 13:00:00+00:00,6.143590629963021,258.3,23.68,0.042613816214480814
2022-09-17 14:00:00+00:00,6.282585893084356,255.7,22.95,0.04851999730082746
2022-09-17 15:00:00+00:00,6.379882577269291,253.5,22.43,0.05296357707417774
2022-09-17 16:00:00+00:00,6.421581156205692,253.0,22.07,0.0549481415100816
2022-09-17 17:00:00+00:00,6.115791577338754,251.9,21.79,0.04149327063112731
2022-09-17 18:00:00+00:00,5.754403893223282,250.5,21.59,0.028665224164179125
2022-09-17 19:00:00+00:00,5.615408630101947,250.2,21.4,0.024540936349453625
2022-09-17 20:00:00+00:00,5.337418103859276,251.6,21.25,0.01751788544293783
2022-09-17 21:00:00+00:00,5.142824735489407,254.2,21.15,0.01349685010219363
2022-09-17 22:00:00+00:00,4.586843683004066,255.4,21.0,0.0054811907186705505
2022-09-17 23:00:00+00:00,3.725073051651787,256.4,20.8,0.0005228989436636271
2022-09-18 00:00:00+00:00,3.141292946542178,258.5,20.57,3.869313493322774e-06
2022-09-18 01:00:00+00:00,4.725838946125401,263.8,21.59,0.007051366166127606
2022-09-18 02:00:00+00:00,6.616174524575561,271.6,23.22,0.06486652289663741
2022-09-18 03:00:00+00:00,7.644739471673443,277.3,25.06,0.1374537360408224
2022-09-18 04:00:00+00:00,7.811533787419045,278.4,26.64,0.1527999074452072
2022-09-18 05:00:00+00:00,8.033926208413181,277.2,27.75,0.17498185115760465
2022-09-18 06:00:00+00:00,8.492610576713588,275.2,28.53,0.22730495252713512
2022-09-18 07:00:00+00:00,8.951294945013995,274.2,28.92,0.28913914651179634
2022-09-18 08:00:00+00:00,9.145888313383864,274.4,28.93,0.3184391550678458
2022-09-18 09:00:00+00:00,9.13198878707173,274.5,28.56,0.31628349396996225
2022-09-18 10:00:00+00:00,8.951294945013995,274.0,27.95,0.28913914651179634
2022-09-18 11:00:00+00:00,8.325816260967986,273.2,26.98,0.2072196852388606
2022-09-18 12:00:00+00:00,6.074092998402354,271.7,25.23,0.03984955509228037
2022-09-18 13:00:00+00:00,4.920432314495271,268.5,23.48,0.009715596884865342
2022-09-18 14:00:00+00:00,5.698805787974748,266.6,22.9,0.02696418948293244
2022-09-18 15:00:00+00:00,6.268686366772223,266.2,22.36,0.047906255528068174
2022-09-18 16:00:00+00:00,6.33818399833289,265.9,21.89,0.05102738172015916
2022-09-18 17:00:00+00:00,6.06019347209022,265.4,21.56,0.039311455595912086
2022-09-18 18:00:00+00:00,5.768303419535417,265.0,21.27,0.02910137700652688
2022-09-18 19:00:00+00:00,5.5876095774776795,265.7,21.01,0.02376669109065298
2022-09-18 20:00:00+00:00,5.017728998680205,267.3,20.74,0.011268366887599923
2022-09-18 21:00:00+00:00,4.572944156691932,267.7,20.53,0.005338415648238799
2022-09-18 22:00:00+00:00,4.614642735628332,268.3,20.4,0.005774332669084107
2022-09-18 23:00:00+00:00,4.586843683004066,269.1,20.27,0.0054811907186705505
2022-09-19 00:00:00+00:00,5.212322367050074,270.5,20.25,0.01485312042444501
2022-09-19 01:00:00+00:00,5.948997261593152,270.9,20.68,0.03517997929296452
2022-09-19 02:00:00+00:00,7.047059840251701,275.3,21.87,0.09092668325778094
2022-09-19 03:00:00+00:00,7.922729997916114,282.2,23.7,0.1636403954590566
2022-09-19 04:00:00+00:00,8.117323366285982,286.3,25.26,0.18382351026751492
2022-09-19 05:00:00+00:00,8.159021945222383,287.1,26.32,0.18835389152432733
2022-09-19 06:00:00+00:00,8.325816260967986,285.9,26.96,0.2072196852388606
2022-09-19 07:00:00+00:00,8.673304418771325,284.8,27.18,0.2504844294338873
2022-09-19 08:00:00+00:00,8.979093997638262,284.1,27.13,0.29320988985536467
2022-09-19 09:00:00+00:00,9.201486418632399,282.7,26.88,0.3271597460844485
2022-09-19 10:00:00+00:00,9.173687366008132,280.3,26.32,0.3227798170479327
2022-09-19 11:00:00+00:00,8.089524313661716,276.8,25.22,0.18084397814470093
2022-09-19 12:00:00+00:00,6.53277736670276,272.7,23.74,0.06048132260143082
2022-09-19 13:00:00+00:00,5.810001998471816,270.5,22.35,0.03043633517206254
2022-09-19 14:00:00+00:00,5.990695840529551,269.9,21.77,0.03669350616640907
2022-09-19 15:00:00+00:00,5.796102472159683,271.0,21.23,0.029986910408868205
2022-09-19 16:00:00+00:00,6.004595366841686,271.6,20.96,0.03720749665066583
2022-09-19 17:00:00+00:00,6.282585893084356,271.8,20.84,0.04851999730082746
2022-09-19 18:00:00+00:00,6.087992524714487,271.2,20.63,0.04039254269587205
2022-09-19 19:00:00+00:00,5.768303419535417,272.2,20.44,0.02910137700652688
2022-09-19 20:00:00+00:00,5.448614314356345,276.9,20.27,0.02013880161320679
2022-09-19 21:00:00+00:00,5.1289252091772735,283.3,20.09,0.013235906344139632
2022-09-19 22:00:00+00:00,5.0594275776166056,290.1,19.92,0.011981523497830396
2022-09-19 23:00:00+00:00,5.379116682795677,293.9,19.87,0.01847224579475195
2022-09-20 00:00:00+00:00,5.15672426180154,293.7,19.75,0.013761201160245875
2022-09-20 01:00:00+00:00,5.39301620910781,289.9,20.06,0.018797902497632125
2022-09-20 02:00:00+00:00,6.06019347209022,287.4,21.01,0.039311455595912086
2022-09-20 03:00:00+00:00,6.560576419327027,287.9,22.3,0.06192035044261896
2022-09-20 04:00:00+00:00,6.53277736670276,286.2,23.55,0.06048132260143082
2022-09-20 05:00:00+00:00,6.657873103511962,284.5,24.58,0.06713645061274993
2022-09-20 06:00:00+00:00,7.186055103373036,283.5,25.31,0.10062069074974332
2022-09-20 07:00:00+00:00,7.6725385242977096,282.2,25.72,0.13993654398621
2022-09-20 08:00:00+00:00,8.006127155788914,279.8,25.86,0.17209890266771655
2022-09-20 09:00:00+00:00,8.145122418910251,276.9,25.7,0.18683559056024407
2022-09-20 10:00:00+00:00,7.95052905054038,274.7,25.14,0.16642835163124553
2022-09-20 11:00:00+00:00,6.741270261384763,272.7,24.15,0.07183394489804402
2022-09-20 12:00:00+00:00,5.017728998680205,268.3,22.8,0.011268366887599923
2022-09-20 13:00:00+00:00,4.545145104067665,263.9,21.66,0.005060346808923484
2022-09-20 14:00:00+00:00,4.753637998749668,259.7,21.15,0.007397625028250831
2022-09-20 15:00:00+00:00,5.281819998610742,258.2,20.8,0.016297335946699874
2022-09-20 16:00:00+00:00,5.657107209038348,258.9,20.54,0.025733550149738323
2022-09-20 17:00:00+00:00,5.657107209038348,260.5,20.32,0.025733550149738323
2022-09-20 18:00:00+00:00,5.365217156483543,262.6,20.04,0.018150372119076427
2022-09-20 19:00:00+00:00,5.226221893362208,265.6,19.8,0.01513483950649421
2022-09-20 20:00:00+00:00,5.254020945986475,268.3,19.64,0.015708919500994498
2022-09-20 21:00:00+00:00,5.615408630101947,272.7,19.52,0.024540936349453625
2022-09-20 22:00:00+00:00,5.54591099854128,277.5,19.32,0.02263612708252825
2022-09-20 23:00:00+00:00,4.989929946055938,282.1,19.08,0.010809007911421285
2022-09-21 00:00:00+00:00,4.962130893431671,287.3,18.98,0.010362305664819162
2022-09-21 01:00:00+00:00,5.35131763017141,288.6,19.53,0.017832259369005187
2022-09-21 02:00:00+00:00,6.546676893014894,291.8,20.96,0.06119801674120681
2022-09-21 03:00:00+00:00,6.880265524506099,294.7,22.77,0.08014137826755904
2022-09-21 04:00:00+00:00,6.3659830509571576,292.0,24.58,0.05231283374920702
2022-09-21 05:00:00+00:00,6.101892051026621,288.5,26.02,0.04094044050828759
2022-09-21 06:00:00+00:00,6.143590629963021,284.8,26.82,0.042613816214480814
2022-09-21 07:00:00+00:00,6.268686366772223,282.7,27.26,0.047906255528068174
2022-09-21 08:00:00+00:00,6.3659830509571576,282.5,27.29,0.05231283374920702
2022-09-21 09:00:00+00:00,6.240887314147956,282.9,26.92,0.04669434246983532
2022-09-21 10:00:00+00:00,6.310384945708623,283.0,26.5,0.04976316184163368
2022-09-21 11:00:00+00:00,5.573710051165546,282.4,25.56,0.023385751338868273
2022-09-21 12:00:00+00:00,4.044762156830858,280.1,24.0,0.0015643170236916096
2022-09-21 13:00:00+00:00,3.8362692621488548,275.0,22.5,0.0008022521214967887
2022-09-21 14:00:00+00:00,4.461747946194864,270.4,22.02,0.004284399388135919
2022-09-21 15:00:00+00:00,5.101126156553006,266.4,21.58,0.01272415232162491
2022-09-21 16:00:00+00:00,5.837801051096084,263.9,21.24,0.031348611330500535
2022-09-21 17:00:00+00:00,6.06019347209022,262.6,20.91,0.039311455595912086
2022-09-21 18:00:00+00:00,5.935097735281017,263.1,20.7,0.03468487818959025
2022-09-21 19:00:00+00:00,5.54591099854128,265.5,20.47,0.02263612708252825
2022-09-21 20:00:00+00:00,5.240121419674342,267.3,20.24,0.015420098498143919
2022-09-21 21:00:00+00:00,5.448614314356345,269.3,20.03,0.02013880161320679
2022-09-21 22:00:00+00:00,5.962896787905286,270.0,19.87,0.03567976958915885
2022-09-21 23:00:00+00:00,5.9767963142174185,270.0,19.64,0.036184271179773554
2022-09-22 00:00:00+00:00,5.7822029458475495,270.1,19.41,0.029541931720889748
2022-09-22 01:00:00+00:00,6.282585893084356,269.4,19.76,0.04851999730082746
2022-09-22 02:00:00+00:00,7.519643734864241,272.2,21.17,0.12664413416099704
2022-09-22 03:00:00+00:00,7.839332840043312,275.1,22.96,0.15546368257303958
2022-09-22 04:00:00+00:00,7.755935682170511,274.9,24.76,0.14756399006398443
2022-09-22 05:00:00+00:00,7.853232366355446,274.4,26.31,0.1568071016018623
2022-09-22 06:00:00+00:00,8.075624787349582,273.9,27.38,0.17936636239301096
2022-09-22 07:00:00+00:00,8.38141436621652,274.2,28.01,0.21377739126797088
2022-09-22 08:00:00+00:00,8.645505366147058,274.7,28.23,0.24682033948020748
2022-09-22 09:00:00+00:00,8.756701576644126,275.3,27.92,0.26169391310198736
2022-09-22 10:00:00+00:00,8.631605839834924,275.6,27.16,0.2450017709091073
2022-09-22 11:00:00+00:00,7.881031418979712,275.5,25.92,0.1595171130973227
2022-09-22 12:00:00+00:00,5.712705314286882,273.3,23.87,0.027382955853223256
2022-09-22 13:00:00+00:00,5.073327103928739,270.5,22.1,0.012225762279898732
2022-09-22 14:00:00+00:00,5.142824735489407,267.7,21.39,0.01349685010219363
2022-09-22 15:00:00+00:00,5.11502568286514,265.0,20.8,0.012978347784483516
2022-09-22 16:00:00+00:00,5.073327103928739,262.1,20.37,0.012225762279898732
2022-09-22 17:00:00+00:00,4.989929946055938,258.1,20.11,0.010809007911421285
2022-09-22 18:00:00+00:00,4.906532788183137,254.7,19.94,0.009506164109132393
2022-09-22 19:00:00+00:00,4.725838946125401,254.7,19.69,0.007051366166127606
2022-09-22 20:00:00+00:00,4.628542261940466,257.7,19.45,0.0059247437522666705
2022-09-22 21:00:00+00:00,4.531245577755532,261.2,19.21,0.004925008836839162
2022-09-22 22:00:00+00:00,4.461747946194864,263.6,19.02,0.004284399388135919
2022-09-22 23:00:00+00:00,4.4756474725069975,265.2,18.83,0.004407784228315372
2022-09-23 00:00:00+00:00,4.3366522093856625,265.8,18.62,0.0032758781055688304
2022-09-23 01:00:00+00:00,5.406915735419944,266.3,19.47,0.01912736432931732
2022-09-23 02:00:00+00:00,6.713471208760496,267.6,21.24,0.07024455328385079
2022-09-23 03:00:00+00:00,7.269452261245838,269.8,23.34,0.1067551800346648
2022-09-23 04:00:00+00:00,7.311150840182238,271.3,25.24,0.10991377571107316
2022-09-23 05:00:00+00:00,7.255552734933704,272.7,26.75,0.10571592196770735
2022-09-23 06:00:00+00:00,7.199954629685169,274.2,27.79,0.10162633611642759
2022-09-23 07:00:00+00:00,7.352849419118638,274.7,28.34,0.11313406773439343
2022-09-23 08:00:00+00:00,7.6725385242977096,274.5,28.4,0.13993654398621
2022-09-23 09:00:00+00:00,8.061725261037449,275.0,28.15,0.17789681737899846
2022-09-23 10:00:00+00:00,8.284117682031585,275.6,27.66,0.2023904030207143
2022-09-23 11:00:00+00:00,7.783734734794778,273.3,26.43,0.15016673554645646
2022-09-23 12:00:00+00:00,6.268686366772223,269.0,24.68,0.047906255528068174
2022-09-23 13:00:00+00:00,6.004595366841686,265.5,23.07,0.03720749665066583
2022-09-23 14:00:00+00:00,6.268686366772223,262.2,22.27,0.047906255528068174
2022-09-23 15:00:00+00:00,6.2964854193964905,260.2,21.56,0.04913895870481589
2022-09-23 16:00:00+00:00,6.157490156275155,260.0,21.11,0.04318157587819536
2022-09-23 17:00:00+00:00,5.86560010372035,260.9,20.81,0.03227893700900672
2022-09-23 18:00:00+00:00,5.657107209038348,262.5,20.53,0.025733550149738323
2022-09-23 19:00:00+00:00,5.768303419535417,265.4,20.35,0.02910137700652688
2022-09-23 20:00:00+00:00,5.337418103859276,267.6,20.16,0.01751788544293783
2022-09-23 21:00:00+00:00,4.781437051373935,268.0,19.9,0.007755037711124997
2022-09-23 22:00:00+00:00,4.489546998819131,267.2,19.71,0.0045335154916750515
2022-09-23 23:00:00+00:00,4.378350788322063,266.7,19.6,0.0035921275442228223
2022-09-24 00:00:00+00:00,4.308853156761395,265.7,19.51,0.0030757090183491102
2022-09-24 01:00:00+00:00,5.254020945986475,264.1,20.23,0.015708919500994498
2022-09-24 02:00:00+00:00,6.379882577269291,265.0,21.74,0.05296357707417774
2022-09-24 03:00:00+00:00,6.727370735072629,268.8,23.71,0.07103628564972683
2022-09-24 04:00:00+00:00,6.9219641034425,273.1,25.71,0.08275291765647853
2022-09-24 05:00:00+00:00,7.116557471812369,275.6,27.22,0.09569186541311687
2022-09-24 06:00:00+00:00,7.450146103303574,277.3,28.29,0.1208913647695221
2022-09-24 07:00:00+00:00,7.839332840043312,278.9,28.87,0.15546368257303958
2022-09-24 08:00:00+00:00,8.18682099784665,280.2,28.93,0.19141512559593396
2022-09-24 09:00:00+00:00,8.38141436621652,279.9,28.48,0.21377739126797088
2022-09-24 10:00:00+00:00,8.367514839904386,279.1,27.71,0.21212518455536553
2022-09-24 11:00:00+00:00,7.825433313731178,277.4,26.6,0.15412795855468794
2022-09-24 12:00:00+00:00,5.5876095774776795,273.3,24.67,0.02376669109065298
2022-09-24 13:00:00+00:00,4.4061498409463296,267.8,22.81,0.0038138822272128117
2022-09-24 14:00:00+00:00,4.6424417882526,262.1,22.16,0.006077744376233591
2022-09-24 15:00:00+00:00,4.850934682934603,257.9,21.62,0.008698527718115565
2022-09-24 16:00:00+00:00,5.198422840737941,256.6,21.27,0.014574919150395974
2022-09-24 17:00:00+00:00,5.226221893362208,255.9,21.03,0.01513483950649421
2022-09-24 18:00:00+00:00,5.045528051304472,254.7,20.77,0.01174055940615806
2022-09-24 19:00:00+00:00,5.15672426180154,255.2,20.57,0.013761201160245875
2022-09-24 20:00:00+00:00,5.0594275776166056,256.5,20.36,0.011981523497830396
2022-09-24 21:00:00+00:00,5.212322367050074,261.4,20.18,0.01485312042444501
2022-09-24 22:00:00+00:00,4.6702408408768665,266.1,19.95,0.006391602652921991
2022-09-24 23:00:00+00:00,4.503446525131265,271.6,19.76,0.0046616152798153255
2022-09-25 00:00:00+00:00,4.3366522093856625,277.0,19.57,0.0032758781055688304
2022-09-25 01:00:00+00:00,5.087226630240873,280.9,20.18,0.01247329785396345
2022-09-25 02:00:00+00:00,6.046293945778086,286.9,21.67,0.03877822210516686
2022-09-25 03:00:00+00:00,6.213088261523689,294.9,23.73,0.045503042717314215
2022-09-25 04:00:00+00:00,6.185289208899422,302.6,25.79,0.04433217945770191
2022-09-25 05:00:00+00:00,6.004595366841686,306.6,27.35,0.03720749665066583
2022-09-25 06:00:00+00:00,5.879499630032485,308.3,28.47,0.032750923672286346
2022-09-25 07:00:00+00:00,5.893399156344618,308.4,29.08,0.03322748902038412
2022-09-25 08:00:00+00:00,5.879499630032485,307.6,29.21,0.032750923672286346
2022-09-25 09:00:00+00:00,5.698805787974748,307.2,28.9,0.02696418948293244
2022-09-25 10:00:00+00:00,5.379116682795677,307.4,28.32,0.01847224579475195
2022-09-25 11:00:00+00:00,4.364451262009929,305.8,27.22,0.0034845488214943995
2022-09-25 12:00:00+00:00,3.294187735975647,301.2,25.59,3.492578399574811e-05
2022-09-25 13:00:00+00:00,3.26638868335138,292.5,24.18,2.593103107544525e-05
2022-09-25 14:00:00+00:00,3.627776367466852,284.7,23.64,0.0003393808709624709
2022-09-25 15:00:00+00:00,4.281054104137128,280.7,23.14,0.002883864747032247
2022-09-25 16:00:00+00:00,5.184523314425808,280.3,22.66,0.014300213582746675
2022-09-25 17:00:00+00:00,5.643207682726214,281.5,22.23,0.025331816625898403
2022-09-25 18:00:00+00:00,5.35131763017141,281.2,21.87,0.017832259369005187
2022-09-25 19:00:00+00:00,4.878733735558869,279.8,21.61,0.009096371174441733
2022-09-25 20:00:00+00:00,4.739738472437534,280.0,21.35,0.007223112420395537
2022-09-25 21:00:00+00:00,4.795336577686069,282.7,21.11,0.00793798198934463
2022-09-25 22:00:00+00:00,4.6424417882526,286.2,20.9,0.006077744376233591
2022-09-25 23:00:00+00:00,4.420049367258463,287.6,20.72,0.0039281023906751365
2022-09-26 00:00:00+00:00,4.350551735697795,288.0,20.62,0.0033791397091431905
2022-09-26 01:00:00+00:00,5.15672426180154,288.2,20.91,0.013761201160245875
2022-09-26 02:00:00+00:00,6.588375471951294,295.4,21.88,0.06338202493675352
2022-09-26 03:00:00+00:00,7.422347050679306,300.0,23.15,0.11863994488375919
2022-09-26 04:00:00+00:00,8.061725261037449,299.8,24.34,0.17789681737899846
2022-09-26 05:00:00+00:00,8.70110347139559,299.1,25.34,0.25418460381354163
2022-09-26 06:00:00+00:00,9.04859162919893,299.3,26.33,0.3035535134720765
2022-09-26 07:00:00+00:00,8.965194471326129,300.5,27.27,0.29116977556352974
2022-09-26 08:00:00+00:00,8.603806787210656,302.4,27.76,0.2413914760703842
2022-09-26 09:00:00+00:00,8.117323366285982,304.7,27.72,0.18382351026751492
2022-09-26 10:00:00+00:00,7.436246576991439,307.0,27.14,0.11976212779461047
2022-09-26 11:00:00+00:00,6.101892051026621,308.8,25.97,0.04094044050828759
2022-09-26 12:00:00+00:00,3.9057668937095227,309.4,24.15,0.0010193464164257086
2022-09-26 13:00:00+00:00,3.46098205172125,309.3,22.7,0.00013437687007828548
2022-09-26 14:00:00+00:00,3.405383946472716,309.5,22.28,9.138440963821283e-05
2022-09-26 15:00:00+00:00,3.405383946472716,309.0,21.91,9.138440963821283e-05
2022-09-26 16:00:00+00:00,3.627776367466852,306.1,21.58,0.0003393808709624709
2022-09-26 17:00:00+00:00,4.16985789364006,301.4,21.25,0.0021961995647331533
2022-09-26 18:00:00+00:00,4.753637998749668,296.0,20.9,0.007397625028250831
2022-09-26 19:00:00+00:00,5.15672426180154,291.9,20.6,0.013761201160245875
2022-09-26 20:00:00+00:00,5.309619051235009,290.7,20.4,0.016900265656413307
2022-09-26 21:00:00+00:00,5.212322367050074,291.3,20.24,0.01485312042444501
2022-09-26 22:00:00+00:00,4.989929946055938,292.8,20.08,0.010809007911421285
2022-09-26 23:00:00+00:00,4.837035156622469,296.1,19.93,0.008504031790338215
2022-09-27 00:00:00+00:00,4.837035156622469,299.2,19.8,0.008504031790338215
2022-09-27 01:00:00+00:00,5.601509103789814,299.4,20.11,0.024151745393648
2022-09-27 02:00:00+00:00,6.463279735142093,304.9,21.44,0.05698167177108102
2022-09-27 03:00:00+00:00,5.851700577408217,307.1,23.17,0.031811506928944924
2022-09-27 04:00:00+00:00,4.837035156622469,304.9,24.71,0.008504031790338215
2022-09-27 05:00:00+00:00,4.267154577824994,296.9,25.77,0.002791009163336437
2022-09-27 06:00:00+00:00,4.308853156761395,289.0,26.41,0.0030757090183491102
2022-09-27 07:00:00+00:00,4.572944156691932,284.4,26.76,0.005338415648238799
2022-09-27 08:00:00+00:00,4.906532788183137,281.4,27.12,0.009506164109132393
2022-09-27 09:00:00+00:00,5.226221893362208,281.0,27.24,0.01513483950649421
2022-09-27 10:00:00+00:00,5.379116682795677,282.7,27.05,0.01847224579475195
2022-09-27 11:00:00+00:00,5.045528051304472,283.9,26.28,0.01174055940615806
2022-09-27 12:00:00+00:00,3.5026806306576503,282.2,24.57,0.00017424042651131133
2022-09-27 13:00:00+00:00,3.4470825254091157,278.1,22.77,0.00012258449944002242
2022-09-27 14:00:00+00:00,3.8362692621488548,275.2,22.14,0.0008022521214967887
2022-09-27 15:00:00+00:00,4.392250314634197,273.5,21.69,0.0037018979789288364
2022-09-27 16:00:00+00:00,4.962130893431671,271.8,21.32,0.010362305664819162
2022-09-27 17:00:00+00:00,5.198422840737941,270.5,20.96,0.014574919150395974
2022-09-27 18:00:00+00:00,5.267920472298608,269.8,20.73,0.016001324616646363
2022-09-27 19:00:00+00:00,5.281819998610742,269.7,20.62,0.016297335946699874
2022-09-27 20:00:00+00:00,5.226221893362208,270.2,20.48,0.01513483950649421
2022-09-27 21:00:00+00:00,5.254020945986475,271.1,20.35,0.015708919500994498
2022-09-27 22:00:00+00:00,5.295719524922876,272.7,20.21,0.01659697559275541
2022-09-27 23:00:00+00:00,5.267920472298608,274.2,20.05,0.016001324616646363
2022-09-28 00:00:00+00:00,5.184523314425808,276.0,19.9,0.014300213582746675
2022-09-28 01:00:00+00:00,6.06019347209022,279.6,20.36,0.039311455595912086
2022-09-28 02:00:00+00:00,7.380648471742905,287.2,22.18,0.11531549951956305
2022-09-28 03:00:00+00:00,7.575241840112775,291.9,24.42,0.13137557719050022
2022-09-28 04:00:00+00:00,6.977562208691032,292.2,26.36,0.0863223815836885
2022-09-28 05:00:00+00:00,6.213088261523689,291.9,27.75,0.045503042717314215
2022-09-28 06:00:00+00:00,5.740504366911149,292.3,28.65,0.028233451092246224
2022-09-28 07:00:00+00:00,5.5181119459170125,293.0,29.12,0.02190269581182482
2022-09-28 08:00:00+00:00,5.462513840668478,293.0,29.23,0.020483704976115853
2022-09-28 09:00:00+00:00,5.434714788044212,290.7,29.0,0.01979779178550429
2022-09-28 10:00:00+00:00,5.5181119459170125,286.4,28.16,0.02190269581182482
2022-09-28 11:00:00+00:00,5.39301620910781,282.2,26.89,0.018797902497632125
2022-09-28 12:00:00+00:00,4.739738472437534,276.2,25.23,0.007223112420395537
2022-09-28 13:00:00+00:00,5.226221893362208,269.5,24.13,0.01513483950649421
2022-09-28 14:00:00+00:00,6.254786840460089,263.9,23.57,0.047297711284937566
2022-09-28 15:00:00+00:00,6.574475945639161,258.9,23.01,0.0626483458072678
2022-09-28 16:00:00+00:00,6.671772629824095,254.8,22.58,0.06790469646486533
2022-09-28 17:00:00+00:00,6.379882577269291,252.1,22.22,0.05296357707417774
2022-09-28 18:00:00+00:00,5.851700577408217,251.7,21.93,0.031811506928944924
2022-09-28 19:00:00+00:00,5.39301620910781,253.7,21.62,0.018797902497632125
2022-09-28 20:00:00+00:00,5.615408630101947,255.7,21.33,0.024540936349453625
2022-09-28 21:00:00+00:00,6.240887314147956,255.8,21.1,0.04669434246983532
2022-09-28 22:00:00+00:00,6.671772629824095,257.6,20.94,0.06790469646486533
2022-09-28 23:00:00+00:00,6.866365998193966,261.5,20.94,0.07928323460681022
2022-09-29 00:00:00+00:00,6.324284472020757,266.6,20.92,0.05039262881288134
2022-09-29 01:00:00+00:00,6.074092998402354,273.4,21.03,0.03984955509228037
2022-09-29 02:00:00+00:00,6.33818399833289,278.8,21.57,0.05102738172015916
2022-09-29 03:00:00+00:00,7.436246576991439,290.6,22.57,0.11976212779461047
2022-09-29 04:00:00+00:00,8.075624787349582,298.9,23.92,0.17936636239301096
2022-09-29 05:00:00+00:00,7.978328103164648,303.9,25.36,0.16924779509653126
2022-09-29 06:00:00+00:00,7.519643734864241,306.9,26.44,0.12664413416099704
2022-09-29 07:00:00+00:00,7.060959366563835,307.6,27.02,0.09186676084394715
2022-09-29 08:00:00+00:00,6.6300740508876945,306.1,26.97,0.06561738593023632
2022-09-29 09:00:00+00:00,6.143590629963021,302.1,26.52,0.042613816214480814
2022-09-29 10:00:00+00:00,5.643207682726214,296.6,25.85,0.025331816625898403
2022-09-29 11:00:00+00:00,4.753637998749668,288.2,24.95,0.007397625028250831
2022-09-29 12:00:00+00:00,3.9057668937095227,278.2,23.86,0.0010193464164257086
2022-09-29 13:00:00+00:00,4.447848419882731,273.4,23.22,0.004163338869536317
2022-09-29 14:00:00+00:00,5.448614314356345,272.6,23.01,0.02013880161320679
2022-09-29 15:00:00+00:00,5.9767963142174185,272.9,22.78,0.036184271179773554
2022-09-29 16:00:00+00:00,6.310384945708623,273.2,22.53,0.04976316184163368
2022-09-29 17:00:00+00:00,6.199188735211555,271.7,22.24,0.04491506757669464
2022-09-29 18:00:00+00:00,6.49107878776636,272.9,22.02,0.058364856535916415
2022-09-29 19:00:00+00:00,6.616174524575561,275.9,21.83,0.06486652289663741
2022-09-29 20:00:00+00:00,6.129691103650888,274.7,21.67,0.04205105516599162
2022-09-29 21:00:00+00:00,5.434714788044212,271.6,21.57,0.01979779178550429
2022-09-29 22:00:00+00:00,4.809236103998202,270.2,21.52,0.008123781027553128
2022-09-29 23:00:00+00:00,4.489546998819131,273.0,21.49,0.0045335154916750515
2022-09-30 00:00:00+00:00,3.8779678410852556,278.7,21.4,0.000928342636962328
2022-09-30 01:00:00+00:00,3.97526452527019,287.9,21.59,0.00127244715047499
2022-09-30 02:00:00+00:00,4.767537525061802,293.4,22.36,0.007574926091293861
2022-09-30 03:00:00+00:00,4.948231367119537,300.4,23.51,0.010143645561108344
2022-09-30 04:00:00+00:00,4.322752683073529,312.5,25.08,0.003174741909170927
2022-09-30 05:00:00+00:00,3.1134938939179113,326.1,26.33,2.0053489814363437e-06
2022-09-30 06:00:00+00:00,2.4463166309355016,332.3,27.04,0.0
2022-09-30 07:00:00+00:00,2.2517232625656325,334.1,27.17,0.0
2022-09-30 08:00:00+00:00,2.140527052068564,325.6,26.94,0.0
2022-09-30 09:00:00+00:00,2.376818999374834,312.9,26.29,0.0
2022-09-30 10:00:00+00:00,2.613110946681104,305.7,25.45,0.0
2022-09-30 11:00:00+00:00,2.4324171046233682,302.9,24.55,0.0
2022-09-30 12:00:00+00:00,2.4463166309355016,301.8,23.62,0.0
2022-09-30 13:00:00+00:00,2.0571298941957625,296.0,22.98,0.0
2022-09-30 14:00:00+00:00,2.3351204204384333,287.4,22.56,0.0
2022-09-30 15:00:00+00:00,2.6826085782417715,279.9,22.36,0.0
2022-09-30 16:00:00+00:00,3.141292946542178,276.6,22.21,3.869313493322774e-06
2022-09-30 17:00:00+00:00,3.864068314773122,276.2,22.14,0.000884945879576919
2022-09-30 18:00:00+00:00,4.531245577755532,277.2,22.12,0.004925008836839162
2022-09-30 19:00:00+00:00,4.989929946055938,279.6,22.15,0.010809007911421285
2022-09-30 20:00:00+00:00,5.101126156553006,281.5,22.15,0.01272415232162491
2022-09-30 21:00:00+00:00,5.184523314425808,281.9,22.1,0.014300213582746675
2022-09-30 22:00:00+00:00,5.309619051235009,282.3,22.02,0.016900265656413307
2022-09-30 23:00:00+00:00,5.559810524853413,282.9,22.02,0.023008904036693503
2022-10-01 00:00:00+00:00,5.420815261732077,283.8,21.97,0.019460653391407894
2022-10-01 01:00:00+00:00,5.5181119459170125,286.7,22.16,0.02190269581182482
2022-10-01 02:00:00+00:00,6.310384945708623,289.3,22.94,0.04976316184163368
2022-10-01 03:00:00+00:00,6.643973577199828,293.9,24.0,0.06637402113507371
2022-10-01 04:00:00+00:00,7.505744208552108,304.4,25.22,0.12547929534177862
2022-10-01 05:00:00+00:00,7.686438050609843,312.7,26.1,0.14118908159500354
2022-10-01 06:00:00+00:00,7.436246576991439,316.4,26.44,0.11976212779461047
2022-10-01 07:00:00+00:00,7.130456998124502,314.9,26.61,0.0966644506195374
2022-10-01 08:00:00+00:00,6.477179261454226,309.9,26.76,0.057670499626681526
2022-10-01 09:00:00+00:00,5.712705314286882,304.0,26.67,0.027382955853223256
2022-10-01 10:00:00+00:00,4.767537525061802,296.3,26.11,0.007574926091293861
2022-10-01 11:00:00+00:00,4.253255051512861,285.9,25.11,0.002700168478815222
2022-10-01 12:00:00+00:00,3.8779678410852556,272.3,23.85,0.000928342636962328
2022-10-01 13:00:00+00:00,4.767537525061802,265.8,23.16,0.007574926091293861
2022-10-01 14:00:00+00:00,5.601509103789814,263.9,22.83,0.024151745393648
2022-10-01 15:00:00+00:00,6.574475945639161,263.4,22.53,0.0626483458072678
2022-10-01 16:00:00+00:00,7.297251313870104,265.2,22.23,0.10885408480474731
2022-10-01 17:00:00+00:00,7.338949892806506,268.5,21.97,0.11205374507429589
2022-10-01 18:00:00+00:00,6.935863629754633,272.5,21.79,0.08363587392701052
2022-10-01 19:00:00+00:00,6.518877840390627,276.2,21.61,0.059770245921690696
2022-10-01 20:00:00+00:00,6.157490156275155,278.4,21.45,0.04318157587819536
2022-10-01 21:00:00+00:00,6.101892051026621,281.6,21.31,0.04094044050828759
2022-10-01 22:00:00+00:00,5.921198208968884,286.1,21.19,0.034194444177435696
2022-10-01 23:00:00+00:00,5.671006735350481,291.3,21.08,0.026139508732790348
2022-10-02 00:00:00+00:00,5.254020945986475,295.0,20.97,0.015708919500994498
2022-10-02 01:00:00+00:00,5.462513840668478,297.7,21.25,0.020483704976115853
2022-10-02 02:00:00+00:00,6.685672156136229,307.8,22.32,0.06867878079302038
2022-10-02 03:00:00+00:00,7.4779451559278405,321.8,24.02,0.12317108931792753
2022-10-02 04:00:00+00:00,6.838566945569697,330.8,25.8,0.07758536887904664
2022-10-02 05:00:00+00:00,6.01849489315382,333.3,27.03,0.03772626473414412
2022-10-02 06:00:00+00:00,5.490312893292746,329.3,27.75,0.02118528071395504
2022-10-02 07:00:00+00:00,5.365217156483543,323.0,28.21,0.018150372119076427
2022-10-02 08:00:00+00:00,5.448614314356345,318.0,28.34,0.02013880161320679
2022-10-02 09:00:00+00:00,5.5876095774776795,314.2,28.13,0.02376669109065298
2022-10-02 10:00:00+00:00,5.337418103859276,311.2,27.64,0.01751788544293783
2022-10-02 11:00:00+00:00,4.364451262009929,306.7,26.61,0.0034845488214943995
2022-10-02 12:00:00+00:00,3.488781104345516,297.8,25.03,0.0001601827320135531
2022-10-02 13:00:00+00:00,3.725073051651787,288.9,23.56,0.0005228989436636271
2022-10-02 14:00:00+00:00,4.628542261940466,285.7,23.11,0.0059247437522666705
2022-10-02 15:00:00+00:00,5.5181119459170125,283.3,22.64,0.02190269581182482
2022-10-02 16:00:00+00:00,5.879499630032485,281.0,22.14,0.032750923672286346
2022-10-02 17:00:00+00:00,5.851700577408217,281.1,21.71,0.031811506928944924
2022-10-02 18:00:00+00:00,5.615408630101947,282.3,21.5,0.024540936349453625
2022-10-02 19:00:00+00:00,5.198422840737941,285.0,21.26,0.014574919150395974
2022-10-02 20:00:00+00:00,4.725838946125401,289.4,21.02,0.007051366166127606
2022-10-02 21:00:00+00:00,4.517346051443398,295.3,20.86,0.004792105694336564
2022-10-02 22:00:00+00:00,4.850934682934603,302.2,20.79,0.008698527718115565
2022-10-02 23:00:00+00:00,4.976030419743805,308.8,20.72,0.010584085747723354
2022-10-03 00:00:00+00:00,4.6424417882526,314.9,20.57,0.006077744376233591
2022-10-03 01:00:00+00:00,5.267920472298608,322.3,20.91,0.016001324616646363
2022-10-03 02:00:00+00:00,6.977562208691032,332.7,22.17,0.0863223815836885
2022-10-03 03:00:00+00:00,7.589141366424909,343.4,24.28,0.1325765703940351
2022-10-03 04:00:00+00:00,7.464045629615707,353.9,26.31,0.12202767791009429
2022-10-03 05:00:00+00:00,6.908064577130365,355.7,27.68,0.08187619769079278
2022-10-03 06:00:00+00:00,6.546676893014894,352.2,28.65,0.06119801674120681
2022-10-03 07:00:00+00:00,6.449380208829958,346.9,29.26,0.056298350867514384
2022-10-03 08:00:00+00:00,6.5049783140784925,341.4,29.57,0.05906476460038596
2022-10-03 09:00:00+00:00,6.616174524575561,338.0,29.51,0.06486652289663741
2022-10-03 10:00:00+00:00,6.49107878776636,336.0,29.15,0.058364856535916415
2022-10-03 11:00:00+00:00,5.39301620910781,334.4,27.97,0.018797902497632125
2022-10-03 12:00:00+00:00,3.8223697358367215,330.8,25.74,0.0007629109176013152
2022-10-03 13:00:00+00:00,3.8223697358367215,326.9,24.09,0.0007629109176013152
2022-10-03 14:00:00+00:00,3.9335659463337898,324.1,23.54,0.0011161112261483472
2022-10-03 15:00:00+00:00,3.989164051582324,320.1,23.04,0.0013276311875834244
2022-10-03 16:00:00+00:00,4.142058841015793,315.3,22.64,0.002043327180885438
2022-10-03 17:00:00+00:00,4.6424417882526,312.1,22.28,0.006077744376233591
2022-10-03 18:00:00+00:00,5.1289252091772735,309.5,21.88,0.013235906344139632
2022-10-03 19:00:00+00:00,5.490312893292746,307.2,21.6,0.02118528071395504
2022-10-03 20:00:00+00:00,5.337418103859276,306.4,21.4,0.01751788544293783
2022-10-03 21:00:00+00:00,4.9343318408074035,307.7,21.24,0.009928083334990526
2022-10-03 22:00:00+00:00,4.559044630379798,310.3,21.03,0.005198141712189899
2022-10-03 23:00:00+00:00,4.461747946194864,313.2,20.79,0.004284399388135919
2022-10-04 00:00:00+00:00,4.559044630379798,315.5,20.59,0.005198141712189899
2022-10-04 01:00:00+00:00,5.504212419604879,319.5,20.94,0.0215419972920859
2022-10-04 02:00:00+00:00,6.810767892945432,333.1,22.45,0.07591191793225965
2022-10-04 03:00:00+00:00,7.519643734864241,346.8,24.65,0.12664413416099704
2022-10-04 04:00:00+00:00,7.825433313731178,357.6,26.45,0.15412795855468794
2022-10-04 05:00:00+00:00,7.686438050609843,0.1,27.47,0.14118908159500354
2022-10-04 06:00:00+00:00,7.658638997985576,358.3,28.05,0.138691436168683
2022-10-04 07:00:00+00:00,7.616940419049176,357.5,28.34,0.13500047044769847
2022-10-04 08:00:00+00:00,7.269452261245838,356.6,28.29,0.1067551800346648
2022-10-04 09:00:00+00:00,6.560576419327027,356.0,28.0,0.06192035044261896
2022-10-04 10:00:00+00:00,5.796102472159683,357.4,27.62,0.029986910408868205
2022-10-04 11:00:00+00:00,4.364451262009929,359.6,26.73,0.0034845488214943995
2022-10-04 12:00:00+00:00,3.0161972097329763,356.6,25.16,5.82898703062398e-09
2022-10-04 13:00:00+00:00,2.7938047887388398,340.6,23.84,0.0
2022-10-04 14:00:00+00:00,2.946699578172309,325.8,23.41,0.0
2022-10-04 15:00:00+00:00,3.1134938939179113,317.5,22.96,2.0053489814363437e-06
2022-10-04 16:00:00+00:00,3.2524891570392462,314.1,22.65,2.2080081336773903e-05
2022-10-04 17:00:00+00:00,3.5026806306576503,315.8,22.31,0.00017424042651131133
2022-10-04 18:00:00+00:00,3.669474946403253,317.6,21.99,0.00041160008819737294
2022-10-04 19:00:00+00:00,3.669474946403253,316.4,21.66,0.00041160008819737294
2022-10-04 20:00:00+00:00,3.725073051651787,311.7,21.38,0.0005228989436636271
2022-10-04 21:00:00+00:00,4.114259788391525,309.5,21.19,0.0018977187361225354
2022-10-04 22:00:00+00:00,4.503446525131265,310.9,21.04,0.0046616152798153255
2022-10-04 23:00:00+00:00,4.559044630379798,313.8,20.96,0.005198141712189899
2022-10-05 00:00:00+00:00,4.392250314634197,318.1,20.93,0.0037018979789288364
2022-10-05 01:00:00+00:00,4.837035156622469,323.3,21.24,0.008504031790338215
2022-10-05 02:00:00+00:00,5.434714788044212,331.1,22.31,0.01979779178550429
2022-10-05 03:00:00+00:00,6.157490156275155,348.0,24.08,0.04318157587819536
2022-10-05 04:00:00+00:00,6.699571682448363,353.7,25.78,0.06945872569881545
2022-10-05 05:00:00+00:00,6.477179261454226,347.2,27.05,0.057670499626681526
2022-10-05 06:00:00+00:00,6.1713896825872885,341.4,28.03,0.0437543562587356
2022-10-05 07:00:00+00:00,5.671006735350481,338.6,28.33,0.026139508732790348
2022-10-05 08:00:00+00:00,5.017728998680205,335.8,27.97,0.011268366887599923
2022-10-05 09:00:00+00:00,4.614642735628332,331.3,27.41,0.005774332669084107
2022-10-05 10:00:00+00:00,4.350551735697795,327.4,26.48,0.0033791397091431905
2022-10-05 11:00:00+00:00,3.5999773148425844,321.9,25.3,0.00029626268992632233
2022-10-05 12:00:00+00:00,3.0717953149815105,313.5,24.06,5.076457881257117e-07
2022-10-05 13:00:00+00:00,3.2524891570392462,301.7,23.19,2.2080081336773903e-05
2022-10-05 14:00:00+00:00,4.489546998819131,292.6,22.82,0.0045335154916750515
2022-10-05 15:00:00+00:00,5.448614314356345,287.0,22.5,0.02013880161320679
2022-10-05 16:00:00+00:00,4.072561209455126,288.3,22.29,0.0016925391767556356
2022-10-05 17:00:00+00:00,3.488781104345516,288.1,22.19,0.0001601827320135531
2022-10-05 18:00:00+00:00,3.752872104276054,283.7,22.05,0.0005853775855548267
2022-10-05 19:00:00+00:00,3.69727399902752,282.2,21.92,0.0004650320488121447
2022-10-05 20:00:00+00:00,3.5582787359061845,290.1,21.82,0.00023868533204526545
2022-10-05 21:00:00+00:00,3.627776367466852,302.2,21.75,0.0003393808709624709
2022-10-05 22:00:00+00:00,3.8362692621488548,307.5,21.66,0.0008022521214967887
2022-10-05 23:00:00+00:00,3.780671156900321,304.8,21.55,0.0006526447872887494
2022-10-06 00:00:00+00:00,3.711173525339653,296.3,21.41,0.0004934000786581087
2022-10-06 01:00:00+00:00,4.6424417882526,298.4,21.57,0.006077744376233591
2022-10-06 02:00:00+00:00,5.810001998471816,308.1,22.08,0.03043633517206254
2022-10-06 03:00:00+00:00,6.866365998193966,319.3,22.76,0.07928323460681022
2022-10-06 04:00:00+00:00,7.533543261176375,323.4,23.67,0.12781615965387816
2022-10-06 05:00:00+00:00,7.4779451559278405,321.9,24.63,0.12317108931792753
2022-10-06 06:00:00+00:00,7.144356524436635,317.5,25.22,0.0976436036548099
2022-10-06 07:00:00+00:00,6.810767892945432,312.8,25.5,0.07591191793225965
2022-10-06 08:00:00+00:00,6.449380208829958,308.4,25.52,0.056298350867514384
2022-10-06 09:00:00+00:00,6.004595366841686,304.1,25.3,0.03720749665066583
2022-10-06 10:00:00+00:00,5.420815261732077,299.5,24.82,0.019460653391407894
2022-10-06 11:00:00+00:00,4.545145104067665,291.2,24.21,0.005060346808923484
2022-10-06 12:00:00+00:00,3.5860777885304516,279.6,23.34,0.000276145683743258
2022-10-06 13:00:00+00:00,4.3366522093856625,268.2,22.74,0.0032758781055688304
2022-10-06 14:00:00+00:00,5.879499630032485,261.9,22.5,0.032750923672286346
2022-10-06 15:00:00+00:00,6.643973577199828,258.9,22.22,0.06637402113507371
2022-10-06 16:00:00+00:00,6.880265524506099,257.3,21.95,0.08014137826755904
2022-10-06 17:00:00+00:00,6.935863629754633,257.7,21.72,0.08363587392701052
2022-10-06 18:00:00+00:00,6.76906931400903,259.8,21.52,0.0734471324484032
2022-10-06 19:00:00+00:00,6.6300740508876945,264.2,21.35,0.06561738593023632
2022-10-06 20:00:00+00:00,6.949763156066766,271.5,21.19,0.08452508860398927
2022-10-06 21:00:00+00:00,6.616174524575561,276.3,21.0,0.06486652289663741
2022-10-06 22:00:00+00:00,6.268686366772223,277.8,20.83,0.047906255528068174
2022-10-06 23:00:00+00:00,6.004595366841686,275.6,20.68,0.03720749665066583
2022-10-07 00:00:00+00:00,5.532011472229145,269.0,20.56,0.02226739837477213
2022-10-07 01:00:00+00:00,5.726604840599015,263.9,20.74,0.027806035689127713
2022-10-07 02:00:00+00:00,6.880265524506099,271.7,21.7,0.08014137826755904
2022-10-07 03:00:00+00:00,7.311150840182238,280.2,23.25,0.10991377571107316
2022-10-07 04:00:00+00:00,7.102657945500235,280.6,25.08,0.09472582593394793
2022-10-07 05:00:00+00:00,6.991461735003167,276.6,26.4,0.08723050408960982
2022-10-07 06:00:00+00:00,7.033160313939566,271.1,27.31,0.0899930408908644
2022-10-07 07:00:00+00:00,7.0192607876274336,266.0,27.96,0.08906581164159735
2022-10-07 08:00:00+00:00,6.935863629754633,261.7,28.22,0.08363587392701052
2022-10-07 09:00:00+00:00,6.8941650508182315,257.4,28.0,0.08100569192835308
2022-10-07 10:00:00+00:00,6.782968840321163,253.7,27.27,0.07426270495364592
2022-10-07 11:00:00+00:00,6.407681629893559,250.5,26.17,0.05428120885301468
2022-10-07 12:00:00+00:00,4.976030419743805,246.9,24.37,0.010584085747723354
2022-10-07 13:00:00+00:00,5.003829472368071,244.6,22.97,0.011037094257513352
2022-10-07 14:00:00+00:00,5.684906261662614,242.8,22.28,0.026549714476654915
2022-10-07 15:00:00+00:00,5.54591099854128,241.1,21.58,0.02263612708252825
2022-10-07 16:00:00+00:00,5.39301620910781,240.7,21.06,0.018797902497632125
2022-10-07 17:00:00+00:00,5.337418103859276,241.4,20.75,0.01751788544293783
2022-10-07 18:00:00+00:00,5.017728998680205,242.1,20.5,0.011268366887599923
2022-10-07 19:00:00+00:00,4.739738472437534,243.0,20.28,0.007223112420395537
2022-10-07 20:00:00+00:00,4.698039893501134,244.4,20.05,0.006716084311952335
2022-10-07 21:00:00+00:00,4.433948893570597,244.0,19.86,0.00404458057091618
2022-10-07 22:00:00+00:00,3.683374472715386,242.4,19.64,0.00043777275252535725
2022-10-07 23:00:00+00:00,3.0439962623572434,243.4,19.38,1.168207045471248e-07
2022-10-08 00:00:00+00:00,2.905000999235908,249.6,19.31,0.0
2022-10-08 01:00:00+00:00,3.5582787359061845,254.8,20.01,0.00023868533204526545
2022-10-08 02:00:00+00:00,4.586843683004066,259.7,21.6,0.0054811907186705505
2022-10-08 03:00:00+00:00,4.503446525131265,267.3,23.45,0.0046616152798153255
2022-10-08 04:00:00+00:00,3.752872104276054,274.9,25.4,0.0005853775855548267
2022-10-08 05:00:00+00:00,2.7104076308660385,276.2,26.97,0.0
2022-10-08 06:00:00+00:00,1.84863699951376,267.4,28.05,0.0
2022-10-08 07:00:00+00:00,1.5011488417104215,254.4,28.74,0.0
2022-10-08 08:00:00+00:00,1.5428474206468221,252.7,29.17,0.0
2022-10-08 09:00:00+00:00,1.7513403153288252,258.1,29.25,0.0
2022-10-08 10:00:00+00:00,1.987632262635095,263.2,28.94,0.0
2022-10-08 11:00:00+00:00,2.112727999444297,267.4,28.12,0.0
2022-10-08 12:00:00+00:00,2.2239242099413654,271.4,26.62,0.0
2022-10-08 13:00:00+00:00,2.6548095256175044,273.6,24.84,0.0
2022-10-08 14:00:00+00:00,3.4470825254091157,276.2,23.89,0.00012258449944002242
2022-10-08 15:00:00+00:00,3.891867367397389,278.4,23.19,0.0009731354487117983
2022-10-08 16:00:00+00:00,3.947465472645923,280.8,22.55,0.001166709271357827
2022-10-08 17:00:00+00:00,3.8779678410852556,283.2,22.05,0.000928342636962328
2022-10-08 18:00:00+00:00,3.752872104276054,285.7,21.68,0.0005853775855548267
2022-10-08 19:00:00+00:00,3.488781104345516,287.6,21.38,0.0001601827320135531
2022-10-08 20:00:00+00:00,3.210790578102846,290.6,21.18,1.2847719802171193e-05
2022-10-08 21:00:00+00:00,2.877201946611641,294.2,20.98,0.0
2022-10-08 22:00:00+00:00,2.640909999305371,297.6,20.76,0.0
2022-10-08 23:00:00+00:00,2.4741156835597686,302.3,20.58,0.0
2022-10-09 00:00:00+00:00,2.3212208941263,308.2,20.47,0.0
2022-10-09 01:00:00+00:00,3.03009673604511,315.2,20.9,3.739647521900956e-08
2022-10-09 02:00:00+00:00,3.405383946472716,328.5,22.18,9.138440963821283e-05
2022-10-09 03:00:00+00:00,3.196891051790712,345.9,23.68,1.0470089849854629e-05
2022-10-09 04:00:00+00:00,2.7382066834903056,3.5,24.99,0.0
2022-10-09 05:00:00+00:00,2.4185175783112345,23.3,25.99,0.0
2022-10-09 06:00:00+00:00,2.3907185256869674,40.1,26.64,0.0
2022-10-09 07:00:00+00:00,2.5297137888083028,49.5,27.13,0.0
2022-10-09 08:00:00+00:00,2.5714123677447036,54.7,27.33,0.0
2022-10-09 09:00:00+00:00,2.585311894056837,57.5,27.29,0.0
2022-10-09 10:00:00+00:00,2.5436133151204365,59.8,27.02,0.0
2022-10-09 11:00:00+00:00,2.3351204204384333,60.8,26.52,0.0
2022-10-09 12:00:00+00:00,2.0988284731321634,62.4,25.39,0.0
2022-10-09 13:00:00+00:00,2.0988284731321634,67.4,24.21,0.0
2022-10-09 14:00:00+00:00,2.1266275257564304,72.5,23.79,0.0
2022-10-09 15:00:00+00:00,2.1822256310049646,76.4,23.35,0.0
2022-10-09 16:00:00+00:00,2.2378237362534987,78.6,22.94,0.0
2022-10-09 17:00:00+00:00,2.2517232625656325,79.0,22.55,0.0
2022-10-09 18:00:00+00:00,2.2378237362534987,77.1,22.22,0.0
2022-10-09 19:00:00+00:00,2.1961251573170983,72.4,21.91,0.0
2022-10-09 20:00:00+00:00,2.2100246836292317,65.9,21.57,0.0
2022-10-09 21:00:00+00:00,2.2239242099413654,58.3,21.2,0.0
2022-10-09 22:00:00+00:00,2.265622788877766,51.2,20.81,0.0
2022-10-09 23:00:00+00:00,2.3351204204384333,47.4,20.42,0.0
2022-10-10 00:00:00+00:00,2.307321367814166,49.4,20.24,0.0
2022-10-10 01:00:00+00:00,2.5436133151204365,56.6,21.11,0.0
2022-10-10 02:00:00+00:00,2.849402893987374,68.6,22.99,0.0
2022-10-10 03:00:00+00:00,3.1551924728543117,61.1,25.33,5.127249265297204e-06
2022-10-10 04:00:00+00:00,3.7667716305881873,43.4,26.87,0.000618401565641259
2022-10-10 05:00:00+00:00,3.864068314773122,35.3,27.82,0.000884945879576919
2022-10-10 06:00:00+00:00,3.4470825254091157,32.5,28.55,0.00012258449944002242
2022-10-10 07:00:00+00:00,3.627776367466852,38.0,29.02,0.0003393808709624709
2022-10-10 08:00:00+00:00,4.684140367189,48.5,29.14,0.006552504508844232
2022-10-10 09:00:00+00:00,4.906532788183137,54.3,28.02,0.009506164109132393
2022-10-10 10:00:00+00:00,4.21155647257646,56.6,27.13,0.0024395148042953133
2022-10-10 11:00:00+00:00,3.627776367466852,54.4,26.4,0.0003393808709624709
2022-10-10 12:00:00+00:00,2.8355033676752406,53.0,25.24,0.0
2022-10-10 13:00:00+00:00,2.696508104553905,52.1,24.18,0.0
2022-10-10 14:00:00+00:00,2.8633024202995077,51.3,23.74,0.0
2022-10-10 15:00:00+00:00,3.141292946542178,51.5,23.38,3.869313493322774e-06
2022-10-10 16:00:00+00:00,3.711173525339653,52.1,23.16,0.0004934000786581087
2022-10-10 17:00:00+00:00,4.378350788322063,52.9,23.03,0.0035921275442228223
2022-10-10 18:00:00+00:00,4.614642735628332,54.7,22.88,0.005774332669084107
2022-10-10 19:00:00+00:00,4.155958367327926,62.7,22.74,0.002118844329623507
2022-10-10 20:00:00+00:00,3.6138768411547186,80.2,22.61,0.0003173337184659358
2022-10-10 21:00:00+00:00,3.474881578033383,94.6,22.47,0.00014690224706933659
2022-10-10 22:00:00+00:00,2.5436133151204365,93.4,22.23,0.0
2022-10-10 23:00:00+00:00,2.1683261046928313,82.6,22.05,0.0
2022-10-11 00:00:00+00:00,2.4324171046233682,76.4,21.98,0.0
2022-10-11 01:00:00+00:00,3.780671156900321,79.0,22.45,0.0006526447872887494
2022-10-11 02:00:00+00:00,5.879499630032485,86.3,23.36,0.032750923672286346
2022-10-11 03:00:00+00:00,7.2138541559973035,103.2,24.31,0.10263865981996585
2022-10-11 04:00:00+00:00,8.284117682031585,118.8,25.45,0.2023904030207143
2022-10-11 05:00:00+00:00,8.659404892459191,129.3,26.4,0.24864788495460075
2022-10-11 06:00:00+00:00,8.437012471465055,137.5,27.29,0.2204720088632546
2022-10-11 07:00:00+00:00,7.9366295242282465,147.8,27.84,0.16503044868431418
2022-10-11 08:00:00+00:00,7.422347050679306,158.1,28.11,0.11863994488375919
2022-10-11 09:00:00+00:00,6.671772629824095,169.1,27.61,0.06790469646486533
2022-10-11 10:00:00+00:00,5.86560010372035,178.9,26.7,0.03227893700900672
2022-10-11 11:00:00+00:00,4.962130893431671,186.0,25.65,0.010362305664819162
2022-10-11 12:00:00+00:00,4.114259788391525,190.1,24.42,0.0018977187361225354
2022-10-11 13:00:00+00:00,4.183757419952193,193.1,23.54,0.0022754149878147487
2022-10-11 14:00:00+00:00,4.572944156691932,195.1,22.98,0.005338415648238799
2022-10-11 15:00:00+00:00,4.711939419813268,198.2,22.48,0.00688236416384667
2022-10-11 16:00:00+00:00,4.781437051373935,205.4,22.08,0.007755037711124997
2022-10-11 17:00:00+00:00,4.781437051373935,217.8,21.77,0.007755037711124997
2022-10-11 18:00:00+00:00,4.698039893501134,227.6,21.56,0.006716084311952335
2022-10-11 19:00:00+00:00,4.0169631042065905,212.3,21.39,0.0014427399649018734
2022-10-11 20:00:00+00:00,3.97526452527019,203.5,21.38,0.00127244715047499
2022-10-11 21:00:00+00:00,3.002297683420843,213.8,21.1,1.6639606180337144e-11
2022-10-11 22:00:00+00:00,2.6270104729932373,202.8,20.86,0.0
2022-10-11 23:00:00+00:00,2.946699578172309,189.5,20.86,0.0
2022-10-12 00:00:00+00:00,3.1134938939179113,196.3,20.81,2.0053489814363437e-06
2022-10-12 01:00:00+00:00,3.780671156900321,205.4,20.95,0.0006526447872887494
2022-10-12 02:00:00+00:00,5.240121419674342,213.0,21.79,0.015420098498143919
2022-10-12 03:00:00+00:00,5.226221893362208,218.8,22.76,0.01513483950649421
2022-10-12 04:00:00+00:00,5.1289252091772735,222.8,24.04,0.013235906344139632
2022-10-12 05:00:00+00:00,5.045528051304472,223.8,25.47,0.01174055940615806
2022-10-12 06:00:00+00:00,4.9343318408074035,223.2,26.64,0.009928083334990526
2022-10-12 07:00:00+00:00,4.781437051373935,223.6,27.12,0.007755037711124997
2022-10-12 08:00:00+00:00,4.461747946194864,227.0,27.21,0.004284399388135919
2022-10-12 09:00:00+00:00,4.183757419952193,233.2,26.98,0.0022754149878147487
2022-10-12 10:00:00+00:00,3.8779678410852556,240.4,26.45,0.000928342636962328
2022-10-12 11:00:00+00:00,3.321986788599914,248.4,25.64,4.579168550916993e-05
2022-10-12 12:00:00+00:00,2.5714123677447036,256.9,24.4,0.0
2022-10-12 13:00:00+00:00,2.4741156835597686,264.2,23.43,0.0
2022-10-12 14:00:00+00:00,2.4880152098719024,271.3,23.03,0.0
2022-10-12 15:00:00+00:00,2.3907185256869674,278.0,22.68,0.0
2022-10-12 16:00:00+00:00,2.265622788877766,283.5,22.35,0.0
2022-10-12 17:00:00+00:00,2.1961251573170983,287.3,22.09,0.0
2022-10-12 18:00:00+00:00,2.2517232625656325,288.0,21.85,0.0
2022-10-12 19:00:00+00:00,2.5714123677447036,289.6,21.62,0.0
2022-10-12 20:00:00+00:00,3.224690104414979,293.1,21.41,1.5560527300512682e-05
2022-10-12 21:00:00+00:00,3.1829915254785788,295.3,21.16,8.405535843187353e-06
2022-10-12 22:00:00+00:00,2.307321367814166,294.9,20.9,0.0
2022-10-12 23:00:00+00:00,1.7791393679530922,292.0,20.82,0.0
2022-10-13 00:00:00+00:00,1.6540436311438902,294.8,20.84,0.0
2022-10-13 01:00:00+00:00,2.015431315259362,306.3,21.16,0.0
2022-10-13 02:00:00+00:00,1.959833210010828,332.2,22.03,0.0
2022-10-13 03:00:00+00:00,2.0988284731321634,31.5,23.16,0.0
2022-10-13 04:00:00+00:00,3.0856948412936442,67.8,24.2,8.632498431277694e-07
2022-10-13 05:00:00+00:00,3.919666420021656,88.8,25.02,0.001066997641704432
2022-10-13 06:00:00+00:00,4.433948893570597,98.8,25.77,0.00404458057091618
2022-10-13 07:00:00+00:00,4.433948893570597,103.2,26.28,0.00404458057091618
2022-10-13 08:00:00+00:00,4.267154577824994,106.7,26.51,0.002791009163336437
2022-10-13 09:00:00+00:00,3.8223697358367215,106.7,26.45,0.0007629109176013152
2022-10-13 10:00:00+00:00,3.294187735975647,102.7,26.15,3.492578399574811e-05
2022-10-13 11:00:00+00:00,2.7660057361145727,95.5,25.55,0.0
2022-10-13 12:00:00+00:00,2.376818999374834,90.0,24.48,0.0
2022-10-13 13:00:00+00:00,2.5158142624961695,84.6,23.67,0.0
2022-10-13 14:00:00+00:00,2.696508104553905,81.4,23.33,0.0
2022-10-13 15:00:00+00:00,2.932800051860175,79.9,23.04,0.0
2022-10-13 16:00:00+00:00,3.210790578102846,79.5,22.74,1.2847719802171193e-05
2022-10-13 17:00:00+00:00,3.294187735975647,79.8,22.51,3.492578399574811e-05
2022-10-13 18:00:00+00:00,3.0439962623572434,79.8,22.24,1.168207045471248e-07
2022-10-13 19:00:00+00:00,2.7243071571781723,76.1,21.99,0.0
2022-10-13 20:00:00+00:00,2.4880152098719024,67.7,21.74,0.0
2022-10-13 21:00:00+00:00,2.2378237362534987,69.3,21.56,0.0
2022-10-13 22:00:00+00:00,2.1961251573170983,91.4,21.35,0.0
2022-10-13 23:00:00+00:00,2.5019147361840357,96.7,21.19,0.0
2022-10-14 00:00:00+00:00,2.821603841363107,88.9,21.07,0.0
2022-10-14 01:00:00+00:00,3.6416758937789857,92.4,21.62,0.00036242624901630525
2022-10-14 02:00:00+00:00,5.295719524922876,108.5,22.94,0.01659697559275541
2022-10-14 03:00:00+00:00,6.282585893084356,118.4,24.51,0.04851999730082746
2022-10-14 04:00:00+00:00,6.240887314147956,118.9,25.99,0.04669434246983532
2022-10-14 05:00:00+00:00,5.406915735419944,119.1,27.1,0.01912736432931732
2022-10-14 06:00:00+00:00,4.21155647257646,117.9,27.81,0.0024395148042953133
2022-10-14 07:00:00+00:00,3.1273934202300446,111.3,28.18,2.83604726549443e-06
2022-10-14 08:00:00+00:00,2.5436133151204365,92.8,28.32,0.0
2022-10-14 09:00:00+00:00,2.8077043150509735,69.4,28.14,0.0
2022-10-14 10:00:00+00:00,3.321986788599914,58.2,27.69,4.579168550916993e-05
2022-10-14 11:00:00+00:00,3.03009673604511,50.8,26.79,3.739647521900956e-08
2022-10-14 12:00:00+00:00,2.668709051929638,45.2,25.34,0.0
2022-10-14 13:00:00+00:00,2.5297137888083028,36.3,24.15,0.0
2022-10-14 14:00:00+00:00,2.640909999305371,29.7,23.63,0.0
2022-10-14 15:00:00+00:00,2.696508104553905,28.7,23.23,0.0
2022-10-14 16:00:00+00:00,2.7104076308660385,32.0,22.82,0.0
2022-10-14 17:00:00+00:00,2.6270104729932373,35.3,22.43,0.0
2022-10-14 18:00:00+00:00,2.5436133151204365,38.6,22.05,0.0
2022-10-14 19:00:00+00:00,2.5714123677447036,43.9,21.82,0.0
2022-10-14 20:00:00+00:00,2.6548095256175044,49.5,21.64,0.0
2022-10-14 21:00:00+00:00,2.668709051929638,55.0,21.45,0.0
2022-10-14 22:00:00+00:00,2.4880152098719024,61.0,21.14,0.0
2022-10-14 23:00:00+00:00,2.3907185256869674,63.4,20.84,0.0
2022-10-15 00:00:00+00:00,2.4324171046233682,58.8,20.58,0.0
2022-10-15 01:00:00+00:00,3.46098205172125,50.4,21.09,0.00013437687007828548
2022-10-15 02:00:00+00:00,5.226221893362208,48.1,22.54,0.01513483950649421
2022-10-15 03:00:00+00:00,6.352083524645025,49.0,24.4,0.05166744266506765
2022-10-15 04:00:00+00:00,6.421581156205692,48.5,26.14,0.0549481415100816
2022-10-15 05:00:00+00:00,6.004595366841686,47.4,27.42,0.03720749665066583
2022-10-15 06:00:00+00:00,5.462513840668478,46.0,28.34,0.020483704976115853
2022-10-15 07:00:00+00:00,5.003829472368071,45.3,28.84,0.011037094257513352
2022-10-15 08:00:00+00:00,4.850934682934603,44.2,28.93,0.008698527718115565
2022-10-15 09:00:00+00:00,5.045528051304472,41.2,28.68,0.01174055940615806
2022-10-15 10:00:00+00:00,5.5181119459170125,37.9,28.09,0.02190269581182482
2022-10-15 11:00:00+00:00,5.267920472298608,37.5,26.94,0.016001324616646363
2022-10-15 12:00:00+00:00,3.725073051651787,38.5,25.17,0.0005228989436636271
2022-10-15 13:00:00+00:00,3.0995943676057776,39.0,23.77,1.3551170407727066e-06
2022-10-15 14:00:00+00:00,2.960599104484442,38.5,23.35,0.0
2022-10-15 15:00:00+00:00,2.960599104484442,38.3,23.05,0.0
2022-10-15 16:00:00+00:00,3.1134938939179113,34.6,22.73,2.0053489814363437e-06
2022-10-15 17:00:00+00:00,3.5999773148425844,26.4,22.45,0.00029626268992632233
2022-10-15 18:00:00+00:00,4.322752683073529,18.6,22.19,0.003174741909170927
2022-10-15 19:00:00+00:00,4.267154577824994,21.2,21.97,0.002791009163336437
2022-10-15 20:00:00+00:00,3.516580156969783,35.0,21.74,0.00018909743216298478
2022-10-15 21:00:00+00:00,3.3775848938484487,48.5,21.66,7.38441855273961e-05
2022-10-15 22:00:00+00:00,3.0161972097329763,52.3,21.52,5.82898703062398e-09
2022-10-15 23:00:00+00:00,2.9883981571087093,56.4,21.42,0.0
2022-10-16 00:00:00+00:00,3.3080872622877804,64.6,21.47,4.0113790378131155e-05
2022-10-16 01:00:00+00:00,4.21155647257646,72.5,21.89,0.0024395148042953133
2022-10-16 02:00:00+00:00,5.601509103789814,81.4,22.98,0.024151745393648
2022-10-16 03:00:00+00:00,7.0192607876274336,90.5,24.36,0.08906581164159735
2022-10-16 04:00:00+00:00,7.755935682170511,93.6,25.71,0.14756399006398443
2022-10-16 05:00:00+00:00,7.728136629546244,94.6,26.84,0.14499149418498797
2022-10-16 06:00:00+00:00,7.352849419118638,95.4,27.75,0.11313406773439343
2022-10-16 07:00:00+00:00,6.880265524506099,97.2,28.37,0.08014137826755904
2022-10-16 08:00:00+00:00,6.33818399833289,99.5,28.61,0.05102738172015916
2022-10-16 09:00:00+00:00,5.754403893223282,100.8,28.61,0.028665224164179125
2022-10-16 10:00:00+00:00,5.11502568286514,99.4,28.03,0.012978347784483516
2022-10-16 11:00:00+00:00,4.239355525200727,96.4,27.11,0.0026113205918682114
2022-10-16 12:00:00+00:00,3.294187735975647,93.1,25.51,3.492578399574811e-05
2022-10-16 13:00:00+00:00,3.3080872622877804,92.2,24.33,4.0113790378131155e-05
2022-10-16 14:00:00+00:00,3.627776367466852,93.7,23.89,0.0003393808709624709
2022-10-16 15:00:00+00:00,4.0169631042065905,95.6,23.47,0.0014427399649018734
2022-10-16 16:00:00+00:00,4.503446525131265,97.3,23.14,0.0046616152798153255
2022-10-16 17:00:00+00:00,4.850934682934603,97.6,22.79,0.008698527718115565
2022-10-16 18:00:00+00:00,4.850934682934603,96.9,22.45,0.008698527718115565
2022-10-16 19:00:00+00:00,4.4756474725069975,94.3,22.17,0.004407784228315372
2022-10-16 20:00:00+00:00,3.780671156900321,91.9,21.97,0.0006526447872887494
2022-10-16 21:00:00+00:00,2.7799052624267064,90.9,21.72,0.0
2022-10-16 22:00:00+00:00,2.5714123677447036,86.6,21.59,0.0
2022-10-16 23:00:00+00:00,2.8077043150509735,86.3,21.59,0.0
2022-10-17 00:00:00+00:00,2.7938047887388398,85.4,21.54,0.0
2022-10-17 01:00:00+00:00,2.974498630796576,84.1,21.98,0.0
2022-10-17 02:00:00+00:00,4.12815931470366,91.7,23.03,0.001969626016918578
2022-10-17 03:00:00+00:00,5.365217156483543,99.4,24.17,0.018150372119076427
2022-10-17 04:00:00+00:00,6.213088261523689,99.3,25.5,0.045503042717314215
2022-10-17 05:00:00+00:00,6.616174524575561,101.3,26.6,0.06486652289663741
2022-10-17 06:00:00+00:00,6.699571682448363,104.8,27.35,0.06945872569881545
2022-10-17 07:00:00+00:00,6.560576419327027,107.8,27.78,0.06192035044261896
2022-10-17 08:00:00+00:00,6.199188735211555,109.4,27.9,0.04491506757669464
2022-10-17 09:00:00+00:00,5.796102472159683,109.9,27.93,0.029986910408868205
2022-10-17 10:00:00+00:00,5.295719524922876,111.6,27.71,0.01659697559275541
2022-10-17 11:00:00+00:00,4.322752683073529,111.9,27.0,0.003174741909170927
2022-10-17 12:00:00+00:00,3.002297683420843,112.6,25.36,1.6639606180337144e-11
2022-10-17 13:00:00+00:00,3.0161972097329763,113.0,24.09,5.82898703062398e-09
2022-10-17 14:00:00+00:00,3.03009673604511,114.7,23.64,3.739647521900956e-08
2022-10-17 15:00:00+00:00,3.002297683420843,114.7,23.15,1.6639606180337144e-11
2022-10-17 16:00:00+00:00,2.918900525548042,113.5,22.72,0.0
2022-10-17 17:00:00+00:00,2.8077043150509735,111.7,22.3,0.0
2022-10-17 18:00:00+00:00,2.7104076308660385,110.4,21.89,0.0
2022-10-17 19:00:00+00:00,2.613110946681104,108.2,21.5,0.0
2022-10-17 20:00:00+00:00,2.5436133151204365,107.1,21.29,0.0
2022-10-17 21:00:00+00:00,2.668709051929638,111.7,21.31,0.0
2022-10-17 22:00:00+00:00,2.974498630796576,118.5,21.26,0.0
2022-10-17 23:00:00+00:00,2.8633024202995077,118.7,21.05,0.0
2022-10-18 00:00:00+00:00,2.7521062098024394,116.7,20.88,0.0
2022-10-18 01:00:00+00:00,3.989164051582324,119.2,21.41,0.0013276311875834244
2022-10-18 02:00:00+00:00,6.741270261384763,123.7,22.89,0.07183394489804402
2022-10-18 03:00:00+00:00,8.284117682031585,125.2,24.73,0.2023904030207143
2022-10-18 04:00:00+00:00,8.006127155788914,124.7,26.37,0.17209890266771655
2022-10-18 05:00:00+00:00,6.8941650508182315,124.3,27.38,0.08100569192835308
2022-10-18 06:00:00+00:00,5.643207682726214,122.6,28.08,0.025331816625898403
2022-10-18 07:00:00+00:00,4.628542261940466,119.5,28.48,0.0059247437522666705
2022-10-18 08:00:00+00:00,3.947465472645923,115.7,28.62,0.001166709271357827
2022-10-18 09:00:00+00:00,3.5443792095940503,116.3,28.46,0.00022129778332958595
2022-10-18 10:00:00+00:00,3.210790578102846,119.6,28.03,1.2847719802171193e-05
2022-10-18 11:00:00+00:00,2.6826085782417715,120.8,27.29,0.0
2022-10-18 12:00:00+00:00,2.08492894682003,121.9,25.84,0.0
2022-10-18 13:00:00+00:00,2.0293308415714955,126.9,24.54,0.0
2022-10-18 14:00:00+00:00,2.043230367883629,138.3,24.0,0.0
2022-10-18 15:00:00+00:00,2.1683261046928313,152.4,23.47,0.0
2022-10-18 16:00:00+00:00,2.349019946750567,164.2,22.9,0.0
2022-10-18 17:00:00+00:00,2.55751284143257,173.5,22.35,0.0
2022-10-18 18:00:00+00:00,2.7104076308660385,183.8,21.92,0.0
2022-10-18 19:00:00+00:00,2.7521062098024394,191.4,21.56,0.0
2022-10-18 20:00:00+00:00,2.696508104553905,197.7,21.23,0.0
2022-10-18 21:00:00+00:00,2.6270104729932373,200.7,20.95,0.0
2022-10-18 22:00:00+00:00,2.5436133151204365,202.5,20.76,0.0
2022-10-18 23:00:00+00:00,2.4324171046233682,203.6,20.6,0.0
2022-10-19 00:00:00+00:00,2.349019946750567,203.4,20.47,0.0
2022-10-19 01:00:00+00:00,2.6270104729932373,204.0,21.04,0.0
2022-10-19 02:00:00+00:00,3.0439962623572434,201.8,22.47,1.168207045471248e-07
2022-10-19 03:00:00+00:00,2.140527052068564,182.6,24.55,0.0
2022-10-19 04:00:00+00:00,1.9181346310744274,140.0,26.37,0.0
2022-10-19 05:00:00+00:00,2.2100246836292317,121.9,27.53,0.0
2022-10-19 06:00:00+00:00,2.1544265783806975,118.6,28.21,0.0
2022-10-19 07:00:00+00:00,1.8208379468894929,116.4,28.5,0.0
2022-10-19 08:00:00+00:00,1.4038521575254868,110.2,28.72,0.0
2022-10-19 09:00:00+00:00,1.1258616312828162,101.4,28.78,0.0
2022-10-19 10:00:00+00:00,0.9451677892250803,90.8,28.38,0.0
2022-10-19 11:00:00+00:00,0.7227753682309437,80.0,27.74,0.0
2022-10-19 12:00:00+00:00,0.6254786840460089,65.1,26.43,0.0
2022-10-19 13:00:00+00:00,0.5698805787974748,57.8,25.17,0.0
2022-10-19 14:00:00+00:00,0.5420815261732078,54.3,24.58,0.0
2022-10-19 15:00:00+00:00,0.5976796314217419,67.0,24.18,0.0
2022-10-19 16:00:00+00:00,0.7088758419188101,83.3,23.83,0.0
2022-10-19 17:00:00+00:00,0.7922729997916113,103.3,23.52,0.0
2022-10-19 18:00:00+00:00,0.8895696839765461,121.0,23.25,0.0
2022-10-19 19:00:00+00:00,0.9868663681614808,135.6,22.98,0.0
2022-10-19 20:00:00+00:00,1.1119621049706827,146.7,22.62,0.0
2022-10-19 21:00:00+00:00,1.0980625786585492,159.3,22.42,0.0
2022-10-19 22:00:00+00:00,0.9868663681614808,179.2,22.33,0.0
2022-10-19 23:00:00+00:00,1.070263526034282,206.2,22.17,0.0
2022-10-20 00:00:00+00:00,1.306555473340552,224.6,21.96,0.0
2022-10-20 01:00:00+00:00,1.459450262774021,233.9,22.1,0.0
2022-10-20 02:00:00+00:00,2.2378237362534987,245.4,22.86,0.0
2022-10-20 03:00:00+00:00,2.5436133151204365,253.1,23.83,0.0
2022-10-20 04:00:00+00:00,2.015431315259362,251.9,24.52,0.0
2022-10-20 05:00:00+00:00,0.8200720524158783,201.8,24.97,0.0
2022-10-20 06:00:00+00:00,1.1258616312828162,135.5,25.14,0.0
2022-10-20 07:00:00+00:00,0.9729668418493472,137.9,25.32,0.0
2022-10-20 08:00:00+00:00,0.4586843683004066,133.8,25.59,0.0
2022-10-20 09:00:00+00:00,0.653277736670276,121.0,25.82,0.0
2022-10-20 10:00:00+00:00,1.3204549996526855,115.5,25.86,0.0
2022-10-20 11:00:00+00:00,1.515048368022555,103.3,25.56,0.0
2022-10-20 12:00:00+00:00,1.598445525895356,90.5,24.48,0.0
2022-10-20 13:00:00+00:00,1.987632262635095,80.3,23.62,0.0
2022-10-20 14:00:00+00:00,2.3351204204384333,80.0,23.11,0.0
2022-10-20 15:00:00+00:00,2.640909999305371,82.4,22.6,0.0
2022-10-20 16:00:00+00:00,2.7938047887388398,85.7,22.18,0.0
2022-10-20 17:00:00+00:00,2.849402893987374,89.4,21.79,0.0
2022-10-20 18:00:00+00:00,2.877201946611641,94.4,21.34,0.0
2022-10-20 19:00:00+00:00,2.8911014729237747,101.6,20.92,0.0
2022-10-20 20:00:00+00:00,2.8911014729237747,104.8,20.6,0.0
2022-10-20 21:00:00+00:00,2.8633024202995077,100.1,20.32,0.0
2022-10-20 22:00:00+00:00,2.974498630796576,83.8,20.25,0.0
2022-10-20 23:00:00+00:00,3.488781104345516,75.0,20.33,0.0001601827320135531
2022-10-21 00:00:00+00:00,3.683374472715386,81.5,20.42,0.00043777275252535725
2022-10-21 01:00:00+00:00,4.447848419882731,96.3,20.89,0.004163338869536317
2022-10-21 02:00:00+00:00,6.004595366841686,109.9,22.55,0.03720749665066583
2022-10-21 03:00:00+00:00,7.158256050748769,112.5,24.41,0.0986293466205349
2022-10-21 04:00:00+00:00,7.505744208552108,108.3,26.03,0.12547929534177862
2022-10-21 05:00:00+00:00,7.450146103303574,106.5,27.24,0.1208913647695221
2022-10-21 06:00:00+00:00,7.130456998124502,106.0,28.12,0.0966644506195374
2022-10-21 07:00:00+00:00,6.643973577199828,105.3,28.71,0.06637402113507371
2022-10-21 08:00:00+00:00,6.143590629963021,103.6,28.92,0.042613816214480814
2022-10-21 09:00:00+00:00,5.671006735350481,101.9,28.76,0.026139508732790348
2022-10-21 10:00:00+00:00,5.198422840737941,99.5,28.29,0.014574919150395974
2022-10-21 11:00:00+00:00,4.350551735697795,96.1,27.32,0.0033791397091431905
2022-10-21 12:00:00+00:00,3.224690104414979,91.7,25.29,1.5560527300512682e-05
2022-10-21 13:00:00+00:00,3.26638868335138,87.3,23.77,2.593103107544525e-05
2022-10-21 14:00:00+00:00,3.3497858412241817,85.9,23.18,5.8705548418717294e-05
2022-10-21 15:00:00+00:00,3.3636853675363145,86.9,22.67,6.598571939797699e-05
2022-10-21 16:00:00+00:00,3.3636853675363145,89.1,22.22,6.598571939797699e-05
2022-10-21 17:00:00+00:00,3.3636853675363145,91.7,21.79,6.598571939797699e-05
2022-10-21 18:00:00+00:00,3.3497858412241817,94.8,21.39,5.8705548418717294e-05
2022-10-21 19:00:00+00:00,3.3080872622877804,96.3,21.05,4.0113790378131155e-05
2022-10-21 20:00:00+00:00,3.238589630727113,95.9,20.72,1.863061394525505e-05
2022-10-21 21:00:00+00:00,3.1134938939179113,92.8,20.36,2.0053489814363437e-06
2022-10-21 22:00:00+00:00,2.9883981571087093,87.1,20.04,0.0
2022-10-21 23:00:00+00:00,2.849402893987374,80.4,19.78,0.0
2022-10-22 00:00:00+00:00,2.7521062098024394,74.5,19.75,0.0
2022-10-22 01:00:00+00:00,3.474881578033383,71.3,20.37,0.00014690224706933659
2022-10-22 02:00:00+00:00,4.447848419882731,74.6,21.97,0.004163338869536317
2022-10-22 03:00:00+00:00,5.017728998680205,79.5,24.0,0.011268366887599923
2022-10-22 04:00:00+00:00,5.212322367050074,76.6,25.82,0.01485312042444501
2022-10-22 05:00:00+00:00,5.337418103859276,72.4,26.97,0.01751788544293783
2022-10-22 06:00:00+00:00,5.657107209038348,67.3,27.72,0.025733550149738323
2022-10-22 07:00:00+00:00,6.143590629963021,62.0,28.02,0.042613816214480814
2022-10-22 08:00:00+00:00,6.685672156136229,58.3,28.13,0.06867878079302038
2022-10-22 09:00:00+00:00,7.047059840251701,56.5,27.98,0.09092668325778094
2022-10-22 10:00:00+00:00,6.908064577130365,55.3,27.35,0.08187619769079278
2022-10-22 11:00:00+00:00,5.7822029458475495,54.4,26.28,0.029541931720889748
2022-10-22 12:00:00+00:00,4.197656946264327,54.2,24.1,0.0023565127004686816
2022-10-22 13:00:00+00:00,4.433948893570597,54.2,22.41,0.00404458057091618
2022-10-22 14:00:00+00:00,4.892633261871003,53.4,21.48,0.009299762906191316
2022-10-22 15:00:00+00:00,4.948231367119537,52.4,20.49,0.010143645561108344
2022-10-22 16:00:00+00:00,4.586843683004066,50.9,19.49,0.0054811907186705505
2022-10-22 17:00:00+00:00,4.225455998888594,49.1,18.6,0.002524443400895039
2022-10-22 18:00:00+00:00,3.97526452527019,48.7,17.81,0.00127244715047499
2022-10-22 19:00:00+00:00,3.7389725779639202,48.9,17.11,0.0005535507454290738
2022-10-22 20:00:00+00:00,3.5026806306576503,48.5,16.5,0.00017424042651131133
2022-10-22 21:00:00+00:00,3.3775848938484487,46.0,15.99,7.38441855273961e-05
2022-10-22 22:00:00+00:00,3.3914844201605816,41.3,15.59,8.230304840734889e-05
2022-10-22 23:00:00+00:00,3.5304796832819174,35.4,15.27,0.00020477585056895208
2022-10-23 00:00:00+00:00,3.8223697358367215,31.0,15.02,0.0007629109176013152
2022-10-23 01:00:00+00:00,4.906532788183137,29.3,15.59,0.009506164109132393
2022-10-23 02:00:00+00:00,5.879499630032485,29.6,17.74,0.032750923672286346
2022-10-23 03:00:00+00:00,7.144356524436635,40.3,20.87,0.0976436036548099
2022-10-23 04:00:00+00:00,8.311916734655853,47.0,23.1,0.20560148540179465
2022-10-23 05:00:00+00:00,7.922729997916114,47.6,24.53,0.1636403954590566
2022-10-23 06:00:00+00:00,7.297251313870104,45.9,25.57,0.10885408480474731
2022-10-23 07:00:00+00:00,6.53277736670276,42.4,26.27,0.06048132260143082
2022-10-23 08:00:00+00:00,5.837801051096084,37.7,26.59,0.031348611330500535
2022-10-23 09:00:00+00:00,5.226221893362208,32.8,26.54,0.01513483950649421
2022-10-23 10:00:00+00:00,4.628542261940466,28.5,26.2,0.0059247437522666705
2022-10-23 11:00:00+00:00,3.7389725779639202,27.9,25.19,0.0005535507454290738
2022-10-23 12:00:00+00:00,3.26638868335138,32.5,22.3,2.593103107544525e-05
2022-10-23 13:00:00+00:00,3.3775848938484487,40.0,20.29,7.38441855273961e-05
2022-10-23 14:00:00+00:00,3.474881578033383,45.0,19.45,0.00014690224706933659
2022-10-23 15:00:00+00:00,3.516580156969783,49.3,18.67,0.00018909743216298478
2022-10-23 16:00:00+00:00,3.474881578033383,53.5,17.95,0.00014690224706933659
2022-10-23 17:00:00+00:00,3.405383946472716,55.7,17.31,9.138440963821283e-05
2022-10-23 18:00:00+00:00,3.2524891570392462,55.1,16.77,2.2080081336773903e-05
2022-10-23 19:00:00+00:00,3.03009673604511,50.4,16.37,3.739647521900956e-08
2022-10-23 20:00:00+00:00,2.7799052624267064,38.3,16.11,0.0
2022-10-23 21:00:00+00:00,2.849402893987374,19.4,15.61,0.0
2022-10-23 22:00:00+00:00,3.210790578102846,5.7,14.95,1.2847719802171193e-05
2022-10-23 23:00:00+00:00,3.5582787359061845,0.7,14.42,0.00023868533204526545
2022-10-24 00:00:00+00:00,3.7945706832124544,0.8,14.04,0.0006881293520976709
2022-10-24 01:00:00+00:00,3.5860777885304516,3.8,14.85,0.000276145683743258
2022-10-24 02:00:00+00:00,4.684140367189,8.4,18.4,0.006552504508844232
2022-10-24 03:00:00+00:00,4.281054104137128,13.3,21.13,0.002883864747032247
2022-10-24 04:00:00+00:00,5.671006735350481,18.3,23.87,0.026139508732790348
2022-10-24 05:00:00+00:00,5.504212419604879,22.7,25.08,0.0215419972920859
2022-10-24 06:00:00+00:00,5.087226630240873,24.5,26.01,0.01247329785396345
2022-10-24 07:00:00+00:00,4.614642735628332,22.7,26.66,0.005774332669084107
2022-10-24 08:00:00+00:00,4.155958367327926,16.5,27.02,0.002118844329623507
2022-10-24 09:00:00+00:00,3.711173525339653,8.0,27.06,0.0004934000786581087
2022-10-24 10:00:00+00:00,3.2524891570392462,1.7,26.74,2.2080081336773903e-05
2022-10-24 11:00:00+00:00,2.613110946681104,359.4,26.08,0.0
2022-10-24 12:00:00+00:00,2.1683261046928313,0.4,23.88,0.0
2022-10-24 13:00:00+00:00,1.5011488417104215,357.9,22.87,0.0
2022-10-24 14:00:00+00:00,0.8617706313522789,351.6,22.81,0.0
2022-10-24 15:00:00+00:00,0.31968910517907123,342.3,22.09,0.0
2022-10-24 16:00:00+00:00,0.08339715787280119,239.0,21.39,0.0
2022-10-24 17:00:00+00:00,0.25019147361840355,209.4,20.7,0.0
2022-10-24 18:00:00+00:00,0.3752872104276054,216.0,20.06,0.0
2022-10-24 19:00:00+00:00,0.4586843683004066,237.3,19.38,0.0
2022-10-24 20:00:00+00:00,0.6115791577338754,266.1,18.69,0.0
2022-10-24 21:00:00+00:00,0.9451677892250803,287.9,18.08,0.0
2022-10-24 22:00:00+00:00,1.2509573680920179,300.0,17.47,0.0
2022-10-24 23:00:00+00:00,1.3204549996526855,309.0,16.99,0.0
2022-10-25 00:00:00+00:00,1.278756420716285,318.5,16.65,0.0
2022-10-25 01:00:00+00:00,1.1953592628434837,329.3,16.73,0.0
2022-10-25 02:00:00+00:00,1.278756420716285,339.0,18.7,0.0
2022-10-25 03:00:00+00:00,1.3621535785890861,5.2,21.66,0.0
2022-10-25 04:00:00+00:00,2.3212208941263,27.8,25.13,0.0
2022-10-25 05:00:00+00:00,2.5019147361840357,27.8,26.3,0.0
2022-10-25 06:00:00+00:00,2.5019147361840357,25.7,27.11,0.0
2022-10-25 07:00:00+00:00,2.4324171046233682,21.7,27.65,0.0
2022-10-25 08:00:00+00:00,2.404618051999101,18.2,27.93,0.0
2022-10-25 09:00:00+00:00,2.265622788877766,12.8,27.82,0.0
2022-10-25 10:00:00+00:00,2.112727999444297,5.7,27.36,0.0
2022-10-25 11:00:00+00:00,1.84863699951376,0.4,26.79,0.0
2022-10-25 12:00:00+00:00,1.7652398416409587,358.2,24.69,0.0
2022-10-25 13:00:00+00:00,1.6957422100802908,356.2,23.29,0.0
2022-10-25 14:00:00+00:00,1.6957422100802908,359.1,22.53,0.0
2022-10-25 15:00:00+00:00,1.7096417363924243,10.3,21.72,0.0
2022-10-25 16:00:00+00:00,1.84863699951376,27.3,20.91,0.0
2022-10-25 17:00:00+00:00,2.1266275257564304,43.4,19.84,0.0
2022-10-25 18:00:00+00:00,2.3351204204384333,55.9,18.75,0.0
2022-10-25 19:00:00+00:00,2.3212208941263,65.6,17.97,0.0
2022-10-25 20:00:00+00:00,2.293421841502033,71.7,17.27,0.0
2022-10-25 21:00:00+00:00,2.3907185256869674,73.8,16.57,0.0
2022-10-25 22:00:00+00:00,2.5297137888083028,74.1,15.91,0.0
2022-10-25 23:00:00+00:00,2.696508104553905,76.0,15.29,0.0
2022-10-26 00:00:00+00:00,2.8077043150509735,79.5,14.74,0.0
2022-10-26 01:00:00+00:00,2.6548095256175044,82.5,15.07,0.0
2022-10-26 02:00:00+00:00,3.4192834727848487,83.7,17.88,0.00010111037082036194
2022-10-26 03:00:00+00:00,3.474881578033383,79.9,20.67,0.00014690224706933659
2022-10-26 04:00:00+00:00,5.11502568286514,72.1,24.56,0.012978347784483516
2022-10-26 05:00:00+00:00,5.240121419674342,69.2,25.84,0.015420098498143919
2022-10-26 06:00:00+00:00,5.003829472368071,68.0,26.64,0.011037094257513352
2022-10-26 07:00:00+00:00,4.781437051373935,67.2,27.18,0.007755037711124997
2022-10-26 08:00:00+00:00,4.572944156691932,65.9,27.39,0.005338415648238799
2022-10-26 09:00:00+00:00,4.350551735697795,63.0,27.29,0.0033791397091431905
2022-10-26 10:00:00+00:00,4.114259788391525,59.4,26.86,0.0018977187361225354
2022-10-26 11:00:00+00:00,3.5999773148425844,57.0,25.74,0.00029626268992632233
2022-10-26 12:00:00+00:00,3.3914844201605816,58.9,22.46,8.230304840734889e-05
2022-10-26 13:00:00+00:00,3.711173525339653,64.7,20.3,0.0004934000786581087
2022-10-26 14:00:00+00:00,4.003063577894457,70.1,19.32,0.0013843880918589244
2022-10-26 15:00:00+00:00,4.239355525200727,74.8,18.46,0.0026113205918682114
2022-10-26 16:00:00+00:00,4.350551735697795,78.8,17.71,0.0033791397091431905
2022-10-26 17:00:00+00:00,4.350551735697795,82.1,17.05,0.0033791397091431905
2022-10-26 18:00:00+00:00,4.281054104137128,85.3,16.44,0.002883864747032247
2022-10-26 19:00:00+00:00,4.12815931470366,88.6,15.89,0.001969626016918578
2022-10-26 20:00:00+00:00,3.961364998958057,91.0,15.39,0.0012188138789332506
2022-10-26 21:00:00+00:00,3.808470209524588,92.3,14.96,0.0007248773616684016
2022-10-26 22:00:00+00:00,3.6416758937789857,92.0,14.61,0.00036242624901630525
2022-10-26 23:00:00+00:00,3.474881578033383,89.8,14.32,0.00014690224706933659
2022-10-27 00:00:00+00:00,3.405383946472716,86.0,14.01,9.138440963821283e-05
2022-10-27 01:00:00+00:00,3.141292946542178,81.6,14.55,3.869313493322774e-06
2022-10-27 02:00:00+00:00,3.961364998958057,76.2,17.89,0.0012188138789332506
2022-10-27 03:00:00+00:00,3.8779678410852556,71.0,20.42,0.000928342636962328
2022-10-27 04:00:00+00:00,5.462513840668478,81.2,24.3,0.020483704976115853
2022-10-27 05:00:00+00:00,5.948997261593152,84.5,25.72,0.03517997929296452
2022-10-27 06:00:00+00:00,5.879499630032485,84.7,26.5,0.032750923672286346
2022-10-27 07:00:00+00:00,5.62930815641408,84.6,27.05,0.0249342860596703
2022-10-27 08:00:00+00:00,5.35131763017141,84.3,27.3,0.017832259369005187
2022-10-27 09:00:00+00:00,5.031628524992339,83.5,27.12,0.011502847903281375
2022-10-27 10:00:00+00:00,4.781437051373935,83.0,26.69,0.007755037711124997
2022-10-27 11:00:00+00:00,3.97526452527019,82.6,25.37,0.00127244715047499
2022-10-27 12:00:00+00:00,3.5026806306576503,81.1,22.2,0.00017424042651131133
2022-10-27 13:00:00+00:00,3.752872104276054,79.1,20.19,0.0005853775855548267
2022-10-27 14:00:00+00:00,3.8779678410852556,78.0,19.51,0.000928342636962328
2022-10-27 15:00:00+00:00,3.891867367397389,77.8,18.95,0.0009731354487117983
2022-10-27 16:00:00+00:00,3.725073051651787,78.8,18.7,0.0005228989436636271
2022-10-27 17:00:00+00:00,3.5721782622183174,79.7,18.2,0.0002569605983163631
2022-10-27 18:00:00+00:00,3.4470825254091157,80.2,17.64,0.00012258449944002242
2022-10-27 19:00:00+00:00,3.3497858412241817,80.2,17.1,5.8705548418717294e-05
2022-10-27 20:00:00+00:00,3.294187735975647,80.0,16.59,3.492578399574811e-05
2022-10-27 21:00:00+00:00,3.2524891570392462,79.4,16.17,2.2080081336773903e-05
2022-10-27 22:00:00+00:00,3.3080872622877804,78.4,15.55,4.0113790378131155e-05
2022-10-27 23:00:00+00:00,3.294187735975647,77.8,15.1,3.492578399574811e-05
2022-10-28 00:00:00+00:00,3.224690104414979,78.5,14.95,1.5560527300512682e-05
2022-10-28 01:00:00+00:00,3.711173525339653,79.0,16.01,0.0004934000786581087
2022-10-28 02:00:00+00:00,4.739738472437534,80.0,18.48,0.007223112420395537
2022-10-28 03:00:00+00:00,5.309619051235009,84.1,21.55,0.016900265656413307
2022-10-28 04:00:00+00:00,5.9072986826567515,84.3,23.99,0.03370865515490046
2022-10-28 05:00:00+00:00,5.810001998471816,82.2,25.33,0.03043633517206254
2022-10-28 06:00:00+00:00,5.5181119459170125,80.6,26.22,0.02190269581182482
2022-10-28 07:00:00+00:00,5.1289252091772735,79.7,26.77,0.013235906344139632
2022-10-28 08:00:00+00:00,4.684140367189,78.9,27.04,0.006552504508844232
2022-10-28 09:00:00+00:00,4.294953630449261,75.8,26.87,0.0029787573315030076
2022-10-28 10:00:00+00:00,4.12815931470366,71.3,26.43,0.001969626016918578
2022-10-28 11:00:00+00:00,3.5721782622183174,66.6,25.46,0.0002569605983163631
2022-10-28 12:00:00+00:00,3.1551924728543117,63.0,22.98,5.127249265297204e-06
2022-10-28 13:00:00+00:00,3.5026806306576503,62.3,21.11,0.00017424042651131133
2022-10-28 14:00:00+00:00,3.69727399902752,64.4,20.38,0.0004650320488121447
2022-10-28 15:00:00+00:00,3.808470209524588,68.6,19.72,0.0007248773616684016
2022-10-28 16:00:00+00:00,3.8223697358367215,72.0,19.1,0.0007629109176013152
2022-10-28 17:00:00+00:00,3.8501687884609885,72.8,18.52,0.0008429230749551987
2022-10-28 18:00:00+00:00,3.891867367397389,71.4,18.01,0.0009731354487117983
2022-10-28 19:00:00+00:00,3.919666420021656,70.3,17.52,0.001066997641704432
2022-10-28 20:00:00+00:00,3.919666420021656,70.5,17.07,0.001066997641704432
2022-10-28 21:00:00+00:00,4.030862630518724,71.9,16.75,0.001502708908312643
2022-10-28 22:00:00+00:00,4.086460735767258,73.2,16.42,0.0017591974176414424
2022-10-28 23:00:00+00:00,3.8501687884609885,72.5,16.09,0.0008429230749551987
2022-10-29 00:00:00+00:00,3.6416758937789857,71.5,15.88,0.00036242624901630525
2022-10-29 01:00:00+00:00,4.308853156761395,70.2,16.45,0.0030757090183491102
2022-10-29 02:00:00+00:00,5.379116682795677,71.0,18.67,0.01847224579475195
2022-10-29 03:00:00+00:00,6.8246674192575645,76.4,21.75,0.07674560260883129
2022-10-29 04:00:00+00:00,8.172921471534517,74.0,24.14,0.1898803958356906
2022-10-29 05:00:00+00:00,8.200720524158784,70.8,25.59,0.19295810290665796
2022-10-29 06:00:00+00:00,7.783734734794778,70.2,26.64,0.15016673554645646
2022-10-29 07:00:00+00:00,7.269452261245838,69.9,27.33,0.1067551800346648
2022-10-29 08:00:00+00:00,6.76906931400903,69.6,27.61,0.0734471324484032
2022-10-29 09:00:00+00:00,6.254786840460089,69.3,27.39,0.047297711284937566
2022-10-29 10:00:00+00:00,5.810001998471816,68.8,26.9,0.03043633517206254
2022-10-29 11:00:00+00:00,4.684140367189,68.9,25.71,0.006552504508844232
2022-10-29 12:00:00+00:00,3.5582787359061845,71.3,23.01,0.00023868533204526545
2022-10-29 13:00:00+00:00,3.8223697358367215,73.1,21.31,0.0007629109176013152
2022-10-29 14:00:00+00:00,3.961364998958057,72.8,20.68,0.0012188138789332506
2022-10-29 15:00:00+00:00,4.100360262079392,71.2,20.11,0.001827583236896953
2022-10-29 16:00:00+00:00,4.239355525200727,68.1,19.57,0.0026113205918682114
2022-10-29 17:00:00+00:00,4.378350788322063,65.1,19.09,0.0035921275442228223
2022-10-29 18:00:00+00:00,4.6424417882526,62.4,18.63,0.006077744376233591
2022-10-29 19:00:00+00:00,4.823135630310336,60.8,18.12,0.008312456927350872
2022-10-29 20:00:00+00:00,4.6424417882526,60.2,17.58,0.006077744376233591
2022-10-29 21:00:00+00:00,4.531245577755532,59.8,17.21,0.004925008836839162
2022-10-29 22:00:00+00:00,4.517346051443398,59.9,16.93,0.004792105694336564
2022-10-29 23:00:00+00:00,4.392250314634197,60.0,16.63,0.0037018979789288364
2022-10-30 00:00:00+00:00,4.225455998888594,60.2,16.25,0.002524443400895039
2022-10-30 01:00:00+00:00,4.753637998749668,59.8,16.31,0.007397625028250831
2022-10-30 02:00:00+00:00,5.295719524922876,59.5,18.06,0.01659697559275541
2022-10-30 03:00:00+00:00,6.518877840390627,66.6,21.23,0.059770245921690696
2022-10-30 04:00:00+00:00,7.6725385242977096,68.0,23.61,0.13993654398621
2022-10-30 05:00:00+00:00,7.338949892806506,62.9,25.12,0.11205374507429589
2022-10-30 06:00:00+00:00,6.949763156066766,58.0,26.28,0.08452508860398927
2022-10-30 07:00:00+00:00,6.560576419327027,53.9,27.04,0.06192035044261896
2022-10-30 08:00:00+00:00,6.1713896825872885,50.9,27.4,0.0437543562587356
2022-10-30 09:00:00+00:00,5.893399156344618,48.7,27.31,0.03322748902038412
2022-10-30 10:00:00+00:00,5.643207682726214,48.5,26.87,0.025331816625898403
2022-10-30 11:00:00+00:00,4.614642735628332,51.0,25.45,0.005774332669084107
2022-10-30 12:00:00+00:00,3.7945706832124544,56.2,22.14,0.0006881293520976709
2022-10-30 13:00:00+00:00,4.142058841015793,60.0,20.07,0.002043327180885438
2022-10-30 14:00:00+00:00,4.281054104137128,61.3,19.2,0.002883864747032247
2022-10-30 15:00:00+00:00,4.322752683073529,61.2,18.42,0.003174741909170927
2022-10-30 16:00:00+00:00,4.294953630449261,59.7,17.7,0.0029787573315030076
2022-10-30 17:00:00+00:00,4.239355525200727,55.8,17.05,0.0026113205918682114
2022-10-30 18:00:00+00:00,4.155958367327926,50.6,16.45,0.002118844329623507
2022-10-30 19:00:00+00:00,4.0169631042065905,48.1,15.88,0.0014427399649018734
2022-10-30 20:00:00+00:00,3.8362692621488548,49.6,15.33,0.0008022521214967887
2022-10-30 21:00:00+00:00,3.627776367466852,53.1,14.8,0.0003393808709624709
2022-10-30 22:00:00+00:00,3.474881578033383,54.8,14.31,0.00014690224706933659
2022-10-30 23:00:00+00:00,3.405383946472716,55.1,13.9,9.138440963821283e-05
2022-10-31 00:00:00+00:00,3.3358863149120475,56.4,13.65,5.198157098923984e-05
2022-10-31 01:00:00+00:00,3.7667716305881873,57.2,14.35,0.000618401565641259
2022-10-31 02:00:00+00:00,4.6702408408768665,56.0,16.82,0.006391602652921991
2022-10-31 03:00:00+00:00,4.948231367119537,56.9,20.11,0.010143645561108344
2022-10-31 04:00:00+00:00,7.366748945430772,60.5,23.29,0.1142213118489491
2022-10-31 05:00:00+00:00,6.810767892945432,59.4,24.7,0.07591191793225965
2022-10-31 06:00:00+00:00,6.199188735211555,57.9,25.74,0.04491506757669464
2022-10-31 07:00:00+00:00,5.698805787974748,57.0,26.48,0.02696418948293244
2022-10-31 08:00:00+00:00,5.295719524922876,57.3,26.85,0.01659697559275541
2022-10-31 09:00:00+00:00,5.017728998680205,59.5,26.83,0.011268366887599923
2022-10-31 10:00:00+00:00,4.698039893501134,63.1,26.4,0.006716084311952335
2022-10-31 11:00:00+00:00,3.9057668937095227,67.2,25.2,0.0010193464164257086
2022-10-31 12:00:00+00:00,3.516580156969783,71.8,21.92,0.00018909743216298478
2022-10-31 13:00:00+00:00,3.808470209524588,74.7,19.9,0.0007248773616684016
2022-10-31 14:00:00+00:00,3.919666420021656,74.1,19.17,0.001066997641704432
2022-10-31 15:00:00+00:00,3.9335659463337898,72.1,18.6,0.0011161112261483472
2022-10-31 16:00:00+00:00,3.8779678410852556,70.3,18.1,0.000928342636962328
2022-10-31 17:00:00+00:00,3.808470209524588,68.9,17.65,0.0007248773616684016
2022-10-31 18:00:00+00:00,3.752872104276054,68.3,17.19,0.0005853775855548267
2022-10-31 19:00:00+00:00,3.683374472715386,68.1,16.76,0.00043777275252535725
2022-10-31 20:00:00+00:00,3.5860777885304516,67.7,16.36,0.000276145683743258
2022-10-31 21:00:00+00:00,3.474881578033383,66.4,15.97,0.00014690224706933659
2022-10-31 22:00:00+00:00,3.3636853675363145,64.8,15.68,6.598571939797699e-05
2022-10-31 23:00:00+00:00,3.3080872622877804,63.3,15.43,4.0113790378131155e-05
2022-11-01 00:00:00+00:00,3.3358863149120475,63.5,15.09,5.198157098923984e-05
2022-11-01 01:00:00+00:00,3.669474946403253,63.4,15.47,0.00041160008819737294
2022-11-01 02:00:00+00:00,4.850934682934603,63.7,17.93,0.008698527718115565
2022-11-01 03:00:00+00:00,5.295719524922876,68.9,21.06,0.01659697559275541
2022-11-01 04:00:00+00:00,6.087992524714487,71.1,24.0,0.04039254269587205
2022-11-01 05:00:00+00:00,5.462513840668478,69.1,25.53,0.020483704976115853
2022-11-01 06:00:00+00:00,4.920432314495271,66.5,26.54,0.009715596884865342
2022-11-01 07:00:00+00:00,4.559044630379798,63.4,27.21,0.005198141712189899
2022-11-01 08:00:00+00:00,4.364451262009929,60.8,27.53,0.0034845488214943995
2022-11-01 09:00:00+00:00,4.378350788322063,62.4,27.38,0.0035921275442228223
2022-11-01 10:00:00+00:00,4.503446525131265,66.9,26.78,0.0046616152798153255
2022-11-01 11:00:00+00:00,4.100360262079392,72.1,25.57,0.001827583236896953
2022-11-01 12:00:00+00:00,3.5860777885304516,77.3,23.24,0.000276145683743258
2022-11-01 13:00:00+00:00,3.891867367397389,81.0,21.82,0.0009731354487117983
2022-11-01 14:00:00+00:00,3.919666420021656,81.8,21.29,0.001066997641704432
2022-11-01 15:00:00+00:00,3.6138768411547186,80.5,20.75,0.0003173337184659358
2022-11-01 16:00:00+00:00,3.2524891570392462,76.9,20.15,2.2080081336773903e-05
2022-11-01 17:00:00+00:00,3.0439962623572434,72.2,19.48,1.168207045471248e-07
2022-11-01 18:00:00+00:00,2.974498630796576,68.3,18.9,0.0
2022-11-01 19:00:00+00:00,2.8077043150509735,65.5,18.71,0.0
2022-11-01 20:00:00+00:00,2.668709051929638,63.7,18.73,0.0
2022-11-01 21:00:00+00:00,2.7104076308660385,62.8,18.7,0.0
2022-11-01 22:00:00+00:00,2.8355033676752406,61.7,18.54,0.0
2022-11-01 23:00:00+00:00,3.0717953149815105,60.4,18.37,5.076457881257117e-07
2022-11-02 00:00:00+00:00,3.321986788599914,59.0,18.22,4.579168550916993e-05
2022-11-02 01:00:00+00:00,4.392250314634197,59.5,18.52,0.0037018979789288364
2022-11-02 02:00:00+00:00,5.754403893223282,62.5,20.06,0.028665224164179125
2022-11-02 03:00:00+00:00,6.796868366633297,67.5,22.34,0.07508429274773128
2022-11-02 04:00:00+00:00,7.102657945500235,68.6,24.3,0.09472582593394793
2022-11-02 05:00:00+00:00,6.977562208691032,67.9,25.66,0.0863223815836885
2022-11-02 06:00:00+00:00,6.8941650508182315,67.0,26.52,0.08100569192835308
2022-11-02 07:00:00+00:00,6.8246674192575645,67.5,27.08,0.07674560260883129
2022-11-02 08:00:00+00:00,6.671772629824095,70.3,27.25,0.06790469646486533
2022-11-02 09:00:00+00:00,6.588375471951294,75.0,27.06,0.06338202493675352
2022-11-02 10:00:00+00:00,6.449380208829958,80.6,26.46,0.056298350867514384
2022-11-02 11:00:00+00:00,5.490312893292746,87.4,25.43,0.02118528071395504
2022-11-02 12:00:00+00:00,3.3636853675363145,98.3,23.22,6.598571939797699e-05
2022-11-02 13:00:00+00:00,3.3914844201605816,107.7,21.85,8.230304840734889e-05
2022-11-02 14:00:00+00:00,3.5721782622183174,113.4,21.38,0.0002569605983163631
2022-11-02 15:00:00+00:00,3.725073051651787,118.5,20.99,0.0005228989436636271
2022-11-02 16:00:00+00:00,3.5999773148425844,123.5,20.56,0.00029626268992632233
2022-11-02 17:00:00+00:00,3.141292946542178,127.6,19.99,3.869313493322774e-06
2022-11-02 18:00:00+00:00,2.821603841363107,130.2,19.38,0.0
2022-11-02 19:00:00+00:00,2.585311894056837,130.2,18.86,0.0
2022-11-02 20:00:00+00:00,2.279522315189899,127.6,18.59,0.0
2022-11-02 21:00:00+00:00,1.8208379468894929,119.7,18.59,0.0
2022-11-02 22:00:00+00:00,1.3482540522769526,98.3,18.65,0.0
2022-11-02 23:00:00+00:00,1.334354525964819,62.1,18.31,0.0
2022-11-03 00:00:00+00:00,1.932034157386561,40.9,17.77,0.0
2022-11-03 01:00:00+00:00,2.3629194730627003,35.7,17.67,0.0
2022-11-03 02:00:00+00:00,3.8223697358367215,36.6,19.99,0.0007629109176013152
2022-11-03 03:00:00+00:00,5.073327103928739,50.6,22.64,0.012225762279898732
2022-11-03 04:00:00+00:00,6.49107878776636,60.5,24.99,0.058364856535916415
2022-11-03 05:00:00+00:00,6.9219641034425,64.6,26.41,0.08275291765647853
2022-11-03 06:00:00+00:00,7.033160313939566,67.0,27.35,0.0899930408908644
2022-11-03 07:00:00+00:00,6.977562208691032,69.1,27.82,0.0863223815836885
2022-11-03 08:00:00+00:00,6.8246674192575645,71.3,27.91,0.07674560260883129
2022-11-03 09:00:00+00:00,6.6300740508876945,73.3,27.58,0.06561738593023632
2022-11-03 10:00:00+00:00,6.33818399833289,75.4,27.02,0.05102738172015916
2022-11-03 11:00:00+00:00,4.920432314495271,76.9,25.72,0.009715596884865342
2022-11-03 12:00:00+00:00,3.488781104345516,77.3,23.44,0.0001601827320135531
2022-11-03 13:00:00+00:00,3.5999773148425844,78.2,22.13,0.00029626268992632233
2022-11-03 14:00:00+00:00,3.6416758937789857,79.5,21.61,0.00036242624901630525
2022-11-03 15:00:00+00:00,3.6416758937789857,82.3,21.14,0.00036242624901630525
2022-11-03 16:00:00+00:00,3.627776367466852,86.0,20.67,0.0003393808709624709
2022-11-03 17:00:00+00:00,3.6138768411547186,90.2,20.24,0.0003173337184659358
2022-11-03 18:00:00+00:00,3.5999773148425844,95.1,19.9,0.00029626268992632233
2022-11-03 19:00:00+00:00,3.725073051651787,101.0,19.55,0.0005228989436636271
2022-11-03 20:00:00+00:00,3.711173525339653,105.6,19.14,0.0004934000786581087
2022-11-03 21:00:00+00:00,3.5026806306576503,109.0,18.8,0.00017424042651131133
2022-11-03 22:00:00+00:00,3.4192834727848487,110.4,18.54,0.00010111037082036194
2022-11-03 23:00:00+00:00,3.488781104345516,109.6,18.35,0.0001601827320135531
2022-11-04 00:00:00+00:00,3.5443792095940503,108.1,18.22,0.00022129778332958595
2022-11-04 01:00:00+00:00,4.142058841015793,106.0,18.54,0.002043327180885438
2022-11-04 02:00:00+00:00,5.490312893292746,101.1,20.34,0.02118528071395504
2022-11-04 03:00:00+00:00,7.283351787557971,91.6,22.9,0.10780122694647802
2022-11-04 04:00:00+00:00,8.367514839904386,85.3,24.95,0.21212518455536553
2022-11-04 05:00:00+00:00,8.409213418840787,84.2,26.33,0.21710749771343965
2022-11-04 06:00:00+00:00,8.159021945222383,85.0,27.34,0.18835389152432733
2022-11-04 07:00:00+00:00,7.7420361558583775,85.9,27.93,0.14627397197485198
2022-11-04 08:00:00+00:00,7.255552734933704,86.3,28.15,0.10571592196770735
2022-11-04 09:00:00+00:00,6.782968840321163,85.4,28.01,0.07426270495364592
2022-11-04 10:00:00+00:00,6.2964854193964905,83.8,27.51,0.04913895870481589
2022-11-04 11:00:00+00:00,4.906532788183137,82.4,26.31,0.009506164109132393
2022-11-04 12:00:00+00:00,3.3914844201605816,80.8,23.97,8.230304840734889e-05
2022-11-04 13:00:00+00:00,3.6416758937789857,80.8,22.49,0.00036242624901630525
2022-11-04 14:00:00+00:00,3.7389725779639202,81.9,21.92,0.0005535507454290738
2022-11-04 15:00:00+00:00,3.808470209524588,83.7,21.51,0.0007248773616684016
2022-11-04 16:00:00+00:00,3.9335659463337898,86.8,21.12,0.0011161112261483472
2022-11-04 17:00:00+00:00,4.16985789364006,90.2,20.76,0.0021961995647331533
2022-11-04 18:00:00+00:00,4.531245577755532,93.9,20.44,0.004925008836839162
2022-11-04 19:00:00+00:00,4.962130893431671,96.7,20.14,0.010362305664819162
2022-11-04 20:00:00+00:00,4.837035156622469,97.6,19.74,0.008504031790338215
2022-11-04 21:00:00+00:00,4.253255051512861,97.1,19.32,0.002700168478815222
2022-11-04 22:00:00+00:00,4.058661683142991,95.9,19.29,0.0016275864126391443
2022-11-04 23:00:00+00:00,3.8501687884609885,94.6,19.19,0.0008429230749551987
2022-11-05 00:00:00+00:00,3.7389725779639202,94.3,19.06,0.0005535507454290738
2022-11-05 01:00:00+00:00,4.559044630379798,95.8,19.47,0.005198141712189899
2022-11-05 02:00:00+00:00,6.407681629893559,98.5,21.28,0.05428120885301468
2022-11-05 03:00:00+00:00,7.9366295242282465,97.9,23.42,0.16503044868431418
2022-11-05 04:00:00+00:00,8.42311294515292,93.0,25.29,0.21878544164950336
2022-11-05 05:00:00+00:00,8.270218155719451,90.7,26.64,0.20079747627349914
2022-11-05 06:00:00+00:00,7.8671318926675795,89.9,27.62,0.15815823774275664
2022-11-05 07:00:00+00:00,7.380648471742905,89.8,28.18,0.11531549951956305
2022-11-05 08:00:00+00:00,6.838566945569697,89.7,28.29,0.07758536887904664
2022-11-05 09:00:00+00:00,6.282585893084356,88.9,28.09,0.04851999730082746
2022-11-05 10:00:00+00:00,5.768303419535417,87.1,27.63,0.02910137700652688
2022-11-05 11:00:00+00:00,4.6424417882526,85.0,26.6,0.006077744376233591
2022-11-05 12:00:00+00:00,3.1134938939179113,81.5,24.19,2.0053489814363437e-06
2022-11-05 13:00:00+00:00,3.3636853675363145,79.3,22.73,6.598571939797699e-05
2022-11-05 14:00:00+00:00,3.433182999096983,78.1,22.21,0.00011150303355417385
2022-11-05 15:00:00+00:00,3.488781104345516,78.7,21.77,0.0001601827320135531
2022-11-05 16:00:00+00:00,3.5026806306576503,80.7,21.45,0.00017424042651131133
2022-11-05 17:00:00+00:00,3.5999773148425844,83.1,21.13,0.00029626268992632233
2022-11-05 18:00:00+00:00,3.7667716305881873,86.2,20.79,0.000618401565641259
2022-11-05 19:00:00+00:00,3.961364998958057,90.2,20.44,0.0012188138789332506
2022-11-05 20:00:00+00:00,4.197656946264327,94.7,20.13,0.0023565127004686816
2022-11-05 21:00:00+00:00,3.752872104276054,98.5,19.72,0.0005853775855548267
2022-11-05 22:00:00+00:00,3.2524891570392462,100.6,19.35,2.2080081336773903e-05
2022-11-05 23:00:00+00:00,3.0856948412936442,102.5,19.23,8.632498431277694e-07
2022-11-06 00:00:00+00:00,2.9883981571087093,104.3,19.11,0.0
2022-11-06 01:00:00+00:00,3.669474946403253,105.4,19.53,0.00041160008819737294
2022-11-06 02:00:00+00:00,5.420815261732077,108.2,21.41,0.019460653391407894
2022-11-06 03:00:00+00:00,6.449380208829958,104.6,23.6,0.056298350867514384
2022-11-06 04:00:00+00:00,6.796868366633297,93.4,25.31,0.07508429274773128
2022-11-06 05:00:00+00:00,6.7551697876968975,84.1,26.44,0.07263755313040274
2022-11-06 06:00:00+00:00,6.6300740508876945,77.7,27.27,0.06561738593023632
2022-11-06 07:00:00+00:00,6.49107878776636,73.3,27.72,0.058364856535916415
2022-11-06 08:00:00+00:00,6.268686366772223,71.2,27.91,0.047906255528068174
2022-11-06 09:00:00+00:00,5.990695840529551,70.1,27.79,0.03669350616640907
2022-11-06 10:00:00+00:00,5.559810524853413,69.5,27.31,0.023008904036693503
2022-11-06 11:00:00+00:00,4.350551735697795,70.6,26.23,0.0033791397091431905
2022-11-06 12:00:00+00:00,3.0856948412936442,75.2,23.91,8.632498431277694e-07
2022-11-06 13:00:00+00:00,3.26638868335138,79.5,22.62,2.593103107544525e-05
2022-11-06 14:00:00+00:00,3.3914844201605816,82.2,22.16,8.230304840734889e-05
2022-11-06 15:00:00+00:00,3.5999773148425844,85.6,21.62,0.00029626268992632233
2022-11-06 16:00:00+00:00,3.711173525339653,89.6,21.15,0.0004934000786581087
2022-11-06 17:00:00+00:00,3.6138768411547186,93.3,20.7,0.0003173337184659358
2022-11-06 18:00:00+00:00,3.3914844201605816,96.3,20.23,8.230304840734889e-05
2022-11-06 19:00:00+00:00,3.141292946542178,98.9,19.84,3.869313493322774e-06
2022-11-06 20:00:00+00:00,2.877201946611641,100.3,19.78,0.0
2022-11-06 21:00:00+00:00,2.668709051929638,98.7,19.69,0.0
2022-11-06 22:00:00+00:00,2.585311894056837,94.3,19.56,0.0
2022-11-06 23:00:00+00:00,2.668709051929638,89.7,19.44,0.0
2022-11-07 00:00:00+00:00,2.8911014729237747,86.1,19.29,0.0
2022-11-07 01:00:00+00:00,3.8362692621488548,83.5,19.59,0.0008022521214967887
2022-11-07 02:00:00+00:00,5.698805787974748,87.6,21.13,0.02696418948293244
2022-11-07 03:00:00+00:00,6.685672156136229,87.9,22.98,0.06867878079302038
2022-11-07 04:00:00+00:00,7.033160313939566,81.1,24.66,0.0899930408908644
2022-11-07 05:00:00+00:00,6.866365998193966,74.5,26.02,0.07928323460681022
2022-11-07 06:00:00+00:00,6.49107878776636,69.6,27.11,0.058364856535916415
2022-11-07 07:00:00+00:00,6.074092998402354,66.3,27.77,0.03984955509228037
2022-11-07 08:00:00+00:00,5.698805787974748,63.5,28.03,0.02696418948293244
2022-11-07 09:00:00+00:00,5.295719524922876,61.8,27.87,0.01659697559275541
2022-11-07 10:00:00+00:00,4.8648342092467365,60.7,27.36,0.008895966812283286
2022-11-07 11:00:00+00:00,3.8223697358367215,60.6,26.13,0.0007629109176013152
2022-11-07 12:00:00+00:00,3.26638868335138,61.3,22.99,2.593103107544525e-05
2022-11-07 13:00:00+00:00,3.3775848938484487,62.1,21.26,7.38441855273961e-05
2022-11-07 14:00:00+00:00,3.5304796832819174,63.3,20.4,0.00020477585056895208
2022-11-07 15:00:00+00:00,3.752872104276054,66.4,19.48,0.0005853775855548267
2022-11-07 16:00:00+00:00,3.919666420021656,69.9,18.63,0.001066997641704432
2022-11-07 17:00:00+00:00,4.003063577894457,72.8,17.91,0.0013843880918589244
2022-11-07 18:00:00+00:00,3.9335659463337898,76.3,17.44,0.0011161112261483472
2022-11-07 19:00:00+00:00,3.8223697358367215,81.6,17.25,0.0007629109176013152
2022-11-07 20:00:00+00:00,3.8779678410852556,88.8,17.1,0.000928342636962328
2022-11-07 21:00:00+00:00,4.086460735767258,94.7,16.98,0.0017591974176414424
2022-11-07 22:00:00+00:00,4.100360262079392,98.2,16.81,0.001827583236896953
2022-11-07 23:00:00+00:00,3.725073051651787,101.0,16.6,0.0005228989436636271
2022-11-08 00:00:00+00:00,3.2802882096635133,103.4,16.42,3.0205564761644622e-05
2022-11-08 01:00:00+00:00,3.294187735975647,104.9,16.63,3.492578399574811e-05
2022-11-08 02:00:00+00:00,4.545145104067665,104.9,18.06,0.005060346808923484
2022-11-08 03:00:00+00:00,4.100360262079392,100.4,19.57,0.001827583236896953
2022-11-08 04:00:00+00:00,5.684906261662614,91.3,21.96,0.026549714476654915
2022-11-08 05:00:00+00:00,6.602274998263428,80.3,23.67,0.06412140993267662
2022-11-08 06:00:00+00:00,6.407681629893559,72.6,24.66,0.05428120885301468
2022-11-08 07:00:00+00:00,6.032394419465953,68.1,25.36,0.03824983251844433
2022-11-08 08:00:00+00:00,5.684906261662614,64.7,25.82,0.026549714476654915
2022-11-08 09:00:00+00:00,5.379116682795677,61.8,25.9,0.01847224579475195
2022-11-08 10:00:00+00:00,4.739738472437534,60.3,25.43,0.007223112420395537
2022-11-08 11:00:00+00:00,3.516580156969783,60.6,24.18,0.00018909743216298478
2022-11-08 12:00:00+00:00,3.0439962623572434,63.1,21.75,1.168207045471248e-07
2022-11-08 13:00:00+00:00,3.26638868335138,65.8,20.67,2.593103107544525e-05
2022-11-08 14:00:00+00:00,3.4470825254091157,67.0,20.12,0.00012258449944002242
2022-11-08 15:00:00+00:00,3.683374472715386,66.9,19.54,0.00043777275252535725
2022-11-08 16:00:00+00:00,3.808470209524588,65.9,18.94,0.0007248773616684016
2022-11-08 17:00:00+00:00,3.7945706832124544,64.2,18.34,0.0006881293520976709
2022-11-08 18:00:00+00:00,3.7667716305881873,61.5,17.71,0.000618401565641259
2022-11-08 19:00:00+00:00,3.69727399902752,60.0,17.0,0.0004650320488121447
2022-11-08 20:00:00+00:00,3.5860777885304516,60.6,16.44,0.000276145683743258
2022-11-08 21:00:00+00:00,3.5026806306576503,64.4,15.99,0.00017424042651131133
2022-11-08 22:00:00+00:00,3.4470825254091157,69.2,15.6,0.00012258449944002242
2022-11-08 23:00:00+00:00,3.4470825254091157,74.1,15.29,0.00012258449944002242
2022-11-09 00:00:00+00:00,3.3914844201605816,78.9,15.06,8.230304840734889e-05
2022-11-09 01:00:00+00:00,3.3914844201605816,83.2,15.61,8.230304840734889e-05
2022-11-09 02:00:00+00:00,4.545145104067665,85.4,18.12,0.005060346808923484
2022-11-09 03:00:00+00:00,4.392250314634197,84.9,21.11,0.0037018979789288364
2022-11-09 04:00:00+00:00,5.62930815641408,76.7,24.36,0.0249342860596703
2022-11-09 05:00:00+00:00,5.837801051096084,67.2,26.0,0.031348611330500535
2022-11-09 06:00:00+00:00,5.671006735350481,62.4,26.99,0.026139508732790348
2022-11-09 07:00:00+00:00,5.406915735419944,58.8,27.64,0.01912736432931732
2022-11-09 08:00:00+00:00,5.11502568286514,55.4,27.91,0.012978347784483516
2022-11-09 09:00:00+00:00,4.767537525061802,53.1,27.84,0.007574926091293861
2022-11-09 10:00:00+00:00,4.489546998819131,52.8,27.28,0.0045335154916750515
2022-11-09 11:00:00+00:00,3.655575420091119,54.7,25.93,0.0003864919542278135
2022-11-09 12:00:00+00:00,3.224690104414979,58.0,22.55,1.5560527300512682e-05
2022-11-09 13:00:00+00:00,3.5582787359061845,60.0,20.92,0.00023868533204526545
2022-11-09 14:00:00+00:00,3.780671156900321,59.9,19.99,0.0006526447872887494
2022-11-09 15:00:00+00:00,4.086460735767258,58.5,19.01,0.0017591974176414424
2022-11-09 16:00:00+00:00,4.322752683073529,56.7,18.13,0.003174741909170927
2022-11-09 17:00:00+00:00,4.531245577755532,55.9,17.38,0.004925008836839162
2022-11-09 18:00:00+00:00,4.795336577686069,56.4,16.74,0.00793798198934463
2022-11-09 19:00:00+00:00,4.920432314495271,58.3,16.22,0.009715596884865342
2022-11-09 20:00:00+00:00,4.9343318408074035,60.6,15.77,0.009928083334990526
2022-11-09 21:00:00+00:00,4.684140367189,62.4,15.34,0.006552504508844232
2022-11-09 22:00:00+00:00,4.392250314634197,63.3,14.89,0.0037018979789288364
2022-11-09 23:00:00+00:00,4.392250314634197,64.5,14.75,0.0037018979789288364
2022-11-10 00:00:00+00:00,4.628542261940466,66.7,14.76,0.0059247437522666705
2022-11-10 01:00:00+00:00,5.003829472368071,68.6,15.0,0.011037094257513352
2022-11-10 02:00:00+00:00,5.379116682795677,69.6,16.89,0.01847224579475195
2022-11-10 03:00:00+00:00,5.615408630101947,73.9,19.77,0.024540936349453625
2022-11-10 04:00:00+00:00,6.643973577199828,76.2,22.88,0.06637402113507371
2022-11-10 05:00:00+00:00,6.810767892945432,70.1,24.94,0.07591191793225965
2022-11-10 06:00:00+00:00,6.477179261454226,64.3,25.98,0.057670499626681526
2022-11-10 07:00:00+00:00,6.226987787835823,61.9,26.69,0.04609612698116098
2022-11-10 08:00:00+00:00,6.101892051026621,61.4,27.07,0.04094044050828759
2022-11-10 09:00:00+00:00,5.796102472159683,62.9,26.98,0.029986910408868205
2022-11-10 10:00:00+00:00,5.462513840668478,65.8,26.4,0.020483704976115853
2022-11-10 11:00:00+00:00,3.961364998958057,68.6,24.87,0.0012188138789332506
2022-11-10 12:00:00+00:00,3.474881578033383,70.1,21.75,0.00014690224706933659
2022-11-10 13:00:00+00:00,3.808470209524588,68.4,20.28,0.0007248773616684016
2022-11-10 14:00:00+00:00,3.97526452527019,65.0,19.62,0.00127244715047499
2022-11-10 15:00:00+00:00,4.16985789364006,60.7,19.03,0.0021961995647331533
2022-11-10 16:00:00+00:00,4.586843683004066,57.0,18.54,0.0054811907186705505
2022-11-10 17:00:00+00:00,5.39301620910781,55.8,18.12,0.018797902497632125
2022-11-10 18:00:00+00:00,6.032394419465953,57.7,17.66,0.03824983251844433
2022-11-10 19:00:00+00:00,5.851700577408217,60.9,17.12,0.031811506928944924
2022-11-10 20:00:00+00:00,5.379116682795677,63.6,16.58,0.01847224579475195
2022-11-10 21:00:00+00:00,4.892633261871003,64.4,16.1,0.009299762906191316
2022-11-10 22:00:00+00:00,4.809236103998202,61.4,16.1,0.008123781027553128
2022-11-10 23:00:00+00:00,4.795336577686069,55.5,16.03,0.00793798198934463
2022-11-11 00:00:00+00:00,4.628542261940466,49.8,15.79,0.0059247437522666705
2022-11-11 01:00:00+00:00,4.920432314495271,45.9,15.78,0.009715596884865342
2022-11-11 02:00:00+00:00,5.532011472229145,47.1,17.34,0.02226739837477213
2022-11-11 03:00:00+00:00,6.7551697876968975,56.1,20.51,0.07263755313040274
2022-11-11 04:00:00+00:00,9.062491155511063,63.4,23.45,0.30565100333812906
2022-11-11 05:00:00+00:00,8.992993523950394,63.3,24.94,0.2952595114889014
2022-11-11 06:00:00+00:00,8.798400155580525,62.1,26.06,0.26742193173172774
2022-11-11 07:00:00+00:00,8.798400155580525,62.9,26.85,0.26742193173172774
2022-11-11 08:00:00+00:00,8.742802050331992,67.6,27.2,0.25980291045973297
2022-11-11 09:00:00+00:00,8.075624787349582,72.9,26.87,0.17936636239301096
2022-11-11 10:00:00+00:00,6.685672156136229,74.9,26.12,0.06867878079302038
2022-11-11 11:00:00+00:00,4.350551735697795,73.7,24.93,0.0033791397091431905
2022-11-11 12:00:00+00:00,3.488781104345516,70.0,22.74,0.0001601827320135531
2022-11-11 13:00:00+00:00,3.9057668937095227,66.3,21.57,0.0010193464164257086
2022-11-11 14:00:00+00:00,4.420049367258463,63.8,21.21,0.0039281023906751365
2022-11-11 15:00:00+00:00,5.39301620910781,61.8,20.99,0.018797902497632125
2022-11-11 16:00:00+00:00,5.9072986826567515,58.0,20.56,0.03370865515490046
2022-11-11 17:00:00+00:00,5.796102472159683,52.8,19.84,0.029986910408868205
2022-11-11 18:00:00+00:00,5.448614314356345,51.3,19.14,0.02013880161320679
2022-11-11 19:00:00+00:00,5.031628524992339,51.2,18.69,0.011502847903281375
2022-11-11 20:00:00+00:00,4.711939419813268,48.2,18.28,0.00688236416384667
2022-11-11 21:00:00+00:00,5.087226630240873,48.0,17.95,0.01247329785396345
2022-11-11 22:00:00+00:00,5.337418103859276,49.0,17.63,0.01751788544293783
2022-11-11 23:00:00+00:00,5.490312893292746,50.5,17.38,0.02118528071395504
2022-11-12 00:00:00+00:00,5.935097735281017,52.1,17.26,0.03468487818959025
2022-11-12 01:00:00+00:00,6.796868366633297,52.7,17.45,0.07508429274773128
2022-11-12 02:00:00+00:00,7.922729997916114,54.0,18.63,0.1636403954590566
2022-11-12 03:00:00+00:00,8.812299681892659,55.9,20.72,0.2693496818479683
2022-11-12 04:00:00+00:00,9.882563207926943,58.3,22.86,0.4472219360085753
2022-11-12 05:00:00+00:00,10.118855155233211,60.8,24.29,0.4948834627417891
2022-11-12 06:00:00+00:00,9.910362260551208,62.7,25.21,0.45266291560984506
2022-11-12 07:00:00+00:00,9.646271260620672,64.8,26.15,0.40272320959029184
2022-11-12 08:00:00+00:00,9.382180260690134,67.2,26.89,0.3565986304564642
2022-11-12 09:00:00+00:00,9.076390681823197,69.2,27.13,0.30775813315548584
2022-11-12 10:00:00+00:00,8.395313892528653,71.4,26.67,0.21543815495346216
2022-11-12 11:00:00+00:00,6.213088261523689,76.2,25.43,0.045503042717314215
2022-11-12 12:00:00+00:00,4.350551735697795,82.1,23.23,0.0033791397091431905
2022-11-12 13:00:00+00:00,4.461747946194864,83.7,22.26,0.004284399388135919
2022-11-12 14:00:00+00:00,4.489546998819131,81.6,21.76,0.0045335154916750515
2022-11-12 15:00:00+00:00,4.572944156691932,79.3,21.25,0.005338415648238799
2022-11-12 16:00:00+00:00,4.4756474725069975,78.9,20.79,0.004407784228315372
2022-11-12 17:00:00+00:00,4.433948893570597,80.4,20.4,0.00404458057091618
2022-11-12 18:00:00+00:00,4.628542261940466,82.7,20.15,0.0059247437522666705
2022-11-12 19:00:00+00:00,4.461747946194864,82.9,20.01,0.004284399388135919
2022-11-12 20:00:00+00:00,4.420049367258463,78.4,19.92,0.0039281023906751365
2022-11-12 21:00:00+00:00,4.531245577755532,68.6,19.83,0.004925008836839162
2022-11-12 22:00:00+00:00,5.003829472368071,59.2,19.67,0.011037094257513352
2022-11-12 23:00:00+00:00,5.532011472229145,56.1,19.36,0.02226739837477213
2022-11-13 00:00:00+00:00,5.39301620910781,53.8,18.85,0.018797902497632125
2022-11-13 01:00:00+00:00,5.657107209038348,51.8,18.47,0.025733550149738323
2022-11-13 02:00:00+00:00,7.088758419188101,55.6,19.73,0.09376631008043017
2022-11-13 03:00:00+00:00,8.937395418701861,65.0,22.05,0.28711798059856425
2022-11-13 04:00:00+00:00,9.79916605005414,71.1,24.0,0.43116094465098703
2022-11-13 05:00:00+00:00,9.71576889218134,75.1,25.24,0.4154891613938684
2022-11-13 06:00:00+00:00,9.3265821554416,78.2,25.94,0.34736009736535806
2022-11-13 07:00:00+00:00,8.770601102956258,81.0,26.5,0.26359406946033753
2022-11-13 08:00:00+00:00,8.33971578728012,84.8,26.6,0.20884635364241086
2022-11-13 09:00:00+00:00,8.020026682101047,89.5,25.88,0.17353638574702254
2022-11-13 10:00:00+00:00,7.464045629615707,94.2,24.57,0.12202767791009429
2022-11-13 11:00:00+00:00,6.254786840460089,97.8,23.14,0.047297711284937566
2022-11-13 12:00:00+00:00,4.155958367327926,100.6,21.84,0.002118844329623507
2022-11-13 13:00:00+00:00,2.932800051860175,95.4,21.14,0.0
2022-11-13 14:00:00+00:00,2.3212208941263,82.8,20.82,0.0
2022-11-13 15:00:00+00:00,2.265622788877766,72.9,20.64,0.0
2022-11-13 16:00:00+00:00,2.946699578172309,73.9,20.57,0.0
2022-11-13 17:00:00+00:00,3.97526452527019,77.9,20.53,0.00127244715047499
2022-11-13 18:00:00+00:00,4.878733735558869,83.8,20.46,0.009096371174441733
2022-11-13 19:00:00+00:00,4.461747946194864,85.4,20.31,0.004284399388135919
2022-11-13 20:00:00+00:00,4.294953630449261,87.2,20.11,0.0029787573315030076
2022-11-13 21:00:00+00:00,4.350551735697795,88.7,19.96,0.0033791397091431905
2022-11-13 22:00:00+00:00,4.058661683142991,84.7,19.72,0.0016275864126391443
2022-11-13 23:00:00+00:00,3.9335659463337898,79.8,19.49,0.0011161112261483472
2022-11-14 00:00:00+00:00,4.030862630518724,76.4,19.3,0.001502708908312643
2022-11-14 01:00:00+00:00,4.656341314564734,75.1,19.36,0.006233356642585244
2022-11-14 02:00:00+00:00,5.990695840529551,77.7,20.39,0.03669350616640907
2022-11-14 03:00:00+00:00,7.24165320862157,84.6,22.05,0.10468343064400529
2022-11-14 04:00:00+00:00,7.7420361558583775,86.9,23.99,0.14627397197485198
2022-11-14 05:00:00+00:00,7.728136629546244,88.9,25.66,0.14499149418498797
2022-11-14 06:00:00+00:00,7.505744208552108,91.6,26.8,0.12547929534177862
2022-11-14 07:00:00+00:00,7.255552734933704,94.7,27.4,0.10571592196770735
2022-11-14 08:00:00+00:00,6.977562208691032,97.9,27.46,0.0863223815836885
2022-11-14 09:00:00+00:00,6.49107878776636,100.0,27.27,0.058364856535916415
2022-11-14 10:00:00+00:00,5.643207682726214,101.6,26.62,0.025331816625898403
2022-11-14 11:00:00+00:00,3.919666420021656,108.0,25.46,0.001066997641704432
2022-11-14 12:00:00+00:00,2.5714123677447036,122.7,23.65,0.0
2022-11-14 13:00:00+00:00,2.4463166309355016,129.9,22.73,0.0
2022-11-14 14:00:00+00:00,2.307321367814166,130.6,22.3,0.0
2022-11-14 15:00:00+00:00,2.265622788877766,125.5,21.87,0.0
2022-11-14 16:00:00+00:00,2.376818999374834,116.0,21.27,0.0
2022-11-14 17:00:00+00:00,2.5297137888083028,105.6,20.65,0.0
2022-11-14 18:00:00+00:00,2.7243071571781723,93.2,20.13,0.0
2022-11-14 19:00:00+00:00,3.03009673604511,85.0,19.83,3.739647521900956e-08
2022-11-14 20:00:00+00:00,3.3497858412241817,81.9,19.6,5.8705548418717294e-05
2022-11-14 21:00:00+00:00,3.4470825254091157,83.8,19.32,0.00012258449944002242
2022-11-14 22:00:00+00:00,3.3914844201605816,88.4,19.15,8.230304840734889e-05
2022-11-14 23:00:00+00:00,3.711173525339653,95.2,19.15,0.0004934000786581087
2022-11-15 00:00:00+00:00,3.711173525339653,97.7,19.1,0.0004934000786581087
2022-11-15 01:00:00+00:00,4.058661683142991,94.7,19.41,0.0016275864126391443
2022-11-15 02:00:00+00:00,5.9072986826567515,92.6,21.12,0.03370865515490046
2022-11-15 03:00:00+00:00,6.991461735003167,94.1,22.99,0.08723050408960982
2022-11-15 04:00:00+00:00,7.0192607876274336,87.4,24.78,0.08906581164159735
2022-11-15 05:00:00+00:00,6.546676893014894,80.6,26.06,0.06119801674120681
2022-11-15 06:00:00+00:00,5.879499630032485,75.6,26.82,0.032750923672286346
2022-11-15 07:00:00+00:00,5.226221893362208,70.4,27.51,0.01513483950649421
2022-11-15 08:00:00+00:00,4.586843683004066,63.2,27.92,0.0054811907186705505
2022-11-15 09:00:00+00:00,4.155958367327926,55.6,27.94,0.002118844329623507
2022-11-15 10:00:00+00:00,3.891867367397389,49.5,27.65,0.0009731354487117983
2022-11-15 11:00:00+00:00,3.0995943676057776,46.6,26.72,1.3551170407727066e-06
2022-11-15 12:00:00+00:00,2.696508104553905,48.3,24.39,0.0
2022-11-15 13:00:00+00:00,2.849402893987374,52.1,23.11,0.0
2022-11-15 14:00:00+00:00,3.169091999166445,54.3,22.15,6.6319561817934365e-06
2022-11-15 15:00:00+00:00,3.5304796832819174,56.1,21.04,0.00020477585056895208
2022-11-15 16:00:00+00:00,3.864068314773122,58.3,20.07,0.000884945879576919
2022-11-15 17:00:00+00:00,4.225455998888594,61.1,19.23,0.002524443400895039
2022-11-15 18:00:00+00:00,4.711939419813268,63.6,18.47,0.00688236416384667
2022-11-15 19:00:00+00:00,5.073327103928739,66.1,17.8,0.012225762279898732
2022-11-15 20:00:00+00:00,4.920432314495271,67.6,17.19,0.009715596884865342
2022-11-15 21:00:00+00:00,4.447848419882731,67.2,16.63,0.004163338869536317
2022-11-15 22:00:00+00:00,3.9335659463337898,66.2,16.08,0.0011161112261483472
2022-11-15 23:00:00+00:00,3.3497858412241817,66.3,15.48,5.8705548418717294e-05
2022-11-16 00:00:00+00:00,3.0717953149815105,66.8,14.94,5.076457881257117e-07
2022-11-16 01:00:00+00:00,3.057895788669377,67.5,15.13,2.6620327539076553e-07
2022-11-16 02:00:00+00:00,4.086460735767258,69.5,17.32,0.0017591974176414424
2022-11-16 03:00:00+00:00,4.225455998888594,73.6,20.25,0.002524443400895039
2022-11-16 04:00:00+00:00,5.254020945986475,60.4,23.5,0.015708919500994498
2022-11-16 05:00:00+00:00,5.073327103928739,46.3,25.18,0.012225762279898732
2022-11-16 06:00:00+00:00,4.6424417882526,38.9,26.23,0.006077744376233591
2022-11-16 07:00:00+00:00,4.21155647257646,34.6,26.98,0.0024395148042953133
2022-11-16 08:00:00+00:00,3.8223697358367215,31.6,27.38,0.0007629109176013152
2022-11-16 09:00:00+00:00,3.6138768411547186,30.5,27.38,0.0003173337184659358
2022-11-16 10:00:00+00:00,3.474881578033383,32.4,27.03,0.00014690224706933659
2022-11-16 11:00:00+00:00,2.8911014729237747,35.6,25.84,0.0
2022-11-16 12:00:00+00:00,2.5714123677447036,39.7,22.97,0.0
2022-11-16 13:00:00+00:00,2.8077043150509735,42.0,21.67,0.0
2022-11-16 14:00:00+00:00,3.141292946542178,42.3,20.44,3.869313493322774e-06
2022-11-16 15:00:00+00:00,3.474881578033383,43.5,19.13,0.00014690224706933659
2022-11-16 16:00:00+00:00,3.7389725779639202,44.9,17.9,0.0005535507454290738
2022-11-16 17:00:00+00:00,3.919666420021656,46.0,16.8,0.001066997641704432
2022-11-16 18:00:00+00:00,3.97526452527019,47.3,15.84,0.00127244715047499
2022-11-16 19:00:00+00:00,3.891867367397389,47.9,14.99,0.0009731354487117983
2022-11-16 20:00:00+00:00,3.8223697358367215,48.1,14.28,0.0007629109176013152
2022-11-16 21:00:00+00:00,3.752872104276054,47.7,13.72,0.0005853775855548267
2022-11-16 22:00:00+00:00,3.711173525339653,47.0,13.22,0.0004934000786581087
2022-11-16 23:00:00+00:00,3.711173525339653,47.0,12.76,0.0004934000786581087
2022-11-17 00:00:00+00:00,3.725073051651787,48.0,12.35,0.0005228989436636271
2022-11-17 01:00:00+00:00,4.003063577894457,48.7,12.65,0.0013843880918589244
2022-11-17 02:00:00+00:00,5.615408630101947,48.8,15.32,0.024540936349453625
2022-11-17 03:00:00+00:00,4.962130893431671,49.1,18.56,0.010362305664819162
2022-11-17 04:00:00+00:00,6.06019347209022,50.2,22.92,0.039311455595912086
2022-11-17 05:00:00+00:00,6.06019347209022,52.4,25.18,0.039311455595912086
2022-11-17 06:00:00+00:00,5.698805787974748,53.6,26.36,0.02696418948293244
2022-11-17 07:00:00+00:00,5.406915735419944,53.4,27.12,0.01912736432931732
2022-11-17 08:00:00+00:00,5.170623788113674,53.3,27.53,0.014028981619896769
2022-11-17 09:00:00+00:00,4.8648342092467365,51.9,27.5,0.008895966812283286
2022-11-17 10:00:00+00:00,4.350551735697795,50.3,26.87,0.0033791397091431905
2022-11-17 11:00:00+00:00,3.3636853675363145,50.5,25.33,6.598571939797699e-05
2022-11-17 12:00:00+00:00,3.0995943676057776,52.8,21.83,1.3551170407727066e-06
2022-11-17 13:00:00+00:00,3.294187735975647,53.2,20.42,3.492578399574811e-05
2022-11-17 14:00:00+00:00,3.5860777885304516,51.6,19.1,0.000276145683743258
2022-11-17 15:00:00+00:00,3.989164051582324,49.9,17.62,0.0013276311875834244
2022-11-17 16:00:00+00:00,4.253255051512861,49.5,16.39,0.002700168478815222
2022-11-17 17:00:00+00:00,4.267154577824994,50.8,15.37,0.002791009163336437
2022-11-17 18:00:00+00:00,4.183757419952193,53.2,14.56,0.0022754149878147487
2022-11-17 19:00:00+00:00,4.044762156830858,56.5,13.94,0.0015643170236916096
2022-11-17 20:00:00+00:00,3.8779678410852556,60.6,13.41,0.000928342636962328
2022-11-17 21:00:00+00:00,3.725073051651787,66.0,12.92,0.0005228989436636271
2022-11-17 22:00:00+00:00,3.627776367466852,71.9,12.45,0.0003393808709624709
2022-11-17 23:00:00+00:00,3.5443792095940503,77.8,12.02,0.00022129778332958595
2022-11-18 00:00:00+00:00,3.5026806306576503,83.4,11.65,0.00017424042651131133
2022-11-18 01:00:00+00:00,3.5443792095940503,88.7,12.32,0.00022129778332958595
2022-11-18 02:00:00+00:00,4.725838946125401,91.3,14.91,0.007051366166127606
2022-11-18 03:00:00+00:00,4.197656946264327,89.4,17.95,0.0023565127004686816
2022-11-18 04:00:00+00:00,5.379116682795677,85.3,21.83,0.01847224579475195
2022-11-18 05:00:00+00:00,5.754403893223282,80.4,24.47,0.028665224164179125
2022-11-18 06:00:00+00:00,5.184523314425808,77.8,25.7,0.014300213582746675
2022-11-18 07:00:00+00:00,4.6424417882526,73.8,26.45,0.006077744376233591
2022-11-18 08:00:00+00:00,4.350551735697795,68.0,26.83,0.0033791397091431905
2022-11-18 09:00:00+00:00,4.364451262009929,64.2,26.79,0.0034845488214943995
2022-11-18 10:00:00+00:00,4.4756474725069975,64.0,26.2,0.004407784228315372
2022-11-18 11:00:00+00:00,3.4470825254091157,68.7,24.67,0.00012258449944002242
2022-11-18 12:00:00+00:00,3.141292946542178,76.9,21.06,3.869313493322774e-06
2022-11-18 13:00:00+00:00,3.46098205172125,80.8,19.49,0.00013437687007828548
2022-11-18 14:00:00+00:00,3.669474946403253,81.5,18.48,0.00041160008819737294
2022-11-18 15:00:00+00:00,3.891867367397389,80.5,17.46,0.0009731354487117983
2022-11-18 16:00:00+00:00,4.100360262079392,79.3,16.46,0.001827583236896953
2022-11-18 17:00:00+00:00,4.225455998888594,78.6,15.57,0.002524443400895039
2022-11-18 18:00:00+00:00,4.225455998888594,79.8,14.81,0.002524443400895039
2022-11-18 19:00:00+00:00,4.155958367327926,83.7,14.18,0.002118844329623507
2022-11-18 20:00:00+00:00,4.044762156830858,88.0,13.62,0.0015643170236916096
2022-11-18 21:00:00+00:00,3.891867367397389,90.0,13.08,0.0009731354487117983
2022-11-18 22:00:00+00:00,3.7389725779639202,89.8,12.59,0.0005535507454290738
2022-11-18 23:00:00+00:00,3.6138768411547186,88.2,12.45,0.0003173337184659358
2022-11-19 00:00:00+00:00,3.8223697358367215,86.2,12.63,0.0007629109176013152
2022-11-19 01:00:00+00:00,4.545145104067665,82.3,13.23,0.005060346808923484
2022-11-19 02:00:00+00:00,5.240121419674342,77.0,14.99,0.015420098498143919
2022-11-19 03:00:00+00:00,5.254020945986475,74.3,17.92,0.015708919500994498
2022-11-19 04:00:00+00:00,6.671772629824095,71.9,21.49,0.06790469646486533
2022-11-19 05:00:00+00:00,7.130456998124502,68.4,23.85,0.0966644506195374
2022-11-19 06:00:00+00:00,6.546676893014894,67.0,25.14,0.06119801674120681
2022-11-19 07:00:00+00:00,5.86560010372035,67.3,25.93,0.03227893700900672
2022-11-19 08:00:00+00:00,5.254020945986475,67.4,26.34,0.015708919500994498
2022-11-19 09:00:00+00:00,4.809236103998202,66.8,26.39,0.008123781027553128
2022-11-19 10:00:00+00:00,4.447848419882731,65.0,25.88,0.004163338869536317
2022-11-19 11:00:00+00:00,3.3080872622877804,64.9,24.34,4.0113790378131155e-05
2022-11-19 12:00:00+00:00,3.210790578102846,68.4,20.67,1.2847719802171193e-05
2022-11-19 13:00:00+00:00,3.669474946403253,70.3,18.95,0.00041160008819737294
2022-11-19 14:00:00+00:00,4.030862630518724,69.4,17.78,0.001502708908312643
2022-11-19 15:00:00+00:00,4.267154577824994,64.8,16.78,0.002791009163336437
2022-11-19 16:00:00+00:00,4.308853156761395,58.3,15.91,0.0030757090183491102
2022-11-19 17:00:00+00:00,4.281054104137128,53.6,15.15,0.002883864747032247
2022-11-19 18:00:00+00:00,4.3366522093856625,52.9,14.52,0.0032758781055688304
2022-11-19 19:00:00+00:00,4.3366522093856625,54.5,13.98,0.0032758781055688304
2022-11-19 20:00:00+00:00,4.183757419952193,56.5,13.44,0.0022754149878147487
2022-11-19 21:00:00+00:00,3.919666420021656,57.9,12.93,0.001066997641704432
2022-11-19 22:00:00+00:00,4.072561209455126,58.3,13.05,0.0016925391767556356
2022-11-19 23:00:00+00:00,4.392250314634197,59.5,13.27,0.0037018979789288364
2022-11-20 00:00:00+00:00,4.6424417882526,60.7,13.3,0.006077744376233591
2022-11-20 01:00:00+00:00,4.823135630310336,61.2,13.37,0.008312456927350872
2022-11-20 02:00:00+00:00,4.823135630310336,61.4,14.71,0.008312456927350872
2022-11-20 03:00:00+00:00,4.753637998749668,62.5,17.5,0.007397625028250831
2022-11-20 04:00:00+00:00,5.504212419604879,62.7,21.33,0.0215419972920859
2022-11-20 05:00:00+00:00,5.142824735489407,61.4,23.47,0.01349685010219363
2022-11-20 06:00:00+00:00,4.739738472437534,60.3,24.54,0.007223112420395537
2022-11-20 07:00:00+00:00,4.433948893570597,57.4,25.31,0.00404458057091618
2022-11-20 08:00:00+00:00,4.16985789364006,52.9,25.74,0.0021961995647331533
2022-11-20 09:00:00+00:00,4.072561209455126,51.6,25.74,0.0016925391767556356
2022-11-20 10:00:00+00:00,4.086460735767258,54.0,25.38,0.0017591974176414424
2022-11-20 11:00:00+00:00,3.3358863149120475,58.8,24.01,5.198157098923984e-05
2022-11-20 12:00:00+00:00,3.26638868335138,65.9,20.31,2.593103107544525e-05
2022-11-20 13:00:00+00:00,3.655575420091119,66.3,18.72,0.0003864919542278135
2022-11-20 14:00:00+00:00,3.7945706832124544,61.4,17.81,0.0006881293520976709
2022-11-20 15:00:00+00:00,3.947465472645923,55.8,16.87,0.001166709271357827
2022-11-20 16:00:00+00:00,4.086460735767258,52.7,15.97,0.0017591974176414424
2022-11-20 17:00:00+00:00,4.12815931470366,52.4,15.17,0.001969626016918578
2022-11-20 18:00:00+00:00,4.058661683142991,52.9,14.44,0.0016275864126391443
2022-11-20 19:00:00+00:00,3.961364998958057,54.1,13.85,0.0012188138789332506
2022-11-20 20:00:00+00:00,3.8362692621488548,55.8,13.44,0.0008022521214967887
2022-11-20 21:00:00+00:00,3.655575420091119,58.5,13.14,0.0003864919542278135
2022-11-20 22:00:00+00:00,3.46098205172125,59.6,12.84,0.00013437687007828548
2022-11-20 23:00:00+00:00,3.26638868335138,55.8,12.56,2.593103107544525e-05
2022-11-21 00:00:00+00:00,3.1273934202300446,51.5,12.21,2.83604726549443e-06
2022-11-21 01:00:00+00:00,2.8911014729237747,49.3,12.42,0.0
2022-11-21 02:00:00+00:00,3.7667716305881873,46.6,15.21,0.000618401565641259
2022-11-21 03:00:00+00:00,3.725073051651787,52.3,18.56,0.0005228989436636271
2022-11-21 04:00:00+00:00,4.892633261871003,58.3,22.55,0.009299762906191316
2022-11-21 05:00:00+00:00,4.684140367189,52.3,24.5,0.006552504508844232
2022-11-21 06:00:00+00:00,4.420049367258463,54.5,25.86,0.0039281023906751365
2022-11-21 07:00:00+00:00,4.21155647257646,65.5,26.77,0.0024395148042953133
2022-11-21 08:00:00+00:00,3.947465472645923,76.2,26.92,0.001166709271357827
2022-11-21 09:00:00+00:00,3.7945706832124544,79.9,26.51,0.0006881293520976709
2022-11-21 10:00:00+00:00,3.711173525339653,77.2,25.79,0.0004934000786581087
2022-11-21 11:00:00+00:00,3.0717953149815105,72.9,24.61,5.076457881257117e-07
2022-11-21 12:00:00+00:00,2.7799052624267064,73.1,22.42,0.0
2022-11-21 13:00:00+00:00,3.1829915254785788,75.1,21.39,8.405535843187353e-06
2022-11-21 14:00:00+00:00,3.3775848938484487,76.9,20.79,7.38441855273961e-05
2022-11-21 15:00:00+00:00,3.4192834727848487,81.1,20.24,0.00010111037082036194
2022-11-21 16:00:00+00:00,3.3358863149120475,86.9,19.78,5.198157098923984e-05
2022-11-21 17:00:00+00:00,3.169091999166445,92.3,19.36,6.6319561817934365e-06
2022-11-21 18:00:00+00:00,3.002297683420843,94.5,18.95,1.6639606180337144e-11
2022-11-21 19:00:00+00:00,2.8911014729237747,95.2,18.57,0.0
2022-11-21 20:00:00+00:00,2.7521062098024394,96.1,18.21,0.0
2022-11-21 21:00:00+00:00,2.5992114203689707,94.3,17.87,0.0
2022-11-21 22:00:00+00:00,2.5297137888083028,88.4,17.5,0.0
2022-11-21 23:00:00+00:00,2.5019147361840357,79.8,17.25,0.0
2022-11-22 00:00:00+00:00,2.5436133151204365,71.6,17.07,0.0
2022-11-22 01:00:00+00:00,2.668709051929638,66.0,17.44,0.0
2022-11-22 02:00:00+00:00,4.281054104137128,65.0,19.55,0.002883864747032247
2022-11-22 03:00:00+00:00,5.39301620910781,69.7,22.09,0.018797902497632125
2022-11-22 04:00:00+00:00,5.712705314286882,70.5,23.98,0.027382955853223256
2022-11-22 05:00:00+00:00,5.406915735419944,71.4,25.51,0.01912736432931732
2022-11-22 06:00:00+00:00,4.9343318408074035,72.5,26.4,0.009928083334990526
2022-11-22 07:00:00+00:00,4.531245577755532,73.2,26.75,0.004925008836839162
2022-11-22 08:00:00+00:00,4.308853156761395,72.7,26.84,0.0030757090183491102
2022-11-22 09:00:00+00:00,4.378350788322063,73.2,26.55,0.0035921275442228223
2022-11-22 10:00:00+00:00,4.461747946194864,73.0,26.01,0.004284399388135919
2022-11-22 11:00:00+00:00,3.5443792095940503,74.3,25.07,0.00022129778332958595
2022-11-22 12:00:00+00:00,2.6548095256175044,79.2,23.08,0.0
2022-11-22 13:00:00+00:00,2.8077043150509735,79.7,22.16,0.0
2022-11-22 14:00:00+00:00,2.7521062098024394,76.2,21.78,0.0
2022-11-22 15:00:00+00:00,2.6270104729932373,70.9,21.39,0.0
2022-11-22 16:00:00+00:00,2.4463166309355016,67.2,21.1,0.0
2022-11-22 17:00:00+00:00,2.3629194730627003,61.2,20.84,0.0
2022-11-22 18:00:00+00:00,2.4880152098719024,54.1,20.48,0.0
2022-11-22 19:00:00+00:00,2.6270104729932373,48.6,20.2,0.0
2022-11-22 20:00:00+00:00,2.7521062098024394,44.6,20.03,0.0
2022-11-22 21:00:00+00:00,2.960599104484442,41.2,19.89,0.0
2022-11-22 22:00:00+00:00,3.169091999166445,37.9,19.85,6.6319561817934365e-06
2022-11-22 23:00:00+00:00,3.405383946472716,36.4,19.83,9.138440963821283e-05
2022-11-23 00:00:00+00:00,3.627776367466852,37.2,19.75,0.0003393808709624709
2022-11-23 01:00:00+00:00,4.378350788322063,40.1,19.85,0.0035921275442228223
2022-11-23 02:00:00+00:00,5.643207682726214,43.6,20.65,0.025331816625898403
2022-11-23 03:00:00+00:00,6.143590629963021,49.7,21.88,0.042613816214480814
2022-11-23 04:00:00+00:00,6.602274998263428,58.3,23.49,0.06412140993267662
2022-11-23 05:00:00+00:00,6.546676893014894,64.4,24.99,0.06119801674120681
2022-11-23 06:00:00+00:00,6.01849489315382,67.3,26.13,0.03772626473414412
2022-11-23 07:00:00+00:00,5.254020945986475,67.4,26.77,0.015708919500994498
2022-11-23 08:00:00+00:00,4.4756474725069975,66.5,27.05,0.004407784228315372
2022-11-23 09:00:00+00:00,3.9335659463337898,64.0,27.07,0.0011161112261483472
2022-11-23 10:00:00+00:00,3.69727399902752,61.7,26.85,0.0004650320488121447
2022-11-23 11:00:00+00:00,2.932800051860175,63.2,26.02,0.0
2022-11-23 12:00:00+00:00,2.4602161572476353,68.8,24.08,0.0
2022-11-23 13:00:00+00:00,2.7938047887388398,72.6,23.17,0.0
2022-11-23 14:00:00+00:00,3.1134938939179113,74.7,22.63,2.0053489814363437e-06
2022-11-23 15:00:00+00:00,3.294187735975647,77.8,22.15,3.492578399574811e-05
2022-11-23 16:00:00+00:00,3.3080872622877804,82.5,21.7,4.0113790378131155e-05
2022-11-23 17:00:00+00:00,3.2524891570392462,86.8,21.29,2.2080081336773903e-05
2022-11-23 18:00:00+00:00,3.196891051790712,90.2,20.88,1.0470089849854629e-05
2022-11-23 19:00:00+00:00,3.0717953149815105,93.1,20.58,5.076457881257117e-07
2022-11-23 20:00:00+00:00,2.8633024202995077,91.9,20.24,0.0
2022-11-23 21:00:00+00:00,2.696508104553905,86.2,19.84,0.0
2022-11-23 22:00:00+00:00,2.6826085782417715,82.5,19.54,0.0
2022-11-23 23:00:00+00:00,2.5436133151204365,81.5,19.46,0.0
2022-11-24 00:00:00+00:00,2.4463166309355016,80.2,19.41,0.0
2022-11-24 01:00:00+00:00,2.4463166309355016,76.8,19.71,0.0
2022-11-24 02:00:00+00:00,4.044762156830858,77.9,21.6,0.0015643170236916096
2022-11-24 03:00:00+00:00,5.754403893223282,87.5,23.87,0.028665224164179125
2022-11-24 04:00:00+00:00,6.6300740508876945,88.3,25.84,0.06561738593023632
2022-11-24 05:00:00+00:00,6.880265524506099,89.4,27.41,0.08014137826755904
2022-11-24 06:00:00+00:00,6.9219641034425,91.5,28.6,0.08275291765647853
2022-11-24 07:00:00+00:00,6.8941650508182315,93.1,29.44,0.08100569192835308
2022-11-24 08:00:00+00:00,6.76906931400903,94.5,29.88,0.0734471324484032
2022-11-24 09:00:00+00:00,6.616174524575561,94.3,29.83,0.06486652289663741
2022-11-24 10:00:00+00:00,6.449380208829958,93.2,29.41,0.056298350867514384
2022-11-24 11:00:00+00:00,4.920432314495271,92.7,27.94,0.009715596884865342
2022-11-24 12:00:00+00:00,3.669474946403253,93.0,25.18,0.00041160008819737294
2022-11-24 13:00:00+00:00,3.97526452527019,95.8,23.96,0.00127244715047499
2022-11-24 14:00:00+00:00,4.322752683073529,99.3,23.43,0.003174741909170927
2022-11-24 15:00:00+00:00,4.725838946125401,102.9,22.88,0.007051366166127606
2022-11-24 16:00:00+00:00,4.725838946125401,105.2,22.27,0.007051366166127606
2022-11-24 17:00:00+00:00,4.3366522093856625,105.2,21.55,0.0032758781055688304
2022-11-24 18:00:00+00:00,4.086460735767258,103.4,20.98,0.0017591974176414424
2022-11-24 19:00:00+00:00,4.114259788391525,102.3,20.59,0.0018977187361225354
2022-11-24 20:00:00+00:00,4.114259788391525,103.7,20.22,0.0018977187361225354
2022-11-24 21:00:00+00:00,3.864068314773122,105.6,19.91,0.000884945879576919
2022-11-24 22:00:00+00:00,3.5304796832819174,107.2,19.8,0.00020477585056895208
2022-11-24 23:00:00+00:00,3.1273934202300446,108.1,19.63,2.83604726549443e-06
2022-11-25 00:00:00+00:00,2.821603841363107,108.7,19.39,0.0
2022-11-25 01:00:00+00:00,3.1273934202300446,108.7,19.6,2.83604726549443e-06
2022-11-25 02:00:00+00:00,5.073327103928739,115.2,21.59,0.012225762279898732
2022-11-25 03:00:00+00:00,6.06019347209022,117.7,24.12,0.039311455595912086
2022-11-25 04:00:00+00:00,6.449380208829958,113.4,26.36,0.056298350867514384
2022-11-25 05:00:00+00:00,6.657873103511962,112.0,28.01,0.06713645061274993
2022-11-25 06:00:00+00:00,6.53277736670276,112.4,29.14,0.06048132260143082
2022-11-25 07:00:00+00:00,6.213088261523689,113.4,29.82,0.045503042717314215
2022-11-25 08:00:00+00:00,5.712705314286882,113.7,30.1,0.027382955853223256
2022-11-25 09:00:00+00:00,5.142824735489407,112.9,29.99,0.01349685010219363
2022-11-25 10:00:00+00:00,4.614642735628332,110.5,29.56,0.005774332669084107
2022-11-25 11:00:00+00:00,3.433182999096983,106.0,28.29,0.00011150303355417385
2022-11-25 12:00:00+00:00,2.7104076308660385,98.3,25.72,0.0
2022-11-25 13:00:00+00:00,2.7660057361145727,90.0,24.65,0.0
2022-11-25 14:00:00+00:00,2.877201946611641,83.0,24.07,0.0
2022-11-25 15:00:00+00:00,3.03009673604511,79.4,23.39,3.739647521900956e-08
2022-11-25 16:00:00+00:00,3.169091999166445,77.6,22.72,6.6319561817934365e-06
2022-11-25 17:00:00+00:00,3.224690104414979,77.6,22.17,1.5560527300512682e-05
2022-11-25 18:00:00+00:00,3.224690104414979,80.6,21.76,1.5560527300512682e-05
2022-11-25 19:00:00+00:00,3.210790578102846,85.5,21.34,1.2847719802171193e-05
2022-11-25 20:00:00+00:00,3.224690104414979,90.5,20.91,1.5560527300512682e-05
2022-11-25 21:00:00+00:00,3.1829915254785788,93.7,20.48,8.405535843187353e-06
2022-11-25 22:00:00+00:00,3.0439962623572434,94.2,20.06,1.168207045471248e-07
2022-11-25 23:00:00+00:00,2.7938047887388398,93.1,19.59,0.0
2022-11-26 00:00:00+00:00,2.6826085782417715,90.3,19.46,0.0
2022-11-26 01:00:00+00:00,3.0717953149815105,89.2,19.77,5.076457881257117e-07
2022-11-26 02:00:00+00:00,4.6424417882526,94.1,21.71,0.006077744376233591
2022-11-26 03:00:00+00:00,5.087226630240873,104.1,24.11,0.01247329785396345
2022-11-26 04:00:00+00:00,4.711939419813268,108.2,26.18,0.00688236416384667
2022-11-26 05:00:00+00:00,4.100360262079392,105.4,27.82,0.001827583236896953
2022-11-26 06:00:00+00:00,3.752872104276054,101.3,28.95,0.0005853775855548267
2022-11-26 07:00:00+00:00,3.516580156969783,98.2,29.66,0.00018909743216298478
2022-11-26 08:00:00+00:00,3.294187735975647,95.3,29.96,3.492578399574811e-05
2022-11-26 09:00:00+00:00,3.321986788599914,93.6,29.88,4.579168550916993e-05
2022-11-26 10:00:00+00:00,3.474881578033383,92.3,29.36,0.00014690224706933659
2022-11-26 11:00:00+00:00,3.0856948412936442,92.3,28.16,8.632498431277694e-07
2022-11-26 12:00:00+00:00,2.696508104553905,92.1,25.76,0.0
2022-11-26 13:00:00+00:00,2.8911014729237747,92.2,24.57,0.0
2022-11-26 14:00:00+00:00,2.974498630796576,93.7,23.98,0.0
2022-11-26 15:00:00+00:00,2.9883981571087093,96.7,23.41,0.0
2022-11-26 16:00:00+00:00,2.9883981571087093,99.9,22.84,0.0
2022-11-26 17:00:00+00:00,2.905000999235908,103.0,22.37,0.0
2022-11-26 18:00:00+00:00,2.7799052624267064,105.1,21.93,0.0
2022-11-26 19:00:00+00:00,2.640909999305371,105.6,21.52,0.0
2022-11-26 20:00:00+00:00,2.5158142624961695,104.0,21.12,0.0
2022-11-26 21:00:00+00:00,2.5019147361840357,100.2,20.7,0.0
2022-11-26 22:00:00+00:00,2.6270104729932373,95.2,20.34,0.0
2022-11-26 23:00:00+00:00,2.8077043150509735,92.0,19.98,0.0
2022-11-27 00:00:00+00:00,2.946699578172309,90.0,19.67,0.0
2022-11-27 01:00:00+00:00,3.4192834727848487,88.6,19.66,0.00010111037082036194
2022-11-27 02:00:00+00:00,4.559044630379798,91.9,20.81,0.005198141712189899
2022-11-27 03:00:00+00:00,4.628542261940466,103.9,22.93,0.0059247437522666705
2022-11-27 04:00:00+00:00,4.322752683073529,114.7,25.56,0.003174741909170927
2022-11-27 05:00:00+00:00,3.5721782622183174,116.4,27.44,0.0002569605983163631
2022-11-27 06:00:00+00:00,2.7382066834903056,113.6,28.63,0.0
2022-11-27 07:00:00+00:00,2.0293308415714955,105.9,29.43,0.0
2022-11-27 08:00:00+00:00,1.515048368022555,90.5,29.94,0.0
2022-11-27 09:00:00+00:00,1.4177516838376203,80.4,29.91,0.0
2022-11-27 10:00:00+00:00,1.459450262774021,79.0,29.51,0.0
2022-11-27 11:00:00+00:00,1.4038521575254868,85.5,28.64,0.0
2022-11-27 12:00:00+00:00,1.3482540522769526,98.9,26.92,0.0
2022-11-27 13:00:00+00:00,1.334354525964819,117.4,25.97,0.0
2022-11-27 14:00:00+00:00,1.306555473340552,129.8,25.32,0.0
2022-11-27 15:00:00+00:00,1.1397611575949496,138.9,24.75,0.0
2022-11-27 16:00:00+00:00,0.8617706313522789,146.8,24.2,0.0
2022-11-27 17:00:00+00:00,0.5281819998610743,150.1,23.76,0.0
2022-11-27 18:00:00+00:00,0.19459336836986946,111.0,23.32,0.0
2022-11-27 19:00:00+00:00,0.4864834209246736,33.2,22.73,0.0
2022-11-27 20:00:00+00:00,0.9451677892250803,31.1,22.01,0.0
2022-11-27 21:00:00+00:00,1.3482540522769526,40.0,21.25,0.0
2022-11-27 22:00:00+00:00,1.6818426837681573,54.1,20.55,0.0
2022-11-27 23:00:00+00:00,1.9181346310744274,71.4,20.05,0.0
2022-11-28 00:00:00+00:00,2.08492894682003,90.4,19.7,0.0
2022-11-28 01:00:00+00:00,2.404618051999101,108.2,19.76,0.0
2022-11-28 02:00:00+00:00,3.7389725779639202,119.0,21.37,0.0005535507454290738
2022-11-28 03:00:00+00:00,3.8223697358367215,128.2,23.93,0.0007629109176013152
2022-11-28 04:00:00+00:00,3.5443792095940503,134.7,26.5,0.00022129778332958595
2022-11-28 05:00:00+00:00,2.7660057361145727,134.6,28.26,0.0
2022-11-28 06:00:00+00:00,1.9181346310744274,130.6,29.12,0.0
2022-11-28 07:00:00+00:00,1.153660683907083,118.7,29.79,0.0
2022-11-28 08:00:00+00:00,0.6671772629824095,80.3,30.09,0.0
2022-11-28 09:00:00+00:00,0.7783734734794778,26.6,30.01,0.0
2022-11-28 10:00:00+00:00,1.1814597365313502,20.6,29.57,0.0
2022-11-28 11:00:00+00:00,1.278756420716285,29.4,28.6,0.0
2022-11-28 12:00:00+00:00,1.2509573680920179,38.3,26.83,0.0
2022-11-28 13:00:00+00:00,1.2092587891556172,47.3,25.83,0.0
2022-11-28 14:00:00+00:00,1.1953592628434837,54.5,25.25,0.0
2022-11-28 15:00:00+00:00,1.2231583154677508,65.2,24.68,0.0
2022-11-28 16:00:00+00:00,1.4038521575254868,75.7,24.07,0.0
2022-11-28 17:00:00+00:00,1.6818426837681573,83.8,23.5,0.0
2022-11-28 18:00:00+00:00,2.0710294205078963,90.8,22.81,0.0
2022-11-28 19:00:00+00:00,2.4741156835597686,95.5,22.08,0.0
2022-11-28 20:00:00+00:00,2.877201946611641,97.8,21.47,0.0
2022-11-28 21:00:00+00:00,3.0856948412936442,97.8,20.88,8.632498431277694e-07
2022-11-28 22:00:00+00:00,3.224690104414979,95.9,20.3,1.5560527300512682e-05
2022-11-28 23:00:00+00:00,3.196891051790712,93.5,19.67,1.0470089849854629e-05
2022-11-29 00:00:00+00:00,3.3636853675363145,91.2,19.24,6.598571939797699e-05
2022-11-29 01:00:00+00:00,3.864068314773122,89.8,19.05,0.000884945879576919
2022-11-29 02:00:00+00:00,4.976030419743805,91.9,20.19,0.010584085747723354
2022-11-29 03:00:00+00:00,5.3235185775471425,96.9,22.43,0.017207228239273998
2022-11-29 04:00:00+00:00,5.1289252091772735,91.6,25.04,0.013235906344139632
2022-11-29 05:00:00+00:00,4.656341314564734,77.1,27.16,0.006233356642585244
2022-11-29 06:00:00+00:00,4.12815931470366,63.4,28.5,0.001969626016918578
2022-11-29 07:00:00+00:00,3.5304796832819174,54.3,29.4,0.00020477585056895208
2022-11-29 08:00:00+00:00,2.974498630796576,46.3,29.86,0.0
2022-11-29 09:00:00+00:00,2.7104076308660385,40.2,29.83,0.0
2022-11-29 10:00:00+00:00,2.696508104553905,37.9,29.31,0.0
2022-11-29 11:00:00+00:00,2.3351204204384333,40.4,28.04,0.0
2022-11-29 12:00:00+00:00,2.404618051999101,50.4,25.26,0.0
2022-11-29 13:00:00+00:00,2.905000999235908,58.9,23.81,0.0
2022-11-29 14:00:00+00:00,3.3358863149120475,63.2,22.59,5.198157098923984e-05
2022-11-29 15:00:00+00:00,3.6416758937789857,65.4,21.41,0.00036242624901630525
2022-11-29 16:00:00+00:00,3.808470209524588,67.5,20.39,0.0007248773616684016
2022-11-29 17:00:00+00:00,3.8223697358367215,69.8,19.47,0.0007629109176013152
2022-11-29 18:00:00+00:00,3.780671156900321,72.2,18.63,0.0006526447872887494
2022-11-29 19:00:00+00:00,3.7667716305881873,74.8,17.79,0.000618401565641259
2022-11-29 20:00:00+00:00,3.7667716305881873,77.9,16.99,0.000618401565641259
2022-11-29 21:00:00+00:00,3.669474946403253,80.4,16.21,0.00041160008819737294
2022-11-29 22:00:00+00:00,3.5304796832819174,82.3,15.51,0.00020477585056895208
2022-11-29 23:00:00+00:00,3.4470825254091157,84.7,14.88,0.00012258449944002242
2022-11-30 00:00:00+00:00,3.3914844201605816,87.4,14.32,8.230304840734889e-05
2022-11-30 01:00:00+00:00,3.780671156900321,91.5,14.29,0.0006526447872887494
2022-11-30 02:00:00+00:00,5.1289252091772735,95.4,16.31,0.013235906344139632
2022-11-30 03:00:00+00:00,4.920432314495271,98.6,19.67,0.009715596884865342
2022-11-30 04:00:00+00:00,5.490312893292746,96.5,23.43,0.02118528071395504
2022-11-30 05:00:00+00:00,5.0594275776166056,88.4,25.76,0.011981523497830396
2022-11-30 06:00:00+00:00,4.253255051512861,78.9,27.15,0.002700168478815222
2022-11-30 07:00:00+00:00,3.6416758937789857,72.2,27.82,0.00036242624901630525
2022-11-30 08:00:00+00:00,3.196891051790712,67.6,28.12,1.0470089849854629e-05
2022-11-30 09:00:00+00:00,3.1273934202300446,65.8,28.11,2.83604726549443e-06
2022-11-30 10:00:00+00:00,3.321986788599914,65.8,27.67,4.579168550916993e-05
2022-11-30 11:00:00+00:00,2.849402893987374,67.7,26.18,0.0
2022-11-30 12:00:00+00:00,3.0439962623572434,74.1,22.37,1.168207045471248e-07
2022-11-30 13:00:00+00:00,3.5582787359061845,78.7,20.65,0.00023868533204526545
2022-11-30 14:00:00+00:00,3.8501687884609885,81.1,19.61,0.0008429230749551987
2022-11-30 15:00:00+00:00,4.058661683142991,82.3,18.73,0.0016275864126391443
2022-11-30 16:00:00+00:00,4.16985789364006,83.5,17.92,0.0021961995647331533
2022-11-30 17:00:00+00:00,4.225455998888594,85.1,17.12,0.002524443400895039
2022-11-30 18:00:00+00:00,4.253255051512861,87.8,16.32,0.002700168478815222
2022-11-30 19:00:00+00:00,4.253255051512861,92.2,15.55,0.002700168478815222
2022-11-30 20:00:00+00:00,4.21155647257646,99.1,14.84,0.0024395148042953133
2022-11-30 21:00:00+00:00,4.100360262079392,106.5,14.23,0.001827583236896953
2022-11-30 22:00:00+00:00,3.947465472645923,113.2,13.78,0.001166709271357827
2022-11-30 23:00:00+00:00,3.7389725779639202,119.9,13.5,0.0005535507454290738
2022-12-01 00:00:00+00:00,3.5582787359061845,125.3,13.34,0.00023868533204526545
2022-12-01 01:00:00+00:00,3.1829915254785788,127.4,13.9,8.405535843187353e-06
2022-12-01 02:00:00+00:00,3.8223697358367215,123.6,16.96,0.0007629109176013152
2022-12-01 03:00:00+00:00,4.392250314634197,114.9,20.22,0.0037018979789288364
2022-12-01 04:00:00+00:00,5.935097735281017,108.4,23.81,0.03468487818959025
2022-12-01 05:00:00+00:00,5.9767963142174185,99.2,26.11,0.036184271179773554
2022-12-01 06:00:00+00:00,5.726604840599015,96.1,27.61,0.027806035689127713
2022-12-01 07:00:00+00:00,5.226221893362208,97.6,28.59,0.01513483950649421
2022-12-01 08:00:00+00:00,4.6424417882526,99.5,29.07,0.006077744376233591
2022-12-01 09:00:00+00:00,4.086460735767258,99.6,29.05,0.0017591974176414424
2022-12-01 10:00:00+00:00,3.711173525339653,97.7,28.48,0.0004934000786581087
2022-12-01 11:00:00+00:00,2.7521062098024394,93.2,27.04,0.0
2022-12-01 12:00:00+00:00,2.5019147361840357,83.3,24.46,0.0
2022-12-01 13:00:00+00:00,2.821603841363107,76.6,23.51,0.0
2022-12-01 14:00:00+00:00,3.0439962623572434,77.0,22.85,1.168207045471248e-07
2022-12-01 15:00:00+00:00,3.210790578102846,82.8,22.23,1.2847719802171193e-05
2022-12-01 16:00:00+00:00,3.3358863149120475,91.4,21.64,5.198157098923984e-05
2022-12-01 17:00:00+00:00,3.4192834727848487,99.8,21.06,0.00010111037082036194
2022-12-01 18:00:00+00:00,3.488781104345516,107.1,20.49,0.0001601827320135531
2022-12-01 19:00:00+00:00,3.6138768411547186,113.3,19.98,0.0003173337184659358
2022-12-01 20:00:00+00:00,3.808470209524588,117.9,19.54,0.0007248773616684016
2022-12-01 21:00:00+00:00,3.947465472645923,119.8,19.14,0.001166709271357827
2022-12-01 22:00:00+00:00,4.12815931470366,119.9,19.11,0.001969626016918578
2022-12-01 23:00:00+00:00,4.0169631042065905,119.0,19.19,0.0014427399649018734
2022-12-02 00:00:00+00:00,3.6416758937789857,118.2,19.09,0.00036242624901630525
2022-12-02 01:00:00+00:00,3.474881578033383,117.4,19.34,0.00014690224706933659
2022-12-02 02:00:00+00:00,5.267920472298608,116.5,21.26,0.016001324616646363
2022-12-02 03:00:00+00:00,6.53277736670276,116.1,23.47,0.06048132260143082
2022-12-02 04:00:00+00:00,6.06019347209022,113.9,25.75,0.039311455595912086
2022-12-02 05:00:00+00:00,5.003829472368071,110.9,27.51,0.011037094257513352
2022-12-02 06:00:00+00:00,4.058661683142991,108.2,28.78,0.0016275864126391443
2022-12-02 07:00:00+00:00,3.2524891570392462,106.9,29.5,2.2080081336773903e-05
2022-12-02 08:00:00+00:00,2.640909999305371,107.1,29.95,0.0
2022-12-02 09:00:00+00:00,2.5158142624961695,100.2,29.89,0.0
2022-12-02 10:00:00+00:00,2.821603841363107,90.8,29.25,0.0
2022-12-02 11:00:00+00:00,2.7938047887388398,86.6,28.02,0.0
2022-12-02 12:00:00+00:00,2.55751284143257,86.0,25.46,0.0
2022-12-02 13:00:00+00:00,2.9883981571087093,86.8,24.24,0.0
2022-12-02 14:00:00+00:00,3.26638868335138,87.1,23.63,2.593103107544525e-05
2022-12-02 15:00:00+00:00,3.46098205172125,89.1,23.09,0.00013437687007828548
2022-12-02 16:00:00+00:00,3.5582787359061845,92.0,22.57,0.00023868533204526545
2022-12-02 17:00:00+00:00,3.6416758937789857,95.0,22.04,0.00036242624901630525
2022-12-02 18:00:00+00:00,3.7945706832124544,98.8,21.57,0.0006881293520976709
2022-12-02 19:00:00+00:00,4.16985789364006,103.9,21.29,0.0021961995647331533
2022-12-02 20:00:00+00:00,4.4756474725069975,108.5,20.95,0.004407784228315372
2022-12-02 21:00:00+00:00,4.267154577824994,109.2,20.49,0.002791009163336437
2022-12-02 22:00:00+00:00,3.808470209524588,106.5,20.05,0.0007248773616684016
2022-12-02 23:00:00+00:00,3.669474946403253,103.1,19.93,0.00041160008819737294
2022-12-03 00:00:00+00:00,3.3358863149120475,99.3,19.84,5.198157098923984e-05
2022-12-03 01:00:00+00:00,3.5860777885304516,95.1,20.04,0.000276145683743258
2022-12-03 02:00:00+00:00,5.810001998471816,96.9,21.74,0.03043633517206254
2022-12-03 03:00:00+00:00,7.144356524436635,100.2,23.97,0.0976436036548099
2022-12-03 04:00:00+00:00,7.380648471742905,99.2,26.06,0.11531549951956305
2022-12-03 05:00:00+00:00,7.074858892875968,96.8,27.74,0.09281329575096342
2022-12-03 06:00:00+00:00,6.546676893014894,94.4,29.04,0.06119801674120681
2022-12-03 07:00:00+00:00,5.962896787905286,92.4,29.88,0.03567976958915885
2022-12-03 08:00:00+00:00,5.406915735419944,91.5,30.24,0.01912736432931732
2022-12-03 09:00:00+00:00,5.045528051304472,89.5,30.06,0.01174055940615806
2022-12-03 10:00:00+00:00,4.795336577686069,86.8,29.58,0.00793798198934463
2022-12-03 11:00:00+00:00,3.989164051582324,83.2,28.35,0.0013276311875834244
2022-12-03 12:00:00+00:00,3.03009673604511,79.7,25.41,3.739647521900956e-08
2022-12-03 13:00:00+00:00,3.405383946472716,78.7,24.1,9.138440963821283e-05
2022-12-03 14:00:00+00:00,3.5443792095940503,79.6,23.52,0.00022129778332958595
2022-12-03 15:00:00+00:00,3.655575420091119,82.8,23.01,0.0003864919542278135
2022-12-03 16:00:00+00:00,3.780671156900321,87.9,22.56,0.0006526447872887494
2022-12-03 17:00:00+00:00,4.197656946264327,95.1,22.17,0.0023565127004686816
2022-12-03 18:00:00+00:00,4.892633261871003,104.2,21.77,0.009299762906191316
2022-12-03 19:00:00+00:00,5.615408630101947,112.4,21.41,0.024540936349453625
2022-12-03 20:00:00+00:00,6.1713896825872885,117.1,21.11,0.0437543562587356
2022-12-03 21:00:00+00:00,5.573710051165546,117.3,20.72,0.023385751338868273
2022-12-03 22:00:00+00:00,4.739738472437534,115.1,20.46,0.007223112420395537
2022-12-03 23:00:00+00:00,4.030862630518724,109.7,20.23,0.001502708908312643
2022-12-04 00:00:00+00:00,4.0169631042065905,105.7,20.09,0.0014427399649018734
2022-12-04 01:00:00+00:00,4.920432314495271,105.1,20.22,0.009715596884865342
2022-12-04 02:00:00+00:00,6.3659830509571576,104.6,21.41,0.05231283374920702
2022-12-04 03:00:00+00:00,6.8246674192575645,103.6,23.62,0.07674560260883129
2022-12-04 04:00:00+00:00,6.9219641034425,99.8,26.17,0.08275291765647853
2022-12-04 05:00:00+00:00,6.463279735142093,96.8,28.16,0.05698167177108102
2022-12-04 06:00:00+00:00,5.810001998471816,94.5,29.54,0.03043633517206254
2022-12-04 07:00:00+00:00,5.101126156553006,92.3,30.58,0.01272415232162491
2022-12-04 08:00:00+00:00,4.489546998819131,90.0,31.09,0.0045335154916750515
2022-12-04 09:00:00+00:00,4.155958367327926,85.8,31.07,0.002118844329623507
2022-12-04 10:00:00+00:00,4.086460735767258,80.2,30.57,0.0017591974176414424
2022-12-04 11:00:00+00:00,3.4470825254091157,75.3,29.17,0.00012258449944002242
2022-12-04 12:00:00+00:00,3.0717953149815105,71.8,25.73,5.076457881257117e-07
2022-12-04 13:00:00+00:00,3.4192834727848487,69.8,24.62,0.00010111037082036194
2022-12-04 14:00:00+00:00,3.627776367466852,69.1,23.92,0.0003393808709624709
2022-12-04 15:00:00+00:00,3.69727399902752,72.0,23.38,0.0004650320488121447
2022-12-04 16:00:00+00:00,3.7667716305881873,78.3,22.74,0.000618401565641259
2022-12-04 17:00:00+00:00,3.97526452527019,86.0,22.16,0.00127244715047499
2022-12-04 18:00:00+00:00,4.239355525200727,94.0,21.33,0.0026113205918682114
2022-12-04 19:00:00+00:00,4.3366522093856625,100.7,20.61,0.0032758781055688304
2022-12-04 20:00:00+00:00,4.0169631042065905,105.7,19.94,0.0014427399649018734
2022-12-04 21:00:00+00:00,3.8501687884609885,108.3,19.57,0.0008429230749551987
2022-12-04 22:00:00+00:00,3.725073051651787,109.2,19.46,0.0005228989436636271
2022-12-04 23:00:00+00:00,3.3497858412241817,108.4,19.43,5.8705548418717294e-05
2022-12-05 00:00:00+00:00,3.0717953149815105,106.6,19.4,5.076457881257117e-07
2022-12-05 01:00:00+00:00,3.4470825254091157,104.5,19.62,0.00012258449944002242
2022-12-05 02:00:00+00:00,5.309619051235009,106.7,21.18,0.016900265656413307
2022-12-05 03:00:00+00:00,6.477179261454226,109.6,23.34,0.057670499626681526
2022-12-05 04:00:00+00:00,6.560576419327027,103.2,25.71,0.06192035044261896
2022-12-05 05:00:00+00:00,6.213088261523689,93.8,27.81,0.045503042717314215
2022-12-05 06:00:00+00:00,5.962896787905286,86.1,29.32,0.03567976958915885
2022-12-05 07:00:00+00:00,5.754403893223282,81.0,30.32,0.028665224164179125
2022-12-05 08:00:00+00:00,5.559810524853413,76.6,30.8,0.023008904036693503
2022-12-05 09:00:00+00:00,5.573710051165546,72.0,30.7,0.023385751338868273
2022-12-05 10:00:00+00:00,5.754403893223282,67.9,30.1,0.028665224164179125
2022-12-05 11:00:00+00:00,4.4756474725069975,67.6,28.43,0.004407784228315372
2022-12-05 12:00:00+00:00,3.6138768411547186,71.6,25.5,0.0003173337184659358
2022-12-05 13:00:00+00:00,3.9057668937095227,76.6,24.28,0.0010193464164257086
2022-12-05 14:00:00+00:00,4.003063577894457,82.2,23.79,0.0013843880918589244
2022-12-05 15:00:00+00:00,4.114259788391525,88.3,23.11,0.0018977187361225354
2022-12-05 16:00:00+00:00,4.239355525200727,93.0,22.44,0.0026113205918682114
2022-12-05 17:00:00+00:00,4.489546998819131,93.4,21.86,0.0045335154916750515
2022-12-05 18:00:00+00:00,4.155958367327926,89.6,20.89,0.002118844329623507
2022-12-05 19:00:00+00:00,3.69727399902752,84.0,19.78,0.0004650320488121447
2022-12-05 20:00:00+00:00,3.5999773148425844,79.6,19.05,0.00029626268992632233
2022-12-05 21:00:00+00:00,3.46098205172125,78.2,18.42,0.00013437687007828548
2022-12-05 22:00:00+00:00,3.224690104414979,77.0,17.83,1.5560527300512682e-05
2022-12-05 23:00:00+00:00,3.1273934202300446,77.9,17.39,2.83604726549443e-06
2022-12-06 00:00:00+00:00,3.141292946542178,80.6,17.27,3.869313493322774e-06
2022-12-06 01:00:00+00:00,3.5860777885304516,83.8,17.58,0.000276145683743258
2022-12-06 02:00:00+00:00,4.948231367119537,88.7,19.28,0.010143645561108344
2022-12-06 03:00:00+00:00,6.01849489315382,97.8,22.09,0.03772626473414412
2022-12-06 04:00:00+00:00,6.199188735211555,89.7,24.72,0.04491506757669464
2022-12-06 05:00:00+00:00,5.879499630032485,75.6,26.78,0.032750923672286346
2022-12-06 06:00:00+00:00,5.823901524783951,63.6,28.34,0.030890228112073235
2022-12-06 07:00:00+00:00,5.990695840529551,57.3,29.39,0.03669350616640907
2022-12-06 08:00:00+00:00,6.213088261523689,54.3,29.95,0.045503042717314215
2022-12-06 09:00:00+00:00,6.449380208829958,53.2,29.97,0.056298350867514384
2022-12-06 10:00:00+00:00,6.477179261454226,53.7,29.28,0.057670499626681526
2022-12-06 11:00:00+00:00,4.559044630379798,55.9,27.22,0.005198141712189899
2022-12-06 12:00:00+00:00,4.058661683142991,61.2,23.0,0.0016275864126391443
2022-12-06 13:00:00+00:00,4.392250314634197,66.7,21.44,0.0037018979789288364
2022-12-06 14:00:00+00:00,4.4061498409463296,70.5,20.67,0.0038138822272128117
2022-12-06 15:00:00+00:00,4.3366522093856625,72.3,19.96,0.0032758781055688304
2022-12-06 16:00:00+00:00,4.21155647257646,72.9,19.27,0.0024395148042953133
2022-12-06 17:00:00+00:00,4.086460735767258,73.8,18.6,0.0017591974176414424
2022-12-06 18:00:00+00:00,3.947465472645923,74.5,17.96,0.001166709271357827
2022-12-06 19:00:00+00:00,3.808470209524588,74.3,17.34,0.0007248773616684016
2022-12-06 20:00:00+00:00,3.655575420091119,72.7,16.73,0.0003864919542278135
2022-12-06 21:00:00+00:00,3.5443792095940503,72.2,16.15,0.00022129778332958595
2022-12-06 22:00:00+00:00,3.5026806306576503,72.9,15.63,0.00017424042651131133
2022-12-06 23:00:00+00:00,3.5304796832819174,74.2,15.17,0.00020477585056895208
2022-12-07 00:00:00+00:00,3.5582787359061845,76.2,14.78,0.00023868533204526545
2022-12-07 01:00:00+00:00,3.7389725779639202,77.3,14.8,0.0005535507454290738
2022-12-07 02:00:00+00:00,5.281819998610742,78.6,17.21,0.016297335946699874
2022-12-07 03:00:00+00:00,5.35131763017141,79.1,21.04,0.017832259369005187
2022-12-07 04:00:00+00:00,6.713471208760496,69.0,25.04,0.07024455328385079
2022-12-07 05:00:00+00:00,6.379882577269291,54.0,26.83,0.05296357707417774
2022-12-07 06:00:00+00:00,6.379882577269291,44.4,28.13,0.05296357707417774
2022-12-07 07:00:00+00:00,6.3659830509571576,41.5,28.94,0.05231283374920702
2022-12-07 08:00:00+00:00,6.268686366772223,40.0,29.34,0.047906255528068174
2022-12-07 09:00:00+00:00,6.1713896825872885,42.5,29.26,0.0437543562587356
2022-12-07 10:00:00+00:00,5.9767963142174185,49.4,28.72,0.036184271179773554
2022-12-07 11:00:00+00:00,3.864068314773122,52.9,26.57,0.000884945879576919
2022-12-07 12:00:00+00:00,3.891867367397389,47.6,22.39,0.0009731354487117983
2022-12-07 13:00:00+00:00,4.225455998888594,42.9,21.02,0.002524443400895039
2022-12-07 14:00:00+00:00,4.322752683073529,41.7,20.51,0.003174741909170927
2022-12-07 15:00:00+00:00,4.378350788322063,40.6,20.01,0.0035921275442228223
2022-12-07 16:00:00+00:00,4.545145104067665,41.8,19.53,0.005060346808923484
2022-12-07 17:00:00+00:00,4.684140367189,46.1,19.01,0.006552504508844232
2022-12-07 18:00:00+00:00,4.489546998819131,50.9,18.44,0.0045335154916750515
2022-12-07 19:00:00+00:00,3.989164051582324,58.7,17.9,0.0013276311875834244
2022-12-07 20:00:00+00:00,3.4470825254091157,68.7,17.41,0.00012258449944002242
2022-12-07 21:00:00+00:00,3.0161972097329763,75.1,16.97,5.82898703062398e-09
2022-12-07 22:00:00+00:00,2.7104076308660385,74.3,16.61,0.0
2022-12-07 23:00:00+00:00,2.5019147361840357,67.1,16.34,0.0
2022-12-08 00:00:00+00:00,2.4324171046233682,59.5,16.06,0.0
2022-12-08 01:00:00+00:00,2.4880152098719024,58.7,15.85,0.0
2022-12-08 02:00:00+00:00,3.4192834727848487,48.1,18.0,0.00010111037082036194
2022-12-08 03:00:00+00:00,4.795336577686069,35.1,21.51,0.00793798198934463
2022-12-08 04:00:00+00:00,6.282585893084356,28.7,24.65,0.04851999730082746
2022-12-08 05:00:00+00:00,6.602274998263428,28.7,26.55,0.06412140993267662
2022-12-08 06:00:00+00:00,6.699571682448363,31.1,28.09,0.06945872569881545
2022-12-08 07:00:00+00:00,6.727370735072629,32.8,29.18,0.07103628564972683
2022-12-08 08:00:00+00:00,6.685672156136229,34.6,29.75,0.06867878079302038
2022-12-08 09:00:00+00:00,6.560576419327027,35.9,29.59,0.06192035044261896
2022-12-08 10:00:00+00:00,6.032394419465953,36.7,28.49,0.03824983251844433
2022-12-08 11:00:00+00:00,3.725073051651787,37.1,25.53,0.0005228989436636271
2022-12-08 12:00:00+00:00,4.030862630518724,36.4,22.29,0.001502708908312643
2022-12-08 13:00:00+00:00,4.3366522093856625,34.8,21.11,0.0032758781055688304
2022-12-08 14:00:00+00:00,4.725838946125401,33.1,20.4,0.007051366166127606
2022-12-08 15:00:00+00:00,5.559810524853413,32.5,19.82,0.023008904036693503
2022-12-08 16:00:00+00:00,6.657873103511962,35.5,19.23,0.06713645061274993
2022-12-08 17:00:00+00:00,6.76906931400903,39.5,18.33,0.0734471324484032
2022-12-08 18:00:00+00:00,5.365217156483543,39.7,16.88,0.018150372119076427
2022-12-08 19:00:00+00:00,4.809236103998202,38.7,15.66,0.008123781027553128
2022-12-08 20:00:00+00:00,4.517346051443398,37.3,14.8,0.004792105694336564
2022-12-08 21:00:00+00:00,4.142058841015793,35.7,14.01,0.002043327180885438
2022-12-08 22:00:00+00:00,3.989164051582324,32.7,13.14,0.0013276311875834244
2022-12-08 23:00:00+00:00,4.030862630518724,30.3,12.5,0.001502708908312643
2022-12-09 00:00:00+00:00,4.155958367327926,29.0,11.99,0.002118844329623507
2022-12-09 01:00:00+00:00,4.559044630379798,29.4,11.94,0.005198141712189899
2022-12-09 02:00:00+00:00,6.143590629963021,30.7,14.5,0.042613816214480814
2022-12-09 03:00:00+00:00,6.143590629963021,40.8,18.19,0.042613816214480814
2022-12-09 04:00:00+00:00,7.630839945361309,51.1,22.53,0.13622342150102767
2022-12-09 05:00:00+00:00,6.741270261384763,49.9,25.28,0.07183394489804402
2022-12-09 06:00:00+00:00,6.004595366841686,51.0,27.3,0.03720749665066583
2022-12-09 07:00:00+00:00,5.5876095774776795,54.5,28.7,0.02376669109065298
2022-12-09 08:00:00+00:00,5.3235185775471425,57.1,29.32,0.017207228239273998
2022-12-09 09:00:00+00:00,5.240121419674342,57.6,29.29,0.015420098498143919
2022-12-09 10:00:00+00:00,5.073327103928739,56.0,28.79,0.012225762279898732
2022-12-09 11:00:00+00:00,3.321986788599914,53.8,27.05,4.579168550916993e-05
2022-12-09 12:00:00+00:00,3.03009673604511,50.4,23.98,3.739647521900956e-08
2022-12-09 13:00:00+00:00,3.169091999166445,44.8,22.98,6.6319561817934365e-06
2022-12-09 14:00:00+00:00,3.294187735975647,40.2,22.2,3.492578399574811e-05
2022-12-09 15:00:00+00:00,3.3497858412241817,36.7,21.38,5.8705548418717294e-05
2022-12-09 16:00:00+00:00,3.3358863149120475,38.4,20.69,5.198157098923984e-05
2022-12-09 17:00:00+00:00,3.3775848938484487,44.7,20.08,7.38441855273961e-05
2022-12-09 18:00:00+00:00,3.3775848938484487,51.3,19.46,7.38441855273961e-05
2022-12-09 19:00:00+00:00,3.2524891570392462,56.0,18.84,2.2080081336773903e-05
2022-12-09 20:00:00+00:00,3.26638868335138,58.4,18.23,2.593103107544525e-05
2022-12-09 21:00:00+00:00,3.5304796832819174,63.5,17.84,0.00020477585056895208
2022-12-09 22:00:00+00:00,3.725073051651787,60.8,17.57,0.0005228989436636271
2022-12-09 23:00:00+00:00,3.3636853675363145,53.2,17.06,6.598571939797699e-05
2022-12-10 00:00:00+00:00,3.3358863149120475,42.8,16.8,5.198157098923984e-05
2022-12-10 01:00:00+00:00,4.350551735697795,36.0,17.07,0.0033791397091431905
2022-12-10 02:00:00+00:00,6.421581156205692,33.6,18.89,0.0549481415100816
2022-12-10 03:00:00+00:00,8.131222892598116,38.5,21.97,0.18532547084183992
2022-12-10 04:00:00+00:00,9.868663681614807,43.1,24.86,0.4445178731773298
2022-12-10 05:00:00+00:00,10.049357523672544,44.4,26.65,0.480530638807884
2022-12-10 06:00:00+00:00,9.854764155302673,44.4,27.91,0.44182473219021057
2022-12-10 07:00:00+00:00,9.785266523742006,42.8,28.43,0.4285220813604923
2022-12-10 08:00:00+00:00,9.729668418493473,42.0,27.71,0.41807429952774805
2022-12-10 09:00:00+00:00,9.493376471187203,43.2,26.62,0.3755642289705184
2022-12-10 10:00:00+00:00,8.673304418771325,44.9,25.53,0.2504844294338873
2022-12-10 11:00:00+00:00,6.310384945708623,47.0,24.19,0.04976316184163368
2022-12-10 12:00:00+00:00,4.183757419952193,45.1,22.54,0.0022754149878147487
2022-12-10 13:00:00+00:00,4.030862630518724,38.6,21.76,0.001502708908312643
2022-12-10 14:00:00+00:00,4.281054104137128,31.1,21.31,0.002883864747032247
2022-12-10 15:00:00+00:00,4.767537525061802,32.5,20.86,0.007574926091293861
2022-12-10 16:00:00+00:00,5.559810524853413,41.1,20.54,0.023008904036693503
2022-12-10 17:00:00+00:00,6.06019347209022,46.4,20.16,0.039311455595912086
2022-12-10 18:00:00+00:00,5.684906261662614,44.2,19.73,0.026549714476654915
2022-12-10 19:00:00+00:00,4.684140367189,33.9,19.35,0.006552504508844232
2022-12-10 20:00:00+00:00,4.253255051512861,20.1,19.15,0.002700168478815222
2022-12-10 21:00:00+00:00,4.21155647257646,10.6,19.01,0.0024395148042953133
2022-12-10 22:00:00+00:00,4.350551735697795,6.4,18.9,0.0033791397091431905
2022-12-10 23:00:00+00:00,4.364451262009929,5.5,18.79,0.0034845488214943995
2022-12-11 00:00:00+00:00,4.461747946194864,9.0,18.64,0.004284399388135919
2022-12-11 01:00:00+00:00,4.684140367189,10.6,18.54,0.006552504508844232
2022-12-11 02:00:00+00:00,6.115791577338754,16.2,19.37,0.04149327063112731
2022-12-11 03:00:00+00:00,7.24165320862157,29.7,21.04,0.10468343064400529
2022-12-11 04:00:00+00:00,7.755935682170511,41.3,23.36,0.14756399006398443
2022-12-11 05:00:00+00:00,7.269452261245838,51.2,25.88,0.1067551800346648
2022-12-11 06:00:00+00:00,6.7551697876968975,58.8,27.57,0.07263755313040274
2022-12-11 07:00:00+00:00,6.449380208829958,63.9,28.54,0.056298350867514384
2022-12-11 08:00:00+00:00,6.06019347209022,67.3,28.79,0.039311455595912086
2022-12-11 09:00:00+00:00,5.796102472159683,69.8,28.51,0.029986910408868205
2022-12-11 10:00:00+00:00,5.601509103789814,73.0,27.76,0.024151745393648
2022-12-11 11:00:00+00:00,4.711939419813268,76.3,26.35,0.00688236416384667
2022-12-11 12:00:00+00:00,2.9883981571087093,80.6,24.01,0.0
2022-12-11 13:00:00+00:00,3.0995943676057776,84.6,22.99,1.3551170407727066e-06
2022-12-11 14:00:00+00:00,3.2524891570392462,86.8,22.33,2.2080081336773903e-05
2022-12-11 15:00:00+00:00,3.488781104345516,87.7,21.82,0.0001601827320135531
2022-12-11 16:00:00+00:00,3.683374472715386,86.8,21.41,0.00043777275252535725
2022-12-11 17:00:00+00:00,3.989164051582324,86.0,21.12,0.0013276311875834244
2022-12-11 18:00:00+00:00,4.225455998888594,85.7,20.91,0.002524443400895039
2022-12-11 19:00:00+00:00,4.447848419882731,85.3,20.75,0.004163338869536317
2022-12-11 20:00:00+00:00,4.614642735628332,85.2,20.59,0.005774332669084107
2022-12-11 21:00:00+00:00,4.753637998749668,87.0,20.45,0.007397625028250831
2022-12-11 22:00:00+00:00,5.35131763017141,90.3,20.28,0.017832259369005187
2022-12-11 23:00:00+00:00,4.976030419743805,92.7,20.05,0.010584085747723354
2022-12-12 00:00:00+00:00,4.962130893431671,92.7,19.88,0.010362305664819162
2022-12-12 01:00:00+00:00,5.087226630240873,87.2,19.85,0.01247329785396345
2022-12-12 02:00:00+00:00,6.268686366772223,81.6,20.52,0.047906255528068174
2022-12-12 03:00:00+00:00,7.6725385242977096,82.3,21.27,0.13993654398621
2022-12-12 04:00:00+00:00,8.242419103095184,82.5,22.14,0.1976367411577168
2022-12-12 05:00:00+00:00,8.437012471465055,81.2,22.82,0.2204720088632546
2022-12-12 06:00:00+00:00,8.33971578728012,78.7,23.17,0.20884635364241086
2022-12-12 07:00:00+00:00,7.95052905054038,75.9,23.2,0.16642835163124553
2022-12-12 08:00:00+00:00,7.505744208552108,72.2,23.07,0.12547929534177862
2022-12-12 09:00:00+00:00,7.24165320862157,68.7,22.8,0.10468343064400529
2022-12-12 10:00:00+00:00,6.796868366633297,65.6,22.35,0.07508429274773128
2022-12-12 11:00:00+00:00,5.267920472298608,60.8,21.62,0.016001324616646363
2022-12-12 12:00:00+00:00,3.864068314773122,54.4,20.59,0.000884945879576919
2022-12-12 13:00:00+00:00,3.97526452527019,50.5,20.14,0.00127244715047499
2022-12-12 14:00:00+00:00,4.364451262009929,48.4,19.93,0.0034845488214943995
2022-12-12 15:00:00+00:00,4.878733735558869,48.6,19.79,0.009096371174441733
2022-12-12 16:00:00+00:00,5.406915735419944,50.4,19.69,0.01912736432931732
2022-12-12 17:00:00+00:00,6.046293945778086,53.6,19.68,0.03877822210516686
2022-12-12 18:00:00+00:00,6.560576419327027,59.8,19.78,0.06192035044261896
2022-12-12 19:00:00+00:00,7.088758419188101,64.4,19.92,0.09376631008043017
2022-12-12 20:00:00+00:00,7.589141366424909,67.3,19.95,0.1325765703940351
2022-12-12 21:00:00+00:00,7.992227629476781,70.3,19.93,0.17066937981808628
2022-12-12 22:00:00+00:00,7.450146103303574,70.2,19.82,0.1208913647695221
2022-12-12 23:00:00+00:00,6.727370735072629,70.2,19.69,0.07103628564972683
2022-12-13 00:00:00+00:00,6.2964854193964905,71.1,19.6,0.04913895870481589
2022-12-13 01:00:00+00:00,6.268686366772223,71.6,19.61,0.047906255528068174
2022-12-13 02:00:00+00:00,6.963662682378899,72.3,20.31,0.08542058378901518
2022-12-13 03:00:00+00:00,8.728902524019858,79.2,21.69,0.2579210394319741
2022-12-13 04:00:00+00:00,9.674070313244938,88.9,23.67,0.40779773094495975
2022-12-13 05:00:00+00:00,9.618472207996405,95.8,25.53,0.39769096110970387
2022-12-13 06:00:00+00:00,9.034692102886796,97.5,26.08,0.30146564145572796
2022-12-13 07:00:00+00:00,8.284117682031585,97.0,26.27,0.2023904030207143
2022-12-13 08:00:00+00:00,7.519643734864241,95.3,26.4,0.12664413416099704
2022-12-13 09:00:00+00:00,7.088758419188101,94.7,26.28,0.09376631008043017
2022-12-13 10:00:00+00:00,6.574475945639161,95.2,25.92,0.0626483458072678
2022-12-13 11:00:00+00:00,4.781437051373935,93.7,25.04,0.007755037711124997
2022-12-13 12:00:00+00:00,3.7667716305881873,90.2,23.26,0.000618401565641259
2022-12-13 13:00:00+00:00,4.364451262009929,90.5,22.58,0.0034845488214943995
2022-12-13 14:00:00+00:00,5.101126156553006,93.1,22.28,0.01272415232162491
2022-12-13 15:00:00+00:00,5.434714788044212,94.5,21.87,0.01979779178550429
2022-12-13 16:00:00+00:00,5.615408630101947,96.2,21.44,0.024540936349453625
2022-12-13 17:00:00+00:00,6.004595366841686,99.6,21.13,0.03720749665066583
2022-12-13 18:00:00+00:00,5.851700577408217,100.4,20.69,0.031811506928944924
2022-12-13 19:00:00+00:00,5.893399156344618,101.2,20.47,0.03322748902038412
2022-12-13 20:00:00+00:00,5.837801051096084,101.7,20.4,0.031348611330500535
2022-12-13 21:00:00+00:00,5.5876095774776795,102.7,20.3,0.02376669109065298
2022-12-13 22:00:00+00:00,5.295719524922876,103.5,20.16,0.01659697559275541
2022-12-13 23:00:00+00:00,5.0594275776166056,104.2,20.0,0.011981523497830396
2022-12-14 00:00:00+00:00,5.017728998680205,105.8,19.84,0.011268366887599923
2022-12-14 01:00:00+00:00,5.698805787974748,109.1,19.92,0.02696418948293244
2022-12-14 02:00:00+00:00,7.519643734864241,112.6,21.1,0.12664413416099704
2022-12-14 03:00:00+00:00,8.492610576713588,117.7,23.14,0.22730495252713512
2022-12-14 04:00:00+00:00,8.33971578728012,119.2,25.5,0.20884635364241086
2022-12-14 05:00:00+00:00,8.131222892598116,121.3,27.48,0.18532547084183992
2022-12-14 06:00:00+00:00,7.825433313731178,123.5,28.9,0.15412795855468794
2022-12-14 07:00:00+00:00,7.297251313870104,125.9,29.82,0.10885408480474731
2022-12-14 08:00:00+00:00,6.560576419327027,128.6,30.23,0.06192035044261896
2022-12-14 09:00:00+00:00,6.143590629963021,130.9,30.12,0.042613816214480814
2022-12-14 10:00:00+00:00,5.893399156344618,132.4,29.48,0.03322748902038412
2022-12-14 11:00:00+00:00,4.628542261940466,132.2,27.94,0.0059247437522666705
2022-12-14 12:00:00+00:00,3.3497858412241817,130.1,24.73,5.8705548418717294e-05
2022-12-14 13:00:00+00:00,3.655575420091119,128.5,23.52,0.0003864919542278135
2022-12-14 14:00:00+00:00,3.8501687884609885,128.1,22.92,0.0008429230749551987
2022-12-14 15:00:00+00:00,3.9335659463337898,128.0,22.34,0.0011161112261483472
2022-12-14 16:00:00+00:00,3.919666420021656,127.6,21.75,0.001066997641704432
2022-12-14 17:00:00+00:00,3.891867367397389,127.6,21.01,0.0009731354487117983
2022-12-14 18:00:00+00:00,3.7667716305881873,127.8,20.26,0.000618401565641259
2022-12-14 19:00:00+00:00,3.5721782622183174,127.6,19.75,0.0002569605983163631
2022-12-14 20:00:00+00:00,3.3358863149120475,126.5,19.33,5.198157098923984e-05
2022-12-14 21:00:00+00:00,3.1829915254785788,125.4,18.97,8.405535843187353e-06
2022-12-14 22:00:00+00:00,3.0856948412936442,124.5,18.7,8.632498431277694e-07
2022-12-14 23:00:00+00:00,3.002297683420843,122.5,18.77,1.6639606180337144e-11
2022-12-15 00:00:00+00:00,2.8633024202995077,118.7,18.9,0.0
2022-12-15 01:00:00+00:00,3.141292946542178,112.1,19.3,3.869313493322774e-06
2022-12-15 02:00:00+00:00,5.045528051304472,106.0,21.44,0.01174055940615806
2022-12-15 03:00:00+00:00,6.393782103581424,99.9,24.35,0.05361969474158012
2022-12-15 04:00:00+00:00,7.199954629685169,94.2,26.72,0.10162633611642759
2022-12-15 05:00:00+00:00,7.436246576991439,93.4,28.45,0.11976212779461047
2022-12-15 06:00:00+00:00,7.269452261245838,95.0,29.76,0.1067551800346648
2022-12-15 07:00:00+00:00,6.852466471881831,98.2,30.69,0.07843123884450616
2022-12-15 08:00:00+00:00,6.324284472020757,102.4,31.19,0.05039262881288134
2022-12-15 09:00:00+00:00,5.796102472159683,106.0,31.24,0.029986910408868205
2022-12-15 10:00:00+00:00,5.39301620910781,107.7,30.55,0.018797902497632125
2022-12-15 11:00:00+00:00,4.086460735767258,108.9,28.77,0.0017591974176414424
2022-12-15 12:00:00+00:00,3.516580156969783,112.5,24.54,0.00018909743216298478
2022-12-15 13:00:00+00:00,3.947465472645923,117.3,22.75,0.001166709271357827
2022-12-15 14:00:00+00:00,4.086460735767258,122.5,21.72,0.0017591974176414424
2022-12-15 15:00:00+00:00,4.21155647257646,128.6,20.78,0.0024395148042953133
2022-12-15 16:00:00+00:00,4.350551735697795,134.1,19.96,0.0033791397091431905
2022-12-15 17:00:00+00:00,4.559044630379798,138.6,19.28,0.005198141712189899
2022-12-15 18:00:00+00:00,4.628542261940466,141.0,18.68,0.0059247437522666705
2022-12-15 19:00:00+00:00,4.420049367258463,141.5,18.07,0.0039281023906751365
2022-12-15 20:00:00+00:00,4.044762156830858,140.4,17.44,0.0015643170236916096
2022-12-15 21:00:00+00:00,3.6416758937789857,139.3,16.87,0.00036242624901630525
2022-12-15 22:00:00+00:00,3.3914844201605816,137.7,16.36,8.230304840734889e-05
2022-12-15 23:00:00+00:00,3.224690104414979,135.3,15.95,1.5560527300512682e-05
2022-12-16 00:00:00+00:00,3.0856948412936442,131.5,15.63,8.632498431277694e-07
2022-12-16 01:00:00+00:00,2.7938047887388398,126.9,15.82,0.0
2022-12-16 02:00:00+00:00,3.433182999096983,119.4,18.75,0.00011150303355417385
2022-12-16 03:00:00+00:00,3.0717953149815105,102.8,22.15,5.076457881257117e-07
2022-12-16 04:00:00+00:00,6.393782103581424,95.4,26.87,0.05361969474158012
2022-12-16 05:00:00+00:00,6.671772629824095,88.8,28.88,0.06790469646486533
2022-12-16 06:00:00+00:00,6.449380208829958,86.5,30.19,0.056298350867514384
2022-12-16 07:00:00+00:00,6.157490156275155,87.4,31.02,0.04318157587819536
2022-12-16 08:00:00+00:00,6.046293945778086,89.9,31.36,0.03877822210516686
2022-12-16 09:00:00+00:00,6.06019347209022,91.1,31.18,0.039311455595912086
2022-12-16 10:00:00+00:00,5.698805787974748,89.9,30.48,0.02696418948293244
2022-12-16 11:00:00+00:00,3.891867367397389,88.4,28.74,0.0009731354487117983
2022-12-16 12:00:00+00:00,3.169091999166445,91.8,24.93,6.6319561817934365e-06
2022-12-16 13:00:00+00:00,3.3497858412241817,95.5,23.85,5.8705548418717294e-05
2022-12-16 14:00:00+00:00,3.4470825254091157,100.4,23.13,0.00012258449944002242
2022-12-16 15:00:00+00:00,3.5999773148425844,108.2,22.37,0.00029626268992632233
2022-12-16 16:00:00+00:00,3.7389725779639202,115.8,21.55,0.0005535507454290738
2022-12-16 17:00:00+00:00,3.808470209524588,121.9,20.71,0.0007248773616684016
2022-12-16 18:00:00+00:00,3.8501687884609885,126.6,19.91,0.0008429230749551987
2022-12-16 19:00:00+00:00,3.8362692621488548,131.3,19.24,0.0008022521214967887
2022-12-16 20:00:00+00:00,3.711173525339653,135.3,18.61,0.0004934000786581087
2022-12-16 21:00:00+00:00,3.433182999096983,137.5,18.0,0.00011150303355417385
2022-12-16 22:00:00+00:00,3.0995943676057776,137.0,17.5,1.3551170407727066e-06
2022-12-16 23:00:00+00:00,2.849402893987374,135.0,17.08,0.0
2022-12-17 00:00:00+00:00,2.7243071571781723,130.7,16.83,0.0
2022-12-17 01:00:00+00:00,2.4880152098719024,124.8,17.06,0.0
2022-12-17 02:00:00+00:00,3.3497858412241817,116.1,19.43,5.8705548418717294e-05
2022-12-17 03:00:00+00:00,3.5304796832819174,101.1,22.84,0.00020477585056895208
2022-12-17 04:00:00+00:00,5.365217156483543,90.4,26.71,0.018150372119076427
2022-12-17 05:00:00+00:00,5.86560010372035,79.6,28.74,0.03227893700900672
2022-12-17 06:00:00+00:00,6.129691103650888,71.6,30.04,0.04205105516599162
2022-12-17 07:00:00+00:00,6.240887314147956,67.1,30.79,0.04669434246983532
2022-12-17 08:00:00+00:00,6.213088261523689,65.6,31.09,0.045503042717314215
2022-12-17 09:00:00+00:00,6.185289208899422,64.7,30.84,0.04433217945770191
2022-12-17 10:00:00+00:00,6.143590629963021,64.5,30.11,0.042613816214480814
2022-12-17 11:00:00+00:00,4.3366522093856625,66.0,28.23,0.0032758781055688304
2022-12-17 12:00:00+00:00,3.627776367466852,70.7,25.09,0.0003393808709624709
2022-12-17 13:00:00+00:00,3.8362692621488548,76.0,23.95,0.0008022521214967887
2022-12-17 14:00:00+00:00,3.8501687884609885,80.4,23.34,0.0008429230749551987
2022-12-17 15:00:00+00:00,3.808470209524588,83.7,22.78,0.0007248773616684016
2022-12-17 16:00:00+00:00,3.725073051651787,86.8,22.22,0.0005228989436636271
2022-12-17 17:00:00+00:00,3.655575420091119,90.4,21.72,0.0003864919542278135
2022-12-17 18:00:00+00:00,3.5999773148425844,94.2,21.21,0.00029626268992632233
2022-12-17 19:00:00+00:00,3.488781104345516,97.5,20.58,0.0001601827320135531
2022-12-17 20:00:00+00:00,3.3636853675363145,98.8,20.0,6.598571939797699e-05
2022-12-17 21:00:00+00:00,3.1829915254785788,97.3,19.53,8.405535843187353e-06
2022-12-17 22:00:00+00:00,2.8633024202995077,95.3,19.02,0.0
2022-12-17 23:00:00+00:00,2.7382066834903056,94.1,18.9,0.0
2022-12-18 00:00:00+00:00,2.668709051929638,93.6,18.79,0.0
2022-12-18 01:00:00+00:00,2.974498630796576,92.4,18.95,0.0
2022-12-18 02:00:00+00:00,4.517346051443398,91.2,20.8,0.004792105694336564
2022-12-18 03:00:00+00:00,5.893399156344618,87.8,23.62,0.03322748902038412
2022-12-18 04:00:00+00:00,6.866365998193966,74.6,25.81,0.07928323460681022
2022-12-18 05:00:00+00:00,7.505744208552108,65.7,27.47,0.12547929534177862
2022-12-18 06:00:00+00:00,7.769835208482644,60.8,28.58,0.1488615705539858
2022-12-18 07:00:00+00:00,7.797634261106912,57.5,29.34,0.15147950714299685
2022-12-18 08:00:00+00:00,7.755935682170511,55.7,29.88,0.14756399006398443
2022-12-18 09:00:00+00:00,7.644739471673443,55.2,29.74,0.1374537360408224
2022-12-18 10:00:00+00:00,7.352849419118638,55.7,29.45,0.11313406773439343
2022-12-18 11:00:00+00:00,5.198422840737941,57.5,27.87,0.014574919150395974
2022-12-18 12:00:00+00:00,3.808470209524588,60.7,24.57,0.0007248773616684016
2022-12-18 13:00:00+00:00,4.16985789364006,62.0,22.77,0.0021961995647331533
2022-12-18 14:00:00+00:00,4.3366522093856625,61.9,21.68,0.0032758781055688304
2022-12-18 15:00:00+00:00,4.461747946194864,62.3,20.81,0.004284399388135919
2022-12-18 16:00:00+00:00,4.6007432093161995,63.7,19.95,0.005626489025085531
2022-12-18 17:00:00+00:00,4.684140367189,66.2,19.13,0.006552504508844232
2022-12-18 18:00:00+00:00,4.433948893570597,70.4,18.39,0.00404458057091618
2022-12-18 19:00:00+00:00,3.947465472645923,75.3,17.81,0.001166709271357827
2022-12-18 20:00:00+00:00,3.488781104345516,79.2,17.36,0.0001601827320135531
2022-12-18 21:00:00+00:00,3.1829915254785788,81.7,17.06,8.405535843187353e-06
2022-12-18 22:00:00+00:00,2.946699578172309,82.1,17.21,0.0
2022-12-18 23:00:00+00:00,2.8355033676752406,82.1,17.32,0.0
2022-12-19 00:00:00+00:00,2.849402893987374,82.7,17.27,0.0
2022-12-19 01:00:00+00:00,2.905000999235908,83.7,17.48,0.0
2022-12-19 02:00:00+00:00,5.087226630240873,91.4,19.69,0.01247329785396345
2022-12-19 03:00:00+00:00,6.477179261454226,94.1,22.02,0.057670499626681526
2022-12-19 04:00:00+00:00,6.963662682378899,83.7,24.49,0.08542058378901518
2022-12-19 05:00:00+00:00,7.102657945500235,77.6,26.42,0.09472582593394793
2022-12-19 06:00:00+00:00,7.0192607876274336,76.7,27.9,0.08906581164159735
2022-12-19 07:00:00+00:00,6.838566945569697,78.4,28.92,0.07758536887904664
2022-12-19 08:00:00+00:00,6.49107878776636,80.5,29.48,0.058364856535916415
2022-12-19 09:00:00+00:00,6.199188735211555,81.6,29.48,0.04491506757669464
2022-12-19 10:00:00+00:00,6.01849489315382,81.8,28.84,0.03772626473414412
2022-12-19 11:00:00+00:00,4.4061498409463296,84.0,26.93,0.0038138822272128117
2022-12-19 12:00:00+00:00,3.8501687884609885,91.7,22.79,0.0008429230749551987
2022-12-19 13:00:00+00:00,4.142058841015793,99.7,21.42,0.002043327180885438
2022-12-19 14:00:00+00:00,4.225455998888594,107.8,20.68,0.002524443400895039
2022-12-19 15:00:00+00:00,4.239355525200727,115.9,19.87,0.0026113205918682114
2022-12-19 16:00:00+00:00,4.16985789364006,122.6,18.97,0.0021961995647331533
2022-12-19 17:00:00+00:00,4.044762156830858,127.5,18.17,0.0015643170236916096
2022-12-19 18:00:00+00:00,3.9335659463337898,131.4,17.44,0.0011161112261483472
2022-12-19 19:00:00+00:00,3.864068314773122,135.1,16.8,0.000884945879576919
2022-12-19 20:00:00+00:00,3.780671156900321,137.4,16.19,0.0006526447872887494
2022-12-19 21:00:00+00:00,3.655575420091119,137.8,15.62,0.0003864919542278135
2022-12-19 22:00:00+00:00,3.5443792095940503,137.4,15.1,0.00022129778332958595
2022-12-19 23:00:00+00:00,3.4470825254091157,137.0,14.6,0.00012258449944002242
2022-12-20 00:00:00+00:00,3.405383946472716,136.3,14.14,9.138440963821283e-05
2022-12-20 01:00:00+00:00,3.2802882096635133,134.7,14.19,3.0205564761644622e-05
2022-12-20 02:00:00+00:00,4.503446525131265,132.7,17.17,0.0046616152798153255
2022-12-20 03:00:00+00:00,4.281054104137128,119.3,20.67,0.002883864747032247
2022-12-20 04:00:00+00:00,6.588375471951294,97.3,24.98,0.06338202493675352
2022-12-20 05:00:00+00:00,7.116557471812369,89.2,27.32,0.09569186541311687
2022-12-20 06:00:00+00:00,7.39454799805504,86.6,29.1,0.11641665284783591
2022-12-20 07:00:00+00:00,7.39454799805504,86.0,30.3,0.11641665284783591
2022-12-20 08:00:00+00:00,7.2138541559973035,85.8,30.88,0.10263865981996585
2022-12-20 09:00:00+00:00,7.199954629685169,85.1,30.79,0.10162633611642759
2022-12-20 10:00:00+00:00,7.158256050748769,85.2,29.95,0.0986293466205349
2022-12-20 11:00:00+00:00,4.976030419743805,87.6,27.5,0.010584085747723354
2022-12-20 12:00:00+00:00,4.4756474725069975,93.7,22.63,0.004407784228315372
2022-12-20 13:00:00+00:00,4.725838946125401,99.7,20.88,0.007051366166127606
2022-12-20 14:00:00+00:00,4.753637998749668,105.9,19.96,0.007397625028250831
2022-12-20 15:00:00+00:00,4.739738472437534,112.4,19.11,0.007223112420395537
2022-12-20 16:00:00+00:00,4.656341314564734,117.7,18.27,0.006233356642585244
2022-12-20 17:00:00+00:00,4.517346051443398,121.1,17.47,0.004792105694336564
2022-12-20 18:00:00+00:00,4.420049367258463,123.3,16.76,0.0039281023906751365
2022-12-20 19:00:00+00:00,4.461747946194864,124.5,16.21,0.004284399388135919
2022-12-20 20:00:00+00:00,4.572944156691932,124.5,15.78,0.005338415648238799
2022-12-20 21:00:00+00:00,4.253255051512861,124.0,15.37,0.002700168478815222
2022-12-20 22:00:00+00:00,3.711173525339653,122.1,14.81,0.0004934000786581087
2022-12-20 23:00:00+00:00,3.3775848938484487,118.6,14.32,7.38441855273961e-05
2022-12-21 00:00:00+00:00,3.1551924728543117,114.0,14.12,5.127249265297204e-06
2022-12-21 01:00:00+00:00,3.0161972097329763,107.7,14.5,5.82898703062398e-09
2022-12-21 02:00:00+00:00,4.239355525200727,101.5,16.98,0.0026113205918682114
2022-12-21 03:00:00+00:00,4.698039893501134,93.6,20.53,0.006716084311952335
2022-12-21 04:00:00+00:00,7.0192607876274336,88.9,24.77,0.08906581164159735
2022-12-21 05:00:00+00:00,7.227753682309437,86.5,27.45,0.10365768396195829
2022-12-21 06:00:00+00:00,6.963662682378899,86.7,29.18,0.08542058378901518
2022-12-21 07:00:00+00:00,6.477179261454226,87.2,29.97,0.057670499626681526
2022-12-21 08:00:00+00:00,5.935097735281017,86.8,30.11,0.03468487818959025
2022-12-21 09:00:00+00:00,5.643207682726214,87.2,29.91,0.025331816625898403
2022-12-21 10:00:00+00:00,5.504212419604879,87.4,29.32,0.0215419972920859
2022-12-21 11:00:00+00:00,3.7389725779639202,87.7,27.29,0.0005535507454290738
2022-12-21 12:00:00+00:00,3.6138768411547186,91.3,22.85,0.0003173337184659358
2022-12-21 13:00:00+00:00,3.8362692621488548,94.8,21.32,0.0008022521214967887
2022-12-21 14:00:00+00:00,3.8362692621488548,98.7,20.57,0.0008022521214967887
2022-12-21 15:00:00+00:00,3.7945706832124544,104.2,19.88,0.0006881293520976709
2022-12-21 16:00:00+00:00,3.69727399902752,110.5,19.16,0.0004650320488121447
2022-12-21 17:00:00+00:00,3.5304796832819174,116.7,18.44,0.00020477585056895208
2022-12-21 18:00:00+00:00,3.3636853675363145,122.8,17.66,6.598571939797699e-05
2022-12-21 19:00:00+00:00,3.238589630727113,126.1,16.83,1.863061394525505e-05
2022-12-21 20:00:00+00:00,3.057895788669377,123.7,16.14,2.6620327539076553e-07
2022-12-21 21:00:00+00:00,3.0161972097329763,118.9,15.32,5.82898703062398e-09
2022-12-21 22:00:00+00:00,3.0161972097329763,114.8,14.64,5.82898703062398e-09
2022-12-21 23:00:00+00:00,3.1273934202300446,115.0,14.11,2.83604726549443e-06
2022-12-22 00:00:00+00:00,3.321986788599914,118.0,13.7,4.579168550916993e-05
2022-12-22 01:00:00+00:00,3.321986788599914,119.9,13.83,4.579168550916993e-05
2022-12-22 02:00:00+00:00,4.6702408408768665,120.2,16.91,0.006391602652921991
2022-12-22 03:00:00+00:00,4.489546998819131,113.2,20.55,0.0045335154916750515
2022-12-22 04:00:00+00:00,6.33818399833289,101.8,25.27,0.05102738172015916
2022-12-22 05:00:00+00:00,6.046293945778086,88.2,27.8,0.03877822210516686
2022-12-22 06:00:00+00:00,5.935097735281017,78.9,29.45,0.03468487818959025
2022-12-22 07:00:00+00:00,5.726604840599015,74.2,30.43,0.027806035689127713
2022-12-22 08:00:00+00:00,5.267920472298608,69.3,30.91,0.016001324616646363
2022-12-22 09:00:00+00:00,5.045528051304472,66.0,30.83,0.01174055940615806
2022-12-22 10:00:00+00:00,5.101126156553006,65.9,30.14,0.01272415232162491
2022-12-22 11:00:00+00:00,3.5860777885304516,69.6,28.01,0.000276145683743258
2022-12-22 12:00:00+00:00,3.780671156900321,80.1,23.56,0.0006526447872887494
2022-12-22 13:00:00+00:00,4.225455998888594,88.3,21.9,0.002524443400895039
2022-12-22 14:00:00+00:00,4.364451262009929,97.1,20.98,0.0034845488214943995
2022-12-22 15:00:00+00:00,4.364451262009929,105.9,20.15,0.0034845488214943995
2022-12-22 16:00:00+00:00,4.350551735697795,113.5,19.35,0.0033791397091431905
2022-12-22 17:00:00+00:00,4.392250314634197,119.4,18.59,0.0037018979789288364
2022-12-22 18:00:00+00:00,4.545145104067665,123.2,17.91,0.005060346808923484
2022-12-22 19:00:00+00:00,4.614642735628332,125.1,17.36,0.005774332669084107
2022-12-22 20:00:00+00:00,4.142058841015793,126.4,16.81,0.002043327180885438
2022-12-22 21:00:00+00:00,3.4470825254091157,128.9,16.29,0.00012258449944002242
2022-12-22 22:00:00+00:00,2.932800051860175,134.0,16.15,0.0
2022-12-22 23:00:00+00:00,2.55751284143257,141.4,16.15,0.0
2022-12-23 00:00:00+00:00,2.376818999374834,147.9,16.09,0.0
2022-12-23 01:00:00+00:00,2.4324171046233682,149.0,16.18,0.0
2022-12-23 02:00:00+00:00,3.3775848938484487,143.9,17.95,7.38441855273961e-05
2022-12-23 03:00:00+00:00,3.752872104276054,116.4,21.58,0.0005853775855548267
2022-12-23 04:00:00+00:00,5.045528051304472,88.7,25.38,0.01174055940615806
2022-12-23 05:00:00+00:00,5.768303419535417,73.6,27.91,0.02910137700652688
2022-12-23 06:00:00+00:00,5.893399156344618,68.7,29.65,0.03322748902038412
2022-12-23 07:00:00+00:00,5.559810524853413,67.8,30.75,0.023008904036693503
2022-12-23 08:00:00+00:00,5.1289252091772735,69.1,31.33,0.013235906344139632
2022-12-23 09:00:00+00:00,5.212322367050074,71.7,31.29,0.01485312042444501
2022-12-23 10:00:00+00:00,5.490312893292746,74.1,30.53,0.02118528071395504
2022-12-23 11:00:00+00:00,3.864068314773122,79.6,28.14,0.000884945879576919
2022-12-23 12:00:00+00:00,4.142058841015793,90.2,23.17,0.002043327180885438
2022-12-23 13:00:00+00:00,4.614642735628332,95.7,21.29,0.005774332669084107
2022-12-23 14:00:00+00:00,4.698039893501134,100.4,20.28,0.006716084311952335
2022-12-23 15:00:00+00:00,4.6702408408768665,104.1,19.41,0.006391602652921991
2022-12-23 16:00:00+00:00,4.628542261940466,106.4,18.53,0.0059247437522666705
2022-12-23 17:00:00+00:00,4.628542261940466,108.4,17.63,0.0059247437522666705
2022-12-23 18:00:00+00:00,4.739738472437534,110.2,16.86,0.007223112420395537
2022-12-23 19:00:00+00:00,4.823135630310336,112.5,16.22,0.008312456927350872
2022-12-23 20:00:00+00:00,4.767537525061802,116.1,15.73,0.007574926091293861
2022-12-23 21:00:00+00:00,4.517346051443398,121.3,15.32,0.004792105694336564
2022-12-23 22:00:00+00:00,4.531245577755532,127.2,15.8,0.004925008836839162
2022-12-23 23:00:00+00:00,3.9057668937095227,132.5,15.68,0.0010193464164257086
2022-12-24 00:00:00+00:00,3.6138768411547186,137.3,15.79,0.0003173337184659358
2022-12-24 01:00:00+00:00,3.752872104276054,141.3,15.98,0.0005853775855548267
2022-12-24 02:00:00+00:00,5.671006735350481,141.2,18.08,0.026139508732790348
2022-12-24 03:00:00+00:00,5.9072986826567515,135.3,21.1,0.03370865515490046
2022-12-24 04:00:00+00:00,5.657107209038348,124.4,24.67,0.025733550149738323
2022-12-24 05:00:00+00:00,5.254020945986475,107.9,27.57,0.015708919500994498
2022-12-24 06:00:00+00:00,5.087226630240873,92.3,29.48,0.01247329785396345
2022-12-24 07:00:00+00:00,4.920432314495271,81.2,30.62,0.009715596884865342
2022-12-24 08:00:00+00:00,4.6702408408768665,74.3,31.13,0.006391602652921991
2022-12-24 09:00:00+00:00,4.545145104067665,70.9,31.07,0.005060346808923484
2022-12-24 10:00:00+00:00,4.559044630379798,70.2,30.3,0.005198141712189899
2022-12-24 11:00:00+00:00,3.169091999166445,73.5,27.89,6.6319561817934365e-06
2022-12-24 12:00:00+00:00,3.808470209524588,83.5,22.99,0.0007248773616684016
2022-12-24 13:00:00+00:00,4.308853156761395,90.6,21.07,0.0030757090183491102
2022-12-24 14:00:00+00:00,4.545145104067665,95.6,19.99,0.005060346808923484
2022-12-24 15:00:00+00:00,4.684140367189,99.7,19.03,0.006552504508844232
2022-12-24 16:00:00+00:00,4.753637998749668,104.4,18.17,0.007397625028250831
2022-12-24 17:00:00+00:00,4.767537525061802,109.6,17.38,0.007574926091293861
2022-12-24 18:00:00+00:00,4.809236103998202,114.9,16.68,0.008123781027553128
2022-12-24 19:00:00+00:00,4.892633261871003,119.4,16.1,0.009299762906191316
2022-12-24 20:00:00+00:00,4.698039893501134,122.3,15.58,0.006716084311952335
2022-12-24 21:00:00+00:00,4.225455998888594,125.9,15.07,0.002524443400895039
2022-12-24 22:00:00+00:00,3.891867367397389,129.5,14.8,0.0009731354487117983
2022-12-24 23:00:00+00:00,3.5999773148425844,132.2,15.14,0.00029626268992632233
2022-12-25 00:00:00+00:00,3.2802882096635133,133.5,15.31,3.0205564761644622e-05
2022-12-25 01:00:00+00:00,3.3358863149120475,131.8,15.57,5.198157098923984e-05
2022-12-25 02:00:00+00:00,5.031628524992339,128.3,17.73,0.011502847903281375
2022-12-25 03:00:00+00:00,5.35131763017141,117.7,21.11,0.017832259369005187
2022-12-25 04:00:00+00:00,6.046293945778086,107.6,25.26,0.03877822210516686
2022-12-25 05:00:00+00:00,5.643207682726214,99.2,28.09,0.025331816625898403
2022-12-25 06:00:00+00:00,5.365217156483543,99.4,29.71,0.018150372119076427
2022-12-25 07:00:00+00:00,5.142824735489407,103.9,30.69,0.01349685010219363
2022-12-25 08:00:00+00:00,4.878733735558869,107.2,31.14,0.009096371174441733
2022-12-25 09:00:00+00:00,4.656341314564734,107.4,31.07,0.006233356642585244
2022-12-25 10:00:00+00:00,4.559044630379798,104.1,30.42,0.005198141712189899
2022-12-25 11:00:00+00:00,3.5304796832819174,100.2,28.56,0.00020477585056895208
2022-12-25 12:00:00+00:00,3.488781104345516,99.4,24.36,0.0001601827320135531
2022-12-25 13:00:00+00:00,3.947465472645923,96.9,22.96,0.001166709271357827
2022-12-25 14:00:00+00:00,4.267154577824994,98.1,22.56,0.002791009163336437
2022-12-25 15:00:00+00:00,4.767537525061802,104.7,22.08,0.007574926091293861
2022-12-25 16:00:00+00:00,5.39301620910781,111.3,21.38,0.018797902497632125
2022-12-25 17:00:00+00:00,6.157490156275155,114.7,20.92,0.04318157587819536
2022-12-25 18:00:00+00:00,6.602274998263428,115.1,20.48,0.06412140993267662
2022-12-25 19:00:00+00:00,6.226987787835823,114.1,19.89,0.04609612698116098
2022-12-25 20:00:00+00:00,6.06019347209022,113.8,19.68,0.039311455595912086
2022-12-25 21:00:00+00:00,5.615408630101947,114.9,19.65,0.024540936349453625
2022-12-25 22:00:00+00:00,5.365217156483543,115.0,19.68,0.018150372119076427
2022-12-25 23:00:00+00:00,4.837035156622469,114.6,19.57,0.008504031790338215
2022-12-26 00:00:00+00:00,4.447848419882731,114.0,19.39,0.004163338869536317
2022-12-26 01:00:00+00:00,5.15672426180154,114.2,19.67,0.013761201160245875
2022-12-26 02:00:00+00:00,7.158256050748769,114.1,21.36,0.0986293466205349
2022-12-26 03:00:00+00:00,8.159021945222383,114.3,23.84,0.18835389152432733
2022-12-26 04:00:00+00:00,8.270218155719451,113.2,26.45,0.20079747627349914
2022-12-26 05:00:00+00:00,8.089524313661716,112.9,28.54,0.18084397814470093
2022-12-26 06:00:00+00:00,7.825433313731178,113.7,30.05,0.15412795855468794
2022-12-26 07:00:00+00:00,7.533543261176375,115.1,31.06,0.12781615965387816
2022-12-26 08:00:00+00:00,7.172155577060903,116.4,31.52,0.09962170161831257
2022-12-26 09:00:00+00:00,6.713471208760496,117.0,31.43,0.07024455328385079
2022-12-26 10:00:00+00:00,6.213088261523689,116.3,30.73,0.045503042717314215
2022-12-26 11:00:00+00:00,5.142824735489407,112.2,29.27,0.01349685010219363
2022-12-26 12:00:00+00:00,3.405383946472716,104.7,26.02,9.138440963821283e-05
2022-12-26 13:00:00+00:00,3.8362692621488548,100.9,24.79,0.0008022521214967887
2022-12-26 14:00:00+00:00,4.4061498409463296,101.7,24.25,0.0038138822272128117
2022-12-26 15:00:00+00:00,5.184523314425808,106.7,23.71,0.014300213582746675
2022-12-26 16:00:00+00:00,5.504212419604879,113.1,22.85,0.0215419972920859
2022-12-26 17:00:00+00:00,5.573710051165546,117.7,22.14,0.023385751338868273
2022-12-26 18:00:00+00:00,5.420815261732077,119.7,21.51,0.019460653391407894
2022-12-26 19:00:00+00:00,5.170623788113674,119.5,20.93,0.014028981619896769
2022-12-26 20:00:00+00:00,4.837035156622469,117.0,20.61,0.008504031790338215
2022-12-26 21:00:00+00:00,4.545145104067665,113.4,20.56,0.005060346808923484
2022-12-26 22:00:00+00:00,4.239355525200727,109.0,20.45,0.0026113205918682114
2022-12-26 23:00:00+00:00,4.267154577824994,105.5,20.3,0.002791009163336437
2022-12-27 00:00:00+00:00,4.6007432093161995,103.8,20.19,0.005626489025085531
2022-12-27 01:00:00+00:00,5.448614314356345,103.3,20.3,0.02013880161320679
2022-12-27 02:00:00+00:00,7.700337576921977,106.6,21.87,0.14244907109666421
2022-12-27 03:00:00+00:00,8.395313892528653,107.6,24.28,0.21543815495346216
2022-12-27 04:00:00+00:00,8.242419103095184,105.0,26.84,0.1976367411577168
2022-12-27 05:00:00+00:00,7.783734734794778,102.4,28.93,0.15016673554645646
2022-12-27 06:00:00+00:00,7.283351787557971,101.4,30.31,0.10780122694647802
2022-12-27 07:00:00+00:00,6.7551697876968975,102.0,31.19,0.07263755313040274
2022-12-27 08:00:00+00:00,6.115791577338754,103.1,31.56,0.04149327063112731
2022-12-27 09:00:00+00:00,5.559810524853413,103.1,31.42,0.023008904036693503
2022-12-27 10:00:00+00:00,5.11502568286514,101.8,30.7,0.012978347784483516
2022-12-27 11:00:00+00:00,4.461747946194864,100.4,29.28,0.004284399388135919
2022-12-27 12:00:00+00:00,3.0161972097329763,102.2,26.08,5.82898703062398e-09
2022-12-27 13:00:00+00:00,3.488781104345516,104.5,24.72,0.0001601827320135531
2022-12-27 14:00:00+00:00,3.7667716305881873,107.2,24.03,0.000618401565641259
2022-12-27 15:00:00+00:00,3.989164051582324,111.7,23.26,0.0013276311875834244
2022-12-27 16:00:00+00:00,4.12815931470366,117.0,22.42,0.001969626016918578
2022-12-27 17:00:00+00:00,4.183757419952193,121.7,21.76,0.0022754149878147487
2022-12-27 18:00:00+00:00,4.21155647257646,126.0,21.19,0.0024395148042953133
2022-12-27 19:00:00+00:00,4.253255051512861,128.9,20.67,0.002700168478815222
2022-12-27 20:00:00+00:00,4.0169631042065905,129.0,20.12,0.0014427399649018734
2022-12-27 21:00:00+00:00,3.711173525339653,127.4,19.61,0.0004934000786581087
2022-12-27 22:00:00+00:00,3.6138768411547186,124.7,19.44,0.0003173337184659358
2022-12-27 23:00:00+00:00,3.26638868335138,121.8,19.38,2.593103107544525e-05
2022-12-28 00:00:00+00:00,2.974498630796576,118.1,19.23,0.0
2022-12-28 01:00:00+00:00,3.1273934202300446,113.3,19.43,2.83604726549443e-06
2022-12-28 02:00:00+00:00,5.101126156553006,113.4,21.62,0.01272415232162491
2022-12-28 03:00:00+00:00,5.504212419604879,111.5,24.64,0.0215419972920859
2022-12-28 04:00:00+00:00,5.5876095774776795,100.0,27.56,0.02376669109065298
2022-12-28 05:00:00+00:00,5.601509103789814,91.3,29.75,0.024151745393648
2022-12-28 06:00:00+00:00,5.254020945986475,87.3,31.23,0.015708919500994498
2022-12-28 07:00:00+00:00,4.614642735628332,85.3,32.15,0.005774332669084107
2022-12-28 08:00:00+00:00,3.989164051582324,82.6,32.58,0.0013276311875834244
2022-12-28 09:00:00+00:00,3.5999773148425844,78.6,32.49,0.00029626268992632233
2022-12-28 10:00:00+00:00,3.474881578033383,73.2,31.82,0.00014690224706933659
2022-12-28 11:00:00+00:00,2.905000999235908,71.6,30.22,0.0
2022-12-28 12:00:00+00:00,2.8911014729237747,76.6,26.59,0.0
2022-12-28 13:00:00+00:00,3.433182999096983,82.1,25.2,0.00011150303355417385
2022-12-28 14:00:00+00:00,3.6138768411547186,87.4,24.65,0.0003173337184659358
2022-12-28 15:00:00+00:00,3.669474946403253,91.7,23.92,0.00041160008819737294
2022-12-28 16:00:00+00:00,3.6138768411547186,96.2,23.18,0.0003173337184659358
2022-12-28 17:00:00+00:00,3.5304796832819174,102.9,22.21,0.00020477585056895208
2022-12-28 18:00:00+00:00,3.474881578033383,112.6,21.07,0.00014690224706933659
2022-12-28 19:00:00+00:00,3.2802882096635133,122.5,20.25,3.0205564761644622e-05
2022-12-28 20:00:00+00:00,3.0995943676057776,130.5,19.57,1.3551170407727066e-06
2022-12-28 21:00:00+00:00,2.9883981571087093,137.8,18.96,0.0
2022-12-28 22:00:00+00:00,2.877201946611641,143.2,18.41,0.0
2022-12-28 23:00:00+00:00,2.849402893987374,145.1,17.92,0.0
2022-12-29 00:00:00+00:00,2.696508104553905,145.5,17.78,0.0
2022-12-29 01:00:00+00:00,2.696508104553905,145.7,18.24,0.0
2022-12-29 02:00:00+00:00,3.7389725779639202,145.3,20.54,0.0005535507454290738
2022-12-29 03:00:00+00:00,4.072561209455126,138.0,24.42,0.0016925391767556356
2022-12-29 04:00:00+00:00,4.3366522093856625,118.9,27.52,0.0032758781055688304
2022-12-29 05:00:00+00:00,4.572944156691932,101.8,29.54,0.005338415648238799
2022-12-29 06:00:00+00:00,4.6424417882526,92.7,30.87,0.006077744376233591
2022-12-29 07:00:00+00:00,4.517346051443398,87.2,31.68,0.004792105694336564
2022-12-29 08:00:00+00:00,4.281054104137128,81.6,32.03,0.002883864747032247
2022-12-29 09:00:00+00:00,4.197656946264327,76.4,31.89,0.0023565127004686816
2022-12-29 10:00:00+00:00,4.21155647257646,72.5,30.91,0.0024395148042953133
2022-12-29 11:00:00+00:00,3.4192834727848487,70.3,29.38,0.00010111037082036194
2022-12-29 12:00:00+00:00,2.974498630796576,74.9,26.2,0.0
2022-12-29 13:00:00+00:00,3.433182999096983,80.7,25.03,0.00011150303355417385
2022-12-29 14:00:00+00:00,3.655575420091119,88.0,24.32,0.0003864919542278135
2022-12-29 15:00:00+00:00,3.711173525339653,97.3,23.83,0.0004934000786581087
2022-12-29 16:00:00+00:00,3.780671156900321,106.9,22.89,0.0006526447872887494
2022-12-29 17:00:00+00:00,3.7945706832124544,114.9,21.68,0.0006881293520976709
2022-12-29 18:00:00+00:00,3.683374472715386,122.4,20.79,0.00043777275252535725
2022-12-29 19:00:00+00:00,3.5304796832819174,129.1,20.05,0.00020477585056895208
2022-12-29 20:00:00+00:00,3.2802882096635133,133.5,19.3,3.0205564761644622e-05
2022-12-29 21:00:00+00:00,3.002297683420843,135.6,18.59,1.6639606180337144e-11
2022-12-29 22:00:00+00:00,2.7938047887388398,135.4,17.92,0.0
2022-12-29 23:00:00+00:00,2.6826085782417715,134.8,17.42,0.0
2022-12-30 00:00:00+00:00,2.5714123677447036,134.6,17.35,0.0
2022-12-30 01:00:00+00:00,2.849402893987374,133.8,17.68,0.0
2022-12-30 02:00:00+00:00,3.5304796832819174,129.7,19.44,0.00020477585056895208
2022-12-30 03:00:00+00:00,3.6138768411547186,118.7,23.27,0.0003173337184659358
2022-12-30 04:00:00+00:00,4.350551735697795,110.2,27.09,0.0033791397091431905
2022-12-30 05:00:00+00:00,4.281054104137128,103.1,29.1,0.002883864747032247
2022-12-30 06:00:00+00:00,4.12815931470366,99.3,30.56,0.001969626016918578
2022-12-30 07:00:00+00:00,3.891867367397389,98.4,31.43,0.0009731354487117983
2022-12-30 08:00:00+00:00,3.683374472715386,99.1,31.86,0.00043777275252535725
2022-12-30 09:00:00+00:00,3.5026806306576503,97.7,31.74,0.00017424042651131133
2022-12-30 10:00:00+00:00,3.3914844201605816,93.8,31.02,8.230304840734889e-05
2022-12-30 11:00:00+00:00,2.8077043150509735,90.0,29.41,0.0
2022-12-30 12:00:00+00:00,2.6270104729932373,89.1,25.94,0.0
2022-12-30 13:00:00+00:00,3.141292946542178,89.7,24.36,3.869313493322774e-06
2022-12-30 14:00:00+00:00,3.4470825254091157,93.0,23.25,0.00012258449944002242
2022-12-30 15:00:00+00:00,3.6138768411547186,100.9,22.29,0.0003173337184659358
2022-12-30 16:00:00+00:00,3.655575420091119,111.2,21.32,0.0003864919542278135
2022-12-30 17:00:00+00:00,3.5443792095940503,122.2,20.46,0.00022129778332958595
2022-12-30 18:00:00+00:00,3.4192834727848487,134.0,19.63,0.00010111037082036194
2022-12-30 19:00:00+00:00,3.294187735975647,146.4,18.8,3.492578399574811e-05
2022-12-30 20:00:00+00:00,3.1551924728543117,157.7,18.0,5.127249265297204e-06
2022-12-30 21:00:00+00:00,2.946699578172309,167.5,17.27,0.0
2022-12-30 22:00:00+00:00,2.7243071571781723,175.0,16.69,0.0
2022-12-30 23:00:00+00:00,2.5436133151204365,180.3,16.18,0.0
2022-12-31 00:00:00+00:00,2.4324171046233682,182.6,15.74,0.0
2022-12-31 01:00:00+00:00,2.279522315189899,182.8,15.66,0.0
2022-12-31 02:00:00+00:00,2.849402893987374,182.0,18.05,0.0
2022-12-31 03:00:00+00:00,2.2378237362534987,168.2,21.33,0.0
2022-12-31 04:00:00+00:00,2.3351204204384333,137.2,26.55,0.0
2022-12-31 05:00:00+00:00,1.959833210010828,104.3,29.06,0.0
2022-12-31 06:00:00+00:00,1.8069384205773593,75.7,30.34,0.0
2022-12-31 07:00:00+00:00,1.9181346310744274,49.7,31.21,0.0
2022-12-31 08:00:00+00:00,2.1683261046928313,32.5,31.7,0.0
2022-12-31 09:00:00+00:00,2.3351204204384333,28.4,31.62,0.0
2022-12-31 10:00:00+00:00,2.293421841502033,34.4,31.01,0.0
2022-12-31 11:00:00+00:00,1.84863699951376,46.8,29.47,0.0
2022-12-31 12:00:00+00:00,1.9459336836986945,66.4,26.63,0.0
2022-12-31 13:00:00+00:00,2.293421841502033,75.6,25.24,0.0
2022-12-31 14:00:00+00:00,2.4880152098719024,77.1,24.09,0.0
2022-12-31 15:00:00+00:00,2.376818999374834,76.5,23.09,0.0
2022-12-31 16:00:00+00:00,1.987632262635095,76.3,22.23,0.0
2022-12-31 17:00:00+00:00,1.487249315398288,77.5,21.52,0.0
2022-12-31 18:00:00+00:00,0.9590673155372137,85.0,20.76,0.0
2022-12-31 19:00:00+00:00,0.5003829472368071,105.9,20.01,0.0
2022-12-31 20:00:00+00:00,0.16679431574560238,180.0,19.21,0.0
2022-12-31 21:00:00+00:00,0.3752872104276054,291.8,18.43,0.0
2022-12-31 22:00:00+00:00,0.7783734734794778,325.2,17.98,0.0
2022-12-31 23:00:00+00:00,1.2370578417798843,343.6,17.64,0.0
